Project_ID,Phase_Num,Phase_Name,Cumulative_Delay_Days,Cumulative_Cost_Overrun_Cr,Project_Type,Voltage_Level,Project_Location,Project_Size,Contract_Type,Planned_Duration,Total_Budget_Cr,Start_Date,Engg_%Complete,Engg_Planned_Days,Engg_Actual_Days,Engg_Planned_Cost_Cr,Engg_Actual_Cost_Cr,DPR_Status,Design_Changes,ROW_%Complete,ROW_Planned_Days,ROW_Actual_Days,ROW_Planned_Cost_Cr,ROW_Actual_Cost_Cr,Forest_Clearance,Statutory_Approvals,Supply_%Complete,Supply_Planned_Days,Supply_Actual_Days,Supply_Planned_Cost_Cr,Supply_Actual_Cost_Cr,Orders_Placed,Equip_Delivery_Status,Civil_%Complete,Civil_Planned_Days,Civil_Actual_Days,Civil_Planned_Cost_Cr,Civil_Actual_Cost_Cr,Foundations_Complete,Site_Access,Erection_%Complete,Erection_Planned_Days,Erection_Actual_Days,Erection_Planned_Cost_Cr,Erection_Actual_Cost_Cr,Towers_Erected_Pct,Structures_Complete,Stringing_%Complete,Stringing_Planned_Days,Stringing_Actual_Days,Stringing_Planned_Cost_Cr,Stringing_Actual_Cost_Cr,Conductor_Strung_Pct,Terrain_Type,Testing_%Complete,Testing_Planned_Days,Testing_Actual_Days,Testing_Planned_Cost_Cr,Testing_Actual_Cost_Cr,Trial_Run_Status,DOCO_Date,
Khammam-Nagarjunasagar-400kV-TBCB,1,Planning/Engineering,-2,0.7,Line,400kV,Telangana and Andhra Pradesh,288.84,TBCB,24,285,01-04-2013,100,90,88,28.5,29.2,Approved,0,,,,,,,,,,,,,,,,,,,,,,,,,,,,,,,,,,,,,,,,,,,
Khammam-Nagarjunasagar-400kV-TBCB,2,Approvals & ROW,10,7.95,Line,400kV,Telangana and Andhra Pradesh,288.84,TBCB,24,285,01-04-2013,100,90,88,28.5,29.2,Approved,0,100,150,162,42.75,48.95,1,Complete,,,,,,,,,,,,,,,,,,,,,,,,,,,,,,,,,,,,
Khammam-Nagarjunasagar-400kV-TBCB,3,Procurement/Supply,13,11.18,Line,400kV,Telangana and Andhra Pradesh,288.84,TBCB,24,285,01-04-2013,100,90,88,28.5,29.2,Approved,0,100,150,162,42.75,48.95,1,Complete,100,75,78,71.25,75.23,1,OnTime,,,,,,,,,,,,,,,,,,,,,,,,,,,,,
Khammam-Nagarjunasagar-400kV-TBCB,4,Site Preparation/Civil,26,22.54,Line,400kV,Telangana and Andhra Pradesh,288.84,TBCB,24,285,01-04-2013,100,90,88,28.5,29.2,Approved,0,100,150,162,42.75,48.95,1,Complete,100,75,78,71.25,75.23,1,OnTime,100,85,98,42.75,52.36,92,1,,,,,,,,,,,,,,,,,,,,,,
Khammam-Nagarjunasagar-400kV-TBCB,5,Erection/Construction,41,35.85,Line,400kV,Telangana and Andhra Pradesh,288.84,TBCB,24,285,01-04-2013,100,90,88,28.5,29.2,Approved,0,100,150,162,42.75,48.95,1,Complete,100,75,78,71.25,75.23,1,OnTime,100,85,98,42.75,52.36,92,1,100,110,125,57,65.31,98,1,,,,,,,,,,,,,,,
Khammam-Nagarjunasagar-400kV-TBCB,6,Stringing/Cabling,45,39.2,Line,400kV,Telangana and Andhra Pradesh,288.84,TBCB,24,285,01-04-2013,100,90,88,28.5,29.2,Approved,0,100,150,162,42.75,48.95,1,Complete,100,75,78,71.25,75.23,1,OnTime,100,85,98,42.75,52.36,92,1,100,110,125,57,65.31,98,1,100,80,84,28.5,31.35,97,Mixed,,,,,,,,
Khammam-Nagarjunasagar-400kV-TBCB,7,Testing & Commissioning,47,40.88,Line,400kV,Telangana and Andhra Pradesh,288.84,TBCB,24,285,01-04-2013,100,90,88,28.5,29.2,Approved,0,100,150,162,42.75,48.95,1,Complete,100,75,78,71.25,75.23,1,OnTime,100,85,98,42.75,52.36,92,1,100,110,125,57,65.31,98,1,100,80,84,28.5,31.35,97,Mixed,100,45,47,14.25,15.68,Successful,31-12-2015,
Purnea-Biharshariff-400kV-DC-Line,1,Planning/Engineering,5,8,Line,400kV,"Bihar, Purnia to Biharsharif",210,EPC,36,500,01-03-2010,100,90,95,50,58,Approved,1,,,,,,,,,,,,,,,,,,,,,,,,,,,,,,,,,,,,,,,,,,,
Purnea-Biharshariff-400kV-DC-Line,2,Approvals & ROW,53,51,Line,400kV,"Bihar, Purnia to Biharsharif",210,EPC,36,500,01-03-2010,100,90,95,50,58,Approved,1,100,150,198,75,118,1,Complete,,,,,,,,,,,,,,,,,,,,,,,,,,,,,,,,,,,,
Purnea-Biharshariff-400kV-DC-Line,3,Procurement/Supply,60,88,Line,400kV,"Bihar, Purnia to Biharsharif",210,EPC,36,500,01-03-2010,100,90,95,50,58,Approved,1,100,150,198,75,118,1,Complete,100,75,82,125,162,1,Delayed,,,,,,,,,,,,,,,,,,,,,,,,,,,,,
Purnea-Biharshariff-400kV-DC-Line,4,Site Preparation/Civil,105,133,Line,400kV,"Bihar, Purnia to Biharsharif",210,EPC,36,500,01-03-2010,100,90,95,50,58,Approved,1,100,150,198,75,118,1,Complete,100,75,82,125,162,1,Delayed,100,100,145,75,105,92,1,,,,,,,,,,,,,,,,,,,,,,
Purnea-Biharshariff-400kV-DC-Line,5,Erection/Construction,153,171,Line,400kV,"Bihar, Purnia to Biharsharif",210,EPC,36,500,01-03-2010,100,90,95,50,58,Approved,1,100,150,198,75,118,1,Complete,100,75,82,125,162,1,Delayed,100,100,145,75,105,92,1,100,120,168,100,138,96,1,,,,,,,,,,,,,,,
Purnea-Biharshariff-400kV-DC-Line,6,Stringing/Cabling,166,183,Line,400kV,"Bihar, Purnia to Biharsharif",210,EPC,36,500,01-03-2010,100,90,95,50,58,Approved,1,100,150,198,75,118,1,Complete,100,75,82,125,162,1,Delayed,100,100,145,75,105,92,1,100,120,168,100,138,96,1,100,85,98,50,62,98,Flat,,,,,,,,
Purnea-Biharshariff-400kV-DC-Line,7,Testing & Commissioning,173,191,Line,400kV,"Bihar, Purnia to Biharsharif",210,EPC,36,500,01-03-2010,100,90,95,50,58,Approved,1,100,150,198,75,118,1,Complete,100,75,82,125,162,1,Delayed,100,100,145,75,105,92,1,100,120,168,100,138,96,1,100,85,98,50,62,98,Flat,100,45,52,25,28,Successful,15-11-2013,
Scheme for enabling import of NER/ER surplus by NR : Bongaigaon – Siliguri 400 kV D/C line,1,Planning/Engineering,-5,1,Line,400kV,"Assam, Bongaigaon; West Bengal, Siliguri",225,TBCB,30,350,01-12-2021,100,90,85,35,36,Approved,0,,,,,,,,,,,,,,,,,,,,,,,,,,,,,,,,,,,,,,,,,,,
Scheme for enabling import of NER/ER surplus by NR : Bongaigaon – Siliguri 400 kV D/C line,2,Approvals & ROW,10,14,Line,400kV,"Assam, Bongaigaon; West Bengal, Siliguri",225,TBCB,30,350,01-12-2021,100,90,85,35,36,Approved,0,100,150,165,52.5,65,1,Complete,,,,,,,,,,,,,,,,,,,,,,,,,,,,,,,,,,,,
Scheme for enabling import of NER/ER surplus by NR : Bongaigaon – Siliguri 400 kV D/C line,3,Procurement/Supply,12,17,Line,400kV,"Assam, Bongaigaon; West Bengal, Siliguri",225,TBCB,30,350,01-12-2021,100,90,85,35,36,Approved,0,100,150,165,52.5,65,1,Complete,100,60,62,87.5,90,1,OnTime,,,,,,,,,,,,,,,,,,,,,,,,,,,,,
Scheme for enabling import of NER/ER surplus by NR : Bongaigaon – Siliguri 400 kV D/C line,4,Site Preparation/Civil,27,33,Line,400kV,"Assam, Bongaigaon; West Bengal, Siliguri",225,TBCB,30,350,01-12-2021,100,90,85,35,36,Approved,0,100,150,165,52.5,65,1,Complete,100,60,62,87.5,90,1,OnTime,100,90,105,52.5,62,95,1,,,,,,,,,,,,,,,,,,,,,,
Scheme for enabling import of NER/ER surplus by NR : Bongaigaon – Siliguri 400 kV D/C line,5,Erection/Construction,32,38,Line,400kV,"Assam, Bongaigaon; West Bengal, Siliguri",225,TBCB,30,350,01-12-2021,100,90,85,35,36,Approved,0,100,150,165,52.5,65,1,Complete,100,60,62,87.5,90,1,OnTime,100,90,105,52.5,62,95,1,100,120,125,70,75,98,1,,,,,,,,,,,,,,,
Scheme for enabling import of NER/ER surplus by NR : Bongaigaon – Siliguri 400 kV D/C line,6,Stringing/Cabling,29,37,Line,400kV,"Assam, Bongaigaon; West Bengal, Siliguri",225,TBCB,30,350,01-12-2021,100,90,85,35,36,Approved,0,100,150,165,52.5,65,1,Complete,100,60,62,87.5,90,1,OnTime,100,90,105,52.5,62,95,1,100,120,125,70,75,98,1,100,75,72,35,34,99,Flat,,,,,,,,
Scheme for enabling import of NER/ER surplus by NR : Bongaigaon – Siliguri 400 kV D/C line,7,Testing & Commissioning,26,37,Line,400kV,"Assam, Bongaigaon; West Bengal, Siliguri",225,TBCB,30,350,01-12-2021,100,90,85,35,36,Approved,0,100,150,165,52.5,65,1,Complete,100,60,62,87.5,90,1,OnTime,100,90,105,52.5,62,95,1,100,120,125,70,75,98,1,100,75,72,35,34,99,Flat,100,45,42,17.5,17,Successful,15-11-2024,
System strengthening common for WR and NR : Dhramjaygarh–Jabalpur 765 kV D/C lines,1,Planning/Engineering,-2,2,Line,765kV,"Chhattisgarh, Raigarh; Madhya Pradesh, Jabalpur",379,EPC,30,320,01-01-2024,100,90,88,32,34,Approved,0,,,,,,,,,,,,,,,,,,,,,,,,,,,,,,,,,,,,,,,,,,,
System strengthening common for WR and NR : Dhramjaygarh–Jabalpur 765 kV D/C lines,2,Approvals & ROW,43,74,Line,765kV,"Chhattisgarh, Raigarh; Madhya Pradesh, Jabalpur",379,EPC,30,320,01-01-2024,100,90,88,32,34,Approved,0,100,150,195,48,72,1,Complete,,,,,,,,,,,,,,,,,,,,,,,,,,,,,,,,,,,,
System strengthening common for WR and NR : Dhramjaygarh–Jabalpur 765 kV D/C lines,3,Procurement/Supply,45,130,Line,765kV,"Chhattisgarh, Raigarh; Madhya Pradesh, Jabalpur",379,EPC,30,320,01-01-2024,100,90,88,32,34,Approved,0,100,150,195,48,72,1,Complete,100,70,72,80,88,1,Delayed,,,,,,,,,,,,,,,,,,,,,,,,,,,,,
System strengthening common for WR and NR : Dhramjaygarh–Jabalpur 765 kV D/C lines,4,Site Preparation/Civil,70,158,Line,765kV,"Chhattisgarh, Raigarh; Madhya Pradesh, Jabalpur",379,EPC,30,320,01-01-2024,100,90,88,32,34,Approved,0,100,150,195,48,72,1,Complete,100,70,72,80,88,1,Delayed,100,100,125,48,60,96,1,,,,,,,,,,,,,,,,,,,,,,
System strengthening common for WR and NR : Dhramjaygarh–Jabalpur 765 kV D/C lines,5,Erection/Construction,85,184,Line,765kV,"Chhattisgarh, Raigarh; Madhya Pradesh, Jabalpur",379,EPC,30,320,01-01-2024,100,90,88,32,34,Approved,0,100,150,195,48,72,1,Complete,100,70,72,80,88,1,Delayed,100,100,125,48,60,96,1,100,120,135,64,70,97,1,,,,,,,,,,,,,,,
System strengthening common for WR and NR : Dhramjaygarh–Jabalpur 765 kV D/C lines,6,Stringing/Cabling,87,185,Line,765kV,"Chhattisgarh, Raigarh; Madhya Pradesh, Jabalpur",379,EPC,30,320,01-01-2024,100,90,88,32,34,Approved,0,100,150,195,48,72,1,Complete,100,70,72,80,88,1,Delayed,100,100,125,48,60,96,1,100,120,135,64,70,97,1,100,80,82,32,33,98,Forest,,,,,,,,
System strengthening common for WR and NR : Dhramjaygarh–Jabalpur 765 kV D/C lines,7,Testing & Commissioning,88,186,Line,765kV,"Chhattisgarh, Raigarh; Madhya Pradesh, Jabalpur",379,EPC,30,320,01-01-2024,100,90,88,32,34,Approved,0,100,150,195,48,72,1,Complete,100,70,72,80,88,1,Delayed,100,100,125,48,60,96,1,100,120,135,64,70,97,1,100,80,82,32,33,98,Forest,100,45,46,16,17,Successful,15-10-2025,
System strengthening common for WR and NR : Jabalpur–Bina 765 kV S/C line,1,Planning/Engineering,2,3,Line,765kV,"Madhya Pradesh, Jabalpur-Sagar",236,EPC,30,350,01-07-2012,100,90,92,35,38,Approved,1,,,,,,,,,,,,,,,,,,,,,,,,,,,,,,,,,,,,,,,,,,,
System strengthening common for WR and NR : Jabalpur–Bina 765 kV S/C line,2,Approvals & ROW,62,48,Line,765kV,"Madhya Pradesh, Jabalpur-Sagar",236,EPC,30,350,01-07-2012,100,90,92,35,38,Approved,1,100,150,210,52.5,85,1,Complete,,,,,,,,,,,,,,,,,,,,,,,,,,,,,,,,,,,,
System strengthening common for WR and NR : Jabalpur–Bina 765 kV S/C line,3,Procurement/Supply,67,59,Line,765kV,"Madhya Pradesh, Jabalpur-Sagar",236,EPC,30,350,01-07-2012,100,90,92,35,38,Approved,1,100,150,210,52.5,85,1,Complete,100,70,75,87.5,98,1,Delayed,,,,,,,,,,,,,,,,,,,,,,,,,,,,,
System strengthening common for WR and NR : Jabalpur–Bina 765 kV S/C line,4,Site Preparation/Civil,87,75,Line,765kV,"Madhya Pradesh, Jabalpur-Sagar",236,EPC,30,350,01-07-2012,100,90,92,35,38,Approved,1,100,150,210,52.5,85,1,Complete,100,70,75,87.5,98,1,Delayed,100,90,110,52.5,68,95,1,,,,,,,,,,,,,,,,,,,,,,
System strengthening common for WR and NR : Jabalpur–Bina 765 kV S/C line,5,Erection/Construction,102,87,Line,765kV,"Madhya Pradesh, Jabalpur-Sagar",236,EPC,30,350,01-07-2012,100,90,92,35,38,Approved,1,100,150,210,52.5,85,1,Complete,100,70,75,87.5,98,1,Delayed,100,90,110,52.5,68,95,1,100,120,135,70,82,96,1,,,,,,,,,,,,,,,
System strengthening common for WR and NR : Jabalpur–Bina 765 kV S/C line,6,Stringing/Cabling,104,91,Line,765kV,"Madhya Pradesh, Jabalpur-Sagar",236,EPC,30,350,01-07-2012,100,90,92,35,38,Approved,1,100,150,210,52.5,85,1,Complete,100,70,75,87.5,98,1,Delayed,100,90,110,52.5,68,95,1,100,120,135,70,82,96,1,100,80,82,35,39,98,Flat,,,,,,,,
System strengthening common for WR and NR : Jabalpur–Bina 765 kV S/C line,7,Testing & Commissioning,105,93,Line,765kV,"Madhya Pradesh, Jabalpur-Sagar",236,EPC,30,350,01-07-2012,100,90,92,35,38,Approved,1,100,150,210,52.5,85,1,Complete,100,70,75,87.5,98,1,Delayed,100,90,110,52.5,68,95,1,100,120,135,70,82,96,1,100,80,82,35,39,98,Flat,100,45,46,17.5,19,Successful,01-07-2015,
System strengthening for WR : 2x1500 MVA 765/400 kV s/s at Bhopal,1,Planning/Engineering,-2,1.4,Substation,765kV,"Madhya Pradesh, Bhopal",3000,EPC,24,350,01-01-2024,100,90,88,35,36.4,Approved,0,,,,,,,,,,,,,,,,,,,,,,,,,,,,,,,,,,,,,,,,,,,
System strengthening for WR : 2x1500 MVA 765/400 kV s/s at Bhopal,2,Approvals & ROW,43,82.75,Substation,765kV,"Madhya Pradesh, Bhopal",3000,EPC,24,350,01-01-2024,100,90,88,35,36.4,Approved,0,100,150,195,52.5,78.75,0,Complete,,,,,,,,,,,,,,,,,,,,,,,,,,,,,,,,,,,,
System strengthening for WR : 2x1500 MVA 765/400 kV s/s at Bhopal,3,Procurement/Supply,45,87.85,Substation,765kV,"Madhya Pradesh, Bhopal",3000,EPC,24,350,01-01-2024,100,90,88,35,36.4,Approved,0,100,150,195,52.5,78.75,0,Complete,100,70,72,87.5,92.6,1,Delayed,,,,,,,,,,,,,,,,,,,,,,,,,,,,,
System strengthening for WR : 2x1500 MVA 765/400 kV s/s at Bhopal,4,Site Preparation/Civil,60,99.35,Substation,765kV,"Madhya Pradesh, Bhopal",3000,EPC,24,350,01-01-2024,100,90,88,35,36.4,Approved,0,100,150,195,52.5,78.75,0,Complete,100,70,72,87.5,92.6,1,Delayed,100,90,105,52.5,64.1,95,1,,,,,,,,,,,,,,,,,,,,,,
System strengthening for WR : 2x1500 MVA 765/400 kV s/s at Bhopal,5,Erection/Construction,72,105.35,Substation,765kV,"Madhya Pradesh, Bhopal",3000,EPC,24,350,01-01-2024,100,90,88,35,36.4,Approved,0,100,150,195,52.5,78.75,0,Complete,100,70,72,87.5,92.6,1,Delayed,100,90,105,52.5,64.1,95,1,100,120,132,70,77,98,1,,,,,,,,,,,,,,,
System strengthening for WR : 2x1500 MVA 765/400 kV s/s at Bhopal,6,Stringing/Cabling,74,106.75,Substation,765kV,"Madhya Pradesh, Bhopal",3000,EPC,24,350,01-01-2024,100,90,88,35,36.4,Approved,0,100,150,195,52.5,78.75,0,Complete,100,70,72,87.5,92.6,1,Delayed,100,90,105,52.5,64.1,95,1,100,120,132,70,77,98,1,100,80,82,35,36.4,97,Flat,,,,,,,,
System strengthening for WR : 2x1500 MVA 765/400 kV s/s at Bhopal,7,Testing & Commissioning,75,107.5,Substation,765kV,"Madhya Pradesh, Bhopal",3000,EPC,24,350,01-01-2024,100,90,88,35,36.4,Approved,0,100,150,195,52.5,78.75,0,Complete,100,70,72,87.5,92.6,1,Delayed,100,90,105,52.5,64.1,95,1,100,120,132,70,77,98,1,100,80,82,35,36.4,97,Flat,100,45,46,17.5,18.25,Successful,15-12-2025,
System strengthening for WR : 2x1500 MVA 765/400 kV s/s at Dhule,1,Planning/Engineering,-2,1.4,Substation,765kV,"Maharashtra, Dhule",3000,TBCB,28,280,15-02-2010,100,90,88,28,29.4,Approved,1,,,,,,,,,,,,,,,,,,,,,,,,,,,,,,,,,,,,,,,,,,,
System strengthening for WR : 2x1500 MVA 765/400 kV s/s at Dhule,2,Approvals & ROW,13,18.2,Substation,765kV,"Maharashtra, Dhule",3000,TBCB,28,280,15-02-2010,100,90,88,28,29.4,Approved,1,100,150,165,42,58.8,1,Complete,,,,,,,,,,,,,,,,,,,,,,,,,,,,,,,,,,,,
System strengthening for WR : 2x1500 MVA 765/400 kV s/s at Dhule,3,Procurement/Supply,15,25.2,Substation,765kV,"Maharashtra, Dhule",3000,TBCB,28,280,15-02-2010,100,90,88,28,29.4,Approved,1,100,150,165,42,58.8,1,Complete,100,70,72,70,77,1,OnTime,,,,,,,,,,,,,,,,,,,,,,,,,,,,,
System strengthening for WR : 2x1500 MVA 765/400 kV s/s at Dhule,4,Site Preparation/Civil,33,40.48,Substation,765kV,"Maharashtra, Dhule",3000,TBCB,28,280,15-02-2010,100,90,88,28,29.4,Approved,1,100,150,165,42,58.8,1,Complete,100,70,72,70,77,1,OnTime,100,90,108,42,56.28,92,1,,,,,,,,,,,,,,,,,,,,,,
System strengthening for WR : 2x1500 MVA 765/400 kV s/s at Dhule,5,Erection/Construction,41,47.68,Substation,765kV,"Maharashtra, Dhule",3000,TBCB,28,280,15-02-2010,100,90,88,28,29.4,Approved,1,100,150,165,42,58.8,1,Complete,100,70,72,70,77,1,OnTime,100,90,108,42,56.28,92,1,100,120,128,56,67.2,98,1,,,,,,,,,,,,,,,
System strengthening for WR : 2x1500 MVA 765/400 kV s/s at Dhule,6,Stringing/Cabling,41,47.68,Substation,765kV,"Maharashtra, Dhule",3000,TBCB,28,280,15-02-2010,100,90,88,28,29.4,Approved,1,100,150,165,42,58.8,1,Complete,100,70,72,70,77,1,OnTime,100,90,108,42,56.28,92,1,100,120,128,56,67.2,98,1,100,0,0,0,0,100,Flat,,,,,,,,
System strengthening for WR : 2x1500 MVA 765/400 kV s/s at Dhule,7,Testing & Commissioning,38,48.38,Substation,765kV,"Maharashtra, Dhule",3000,TBCB,28,280,15-02-2010,100,90,88,28,29.4,Approved,1,100,150,165,42,58.8,1,Complete,100,70,72,70,77,1,OnTime,100,90,108,42,56.28,92,1,100,120,128,56,67.2,98,1,100,0,0,0,0,100,Flat,100,45,42,14,14.7,Successful,06-12-2014,
System strengthening for WR : Aurangabad–Dhule 765 kV S/C line,1,Planning/Engineering,-2,1,Line,765kV,"Maharashtra, Aurangabad-Dhule",192,EPC,24,350,01-01-2024,100,90,88,35,36,Approved,0,,,,,,,,,,,,,,,,,,,,,,,,,,,,,,,,,,,,,,,,,,,
System strengthening for WR : Aurangabad–Dhule 765 kV S/C line,2,Approvals & ROW,28,82.75,Line,765kV,"Maharashtra, Aurangabad-Dhule",192,EPC,24,350,01-01-2024,100,90,88,35,36,Approved,0,100,150,180,52.5,78.75,1,Complete,,,,,,,,,,,,,,,,,,,,,,,,,,,,,,,,,,,,
System strengthening for WR : Aurangabad–Dhule 765 kV S/C line,3,Procurement/Supply,30,179,Line,765kV,"Maharashtra, Aurangabad-Dhule",192,EPC,24,350,01-01-2024,100,90,88,35,36,Approved,0,100,150,180,52.5,78.75,1,Complete,100,70,72,87.5,96.25,1,Delayed,,,,,,,,,,,,,,,,,,,,,,,,,,,,,
System strengthening for WR : Aurangabad–Dhule 765 kV S/C line,4,Site Preparation/Civil,45,189.5,Line,765kV,"Maharashtra, Aurangabad-Dhule",192,EPC,24,350,01-01-2024,100,90,88,35,36,Approved,0,100,150,180,52.5,78.75,1,Complete,100,70,72,87.5,96.25,1,Delayed,100,90,105,52.5,63,95,1,,,,,,,,,,,,,,,,,,,,,,
System strengthening for WR : Aurangabad–Dhule 765 kV S/C line,5,Erection/Construction,55,195.5,Line,765kV,"Maharashtra, Aurangabad-Dhule",192,EPC,24,350,01-01-2024,100,90,88,35,36,Approved,0,100,150,180,52.5,78.75,1,Complete,100,70,72,87.5,96.25,1,Delayed,100,90,105,52.5,63,95,1,100,120,130,70,77,98,1,,,,,,,,,,,,,,,
System strengthening for WR : Aurangabad–Dhule 765 kV S/C line,6,Stringing/Cabling,57,196.9,Line,765kV,"Maharashtra, Aurangabad-Dhule",192,EPC,24,350,01-01-2024,100,90,88,35,36,Approved,0,100,150,180,52.5,78.75,1,Complete,100,70,72,87.5,96.25,1,Delayed,100,90,105,52.5,63,95,1,100,120,130,70,77,98,1,100,80,82,35,36.4,97,Flat,,,,,,,,
System strengthening for WR : Aurangabad–Dhule 765 kV S/C line,7,Testing & Commissioning,58,197.15,Line,765kV,"Maharashtra, Aurangabad-Dhule",192,EPC,24,350,01-01-2024,100,90,88,35,36,Approved,0,100,150,180,52.5,78.75,1,Complete,100,70,72,87.5,96.25,1,Delayed,100,90,105,52.5,63,95,1,100,120,130,70,77,98,1,100,80,82,35,36.4,97,Flat,100,45,46,17.5,18.25,Successful,15-12-2024,
System strengthening for WR : Bhopal–Indore 765 kV S/C line,1,Planning/Engineering,-5,2,Line,765kV,"Madhya Pradesh, Bhopal-Indore",180,EPC,24,280,01-01-2024,100,90,85,28,30,Approved,0,,,,,,,,,,,,,,,,,,,,,,,,,,,,,,,,,,,,,,,,,,,
System strengthening for WR : Bhopal–Indore 765 kV S/C line,2,Approvals & ROW,40,35,Line,765kV,"Madhya Pradesh, Bhopal-Indore",180,EPC,24,280,01-01-2024,100,90,85,28,30,Approved,0,100,150,195,42,65,1,Complete,,,,,,,,,,,,,,,,,,,,,,,,,,,,,,,,,,,,
System strengthening for WR : Bhopal–Indore 765 kV S/C line,3,Procurement/Supply,42,43,Line,765kV,"Madhya Pradesh, Bhopal-Indore",180,EPC,24,280,01-01-2024,100,90,85,28,30,Approved,0,100,150,195,42,65,1,Complete,100,70,72,70,78,1,Delayed,,,,,,,,,,,,,,,,,,,,,,,,,,,,,
System strengthening for WR : Bhopal–Indore 765 kV S/C line,4,Site Preparation/Civil,60,57,Line,765kV,"Madhya Pradesh, Bhopal-Indore",180,EPC,24,280,01-01-2024,100,90,85,28,30,Approved,0,100,150,195,42,65,1,Complete,100,70,72,70,78,1,Delayed,100,90,108,42,52,96,1,,,,,,,,,,,,,,,,,,,,,,
System strengthening for WR : Bhopal–Indore 765 kV S/C line,5,Erection/Construction,75,73,Line,765kV,"Madhya Pradesh, Bhopal-Indore",180,EPC,24,280,01-01-2024,100,90,85,28,30,Approved,0,100,150,195,42,65,1,Complete,100,70,72,70,78,1,Delayed,100,90,108,42,52,96,1,100,120,135,56,64,97,1,,,,,,,,,,,,,,,
System strengthening for WR : Bhopal–Indore 765 kV S/C line,6,Stringing/Cabling,77,75,Line,765kV,"Madhya Pradesh, Bhopal-Indore",180,EPC,24,280,01-01-2024,100,90,85,28,30,Approved,0,100,150,195,42,65,1,Complete,100,70,72,70,78,1,Delayed,100,90,108,42,52,96,1,100,120,135,56,64,97,1,100,80,82,28,30,98,Flat,,,,,,,,
System strengthening for WR : Bhopal–Indore 765 kV S/C line,7,Testing & Commissioning,78,76,Line,765kV,"Madhya Pradesh, Bhopal-Indore",180,EPC,24,280,01-01-2024,100,90,85,28,30,Approved,0,100,150,195,42,65,1,Complete,100,70,72,70,78,1,Delayed,100,90,108,42,52,96,1,100,120,135,56,64,97,1,100,80,82,28,30,98,Flat,100,45,46,14,15,Successful,15-12-2025,
System strengthening for WR : Dhule–Dhule (Mah) 400 kV D/C line,1,Planning/Engineering,-2,1,Line,400kV,"Maharashtra, Dhule",50,EPC,24,250,01-01-2024,100,90,88,25,26,Approved,0,,,,,,,,,,,,,,,,,,,,,,,,,,,,,,,,,,,,,,,,,,,
System strengthening for WR : Dhule–Dhule (Mah) 400 kV D/C line,2,Approvals & ROW,13,41,Line,400kV,"Maharashtra, Dhule",50,EPC,24,250,01-01-2024,100,90,88,25,26,Approved,0,100,150,165,37.5,52,1,Complete,,,,,,,,,,,,,,,,,,,,,,,,,,,,,,,,,,,,
System strengthening for WR : Dhule–Dhule (Mah) 400 kV D/C line,3,Procurement/Supply,15,46,Line,400kV,"Maharashtra, Dhule",50,EPC,24,250,01-01-2024,100,90,88,25,26,Approved,0,100,150,165,37.5,52,1,Complete,100,60,62,62.5,67,1,OnTime,,,,,,,,,,,,,,,,,,,,,,,,,,,,,
System strengthening for WR : Dhule–Dhule (Mah) 400 kV D/C line,4,Site Preparation/Civil,30,57,Line,400kV,"Maharashtra, Dhule",50,EPC,24,250,01-01-2024,100,90,88,25,26,Approved,0,100,150,165,37.5,52,1,Complete,100,60,62,62.5,67,1,OnTime,100,90,105,37.5,48,98,1,,,,,,,,,,,,,,,,,,,,,,
System strengthening for WR : Dhule–Dhule (Mah) 400 kV D/C line,5,Erection/Construction,38,62,Line,400kV,"Maharashtra, Dhule",50,EPC,24,250,01-01-2024,100,90,88,25,26,Approved,0,100,150,165,37.5,52,1,Complete,100,60,62,62.5,67,1,OnTime,100,90,105,37.5,48,98,1,100,120,128,50,55,96,1,,,,,,,,,,,,,,,
System strengthening for WR : Dhule–Dhule (Mah) 400 kV D/C line,6,Stringing/Cabling,39,63,Line,400kV,"Maharashtra, Dhule",50,EPC,24,250,01-01-2024,100,90,88,25,26,Approved,0,100,150,165,37.5,52,1,Complete,100,60,62,62.5,67,1,OnTime,100,90,105,37.5,48,98,1,100,120,128,50,55,96,1,100,75,76,25,26,98,Flat,,,,,,,,
System strengthening for WR : Dhule–Dhule (Mah) 400 kV D/C line,7,Testing & Commissioning,40,64,Line,400kV,"Maharashtra, Dhule",50,EPC,24,250,01-01-2024,100,90,88,25,26,Approved,0,100,150,165,37.5,52,1,Complete,100,60,62,62.5,67,1,OnTime,100,90,105,37.5,48,98,1,100,120,128,50,55,96,1,100,75,76,25,26,98,Flat,100,45,46,12.5,13,Successful,15-02-2026,
System strengthening for WR : Dhule–Vadodara 765 kV S/C line,1,Planning/Engineering,-2,2,Line,765kV,"Maharashtra, Dhule; Gujarat, Vadodara",260,EPC,24,320,01-01-2024,100,90,88,32,34,Approved,0,,,,,,,,,,,,,,,,,,,,,,,,,,,,,,,,,,,,,,,,,,,
System strengthening for WR : Dhule–Vadodara 765 kV S/C line,2,Approvals & ROW,28,69,Line,765kV,"Maharashtra, Dhule; Gujarat, Vadodara",260,EPC,24,320,01-01-2024,100,90,88,32,34,Approved,0,100,150,180,48,65,1,Complete,,,,,,,,,,,,,,,,,,,,,,,,,,,,,,,,,,,,
System strengthening for WR : Dhule–Vadodara 765 kV S/C line,3,Procurement/Supply,33,125,Line,765kV,"Maharashtra, Dhule; Gujarat, Vadodara",260,EPC,24,320,01-01-2024,100,90,88,32,34,Approved,0,100,150,180,48,65,1,Complete,100,70,75,80,88,1,Delayed,,,,,,,,,,,,,,,,,,,,,,,,,,,,,
System strengthening for WR : Dhule–Vadodara 765 kV S/C line,4,Site Preparation/Civil,53,193,Line,765kV,"Maharashtra, Dhule; Gujarat, Vadodara",260,EPC,24,320,01-01-2024,100,90,88,32,34,Approved,0,100,150,180,48,65,1,Complete,100,70,75,80,88,1,Delayed,100,90,110,48,60,98,1,,,,,,,,,,,,,,,,,,,,,,
System strengthening for WR : Dhule–Vadodara 765 kV S/C line,5,Erection/Construction,68,261,Line,765kV,"Maharashtra, Dhule; Gujarat, Vadodara",260,EPC,24,320,01-01-2024,100,90,88,32,34,Approved,0,100,150,180,48,65,1,Complete,100,70,75,80,88,1,Delayed,100,90,110,48,60,98,1,100,120,135,64,72,97,1,,,,,,,,,,,,,,,
System strengthening for WR : Dhule–Vadodara 765 kV S/C line,6,Stringing/Cabling,70,275,Line,765kV,"Maharashtra, Dhule; Gujarat, Vadodara",260,EPC,24,320,01-01-2024,100,90,88,32,34,Approved,0,100,150,180,48,65,1,Complete,100,70,75,80,88,1,Delayed,100,90,110,48,60,98,1,100,120,135,64,72,97,1,100,80,82,32,34,99,Flat,,,,,,,,
System strengthening for WR : Dhule–Vadodara 765 kV S/C line,7,Testing & Commissioning,71,292,Line,765kV,"Maharashtra, Dhule; Gujarat, Vadodara",260,EPC,24,320,01-01-2024,100,90,88,32,34,Approved,0,100,150,180,48,65,1,Complete,100,70,75,80,88,1,Delayed,100,90,110,48,60,98,1,100,120,135,64,72,97,1,100,80,82,32,34,99,Flat,100,45,46,16,17,Successful,15-12-2025,
System strengthening for WR : Jabalpur–Bhopal 765 kV S/C line,1,Planning/Engineering,-2,3,Line,765kV,"Madhya Pradesh, Jabalpur-Bhopal",250,EPC,24,350,01-01-2024,100,90,88,35,38,Approved,0,,,,,,,,,,,,,,,,,,,,,,,,,,,,,,,,,,,,,,,,,,,
System strengthening for WR : Jabalpur–Bhopal 765 kV S/C line,2,Approvals & ROW,43,88,Line,765kV,"Madhya Pradesh, Jabalpur-Bhopal",250,EPC,24,350,01-01-2024,100,90,88,35,38,Approved,0,100,150,195,52.5,85,1,Complete,,,,,,,,,,,,,,,,,,,,,,,,,,,,,,,,,,,,
System strengthening for WR : Jabalpur–Bhopal 765 kV S/C line,3,Procurement/Supply,45,96,Line,765kV,"Madhya Pradesh, Jabalpur-Bhopal",250,EPC,24,350,01-01-2024,100,90,88,35,38,Approved,0,100,150,195,52.5,85,1,Complete,100,70,72,87.5,95,1,Delayed,,,,,,,,,,,,,,,,,,,,,,,,,,,,,
System strengthening for WR : Jabalpur–Bhopal 765 kV S/C line,4,Site Preparation/Civil,67,112,Line,765kV,"Madhya Pradesh, Jabalpur-Bhopal",250,EPC,24,350,01-01-2024,100,90,88,35,38,Approved,0,100,150,195,52.5,85,1,Complete,100,70,72,87.5,95,1,Delayed,100,90,112,52.5,68,98,1,,,,,,,,,,,,,,,,,,,,,,
System strengthening for WR : Jabalpur–Bhopal 765 kV S/C line,5,Erection/Construction,82,130,Line,765kV,"Madhya Pradesh, Jabalpur-Bhopal",250,EPC,24,350,01-01-2024,100,90,88,35,38,Approved,0,100,150,195,52.5,85,1,Complete,100,70,72,87.5,95,1,Delayed,100,90,112,52.5,68,98,1,100,120,135,70,78,97,1,,,,,,,,,,,,,,,
System strengthening for WR : Jabalpur–Bhopal 765 kV S/C line,6,Stringing/Cabling,84,132,Line,765kV,"Madhya Pradesh, Jabalpur-Bhopal",250,EPC,24,350,01-01-2024,100,90,88,35,38,Approved,0,100,150,195,52.5,85,1,Complete,100,70,72,87.5,95,1,Delayed,100,90,112,52.5,68,98,1,100,120,135,70,78,97,1,100,80,82,35,37,99,Forest,,,,,,,,
System strengthening for WR : Jabalpur–Bhopal 765 kV S/C line,7,Testing & Commissioning,85,133,Line,765kV,"Madhya Pradesh, Jabalpur-Bhopal",250,EPC,24,350,01-01-2024,100,90,88,35,38,Approved,0,100,150,195,52.5,85,1,Complete,100,70,72,87.5,95,1,Delayed,100,90,112,52.5,68,98,1,100,120,135,70,78,97,1,100,80,82,35,37,99,Forest,100,45,46,17.5,18,Successful,15-10-2025,
Transmission System Associated with Krishnapattnam UMPP – Part B : Raichur–Sholapur 765 kV S/C line-1,1,Planning/Engineering,-5,-7,Line,765kV,"Karnataka, Raichur; Maharashtra, Solapur",208,TBCB,24,1300,01-01-2012,100,90,85,130,123,Approved,0,,,,,,,,,,,,,,,,,,,,,,,,,,,,,,,,,,,,,,,,,,,
Transmission System Associated with Krishnapattnam UMPP – Part B : Raichur–Sholapur 765 kV S/C line-1,2,Approvals & ROW,40,172,Line,765kV,"Karnataka, Raichur; Maharashtra, Solapur",208,TBCB,24,1300,01-01-2012,100,90,85,130,123,Approved,0,100,150,195,195,312,1,Complete,,,,,,,,,,,,,,,,,,,,,,,,,,,,,,,,,,,,
Transmission System Associated with Krishnapattnam UMPP – Part B : Raichur–Sholapur 765 kV S/C line-1,3,Procurement/Supply,43,198,Line,765kV,"Karnataka, Raichur; Maharashtra, Solapur",208,TBCB,24,1300,01-01-2012,100,90,85,130,123,Approved,0,100,150,195,195,312,1,Complete,100,75,78,325,351,1,Delayed,,,,,,,,,,,,,,,,,,,,,,,,,,,,,
Transmission System Associated with Krishnapattnam UMPP – Part B : Raichur–Sholapur 765 kV S/C line-1,4,Site Preparation/Civil,65,263,Line,765kV,"Karnataka, Raichur; Maharashtra, Solapur",208,TBCB,24,1300,01-01-2012,100,90,85,130,123,Approved,0,100,150,195,195,312,1,Complete,100,75,78,325,351,1,Delayed,100,90,112,195,260,98,1,,,,,,,,,,,,,,,,,,,,,,
Transmission System Associated with Krishnapattnam UMPP – Part B : Raichur–Sholapur 765 kV S/C line-1,5,Erection/Construction,80,302,Line,765kV,"Karnataka, Raichur; Maharashtra, Solapur",208,TBCB,24,1300,01-01-2012,100,90,85,130,123,Approved,0,100,150,195,195,312,1,Complete,100,75,78,325,351,1,Delayed,100,90,112,195,260,98,1,100,120,135,260,299,97,1,,,,,,,,,,,,,,,
Transmission System Associated with Krishnapattnam UMPP – Part B : Raichur–Sholapur 765 kV S/C line-1,6,Stringing/Cabling,82,315,Line,765kV,"Karnataka, Raichur; Maharashtra, Solapur",208,TBCB,24,1300,01-01-2012,100,90,85,130,123,Approved,0,100,150,195,195,312,1,Complete,100,75,78,325,351,1,Delayed,100,90,112,195,260,98,1,100,120,135,260,299,97,1,100,80,82,130,143,99,Flat,,,,,,,,
Transmission System Associated with Krishnapattnam UMPP – Part B : Raichur–Sholapur 765 kV S/C line-1,7,Testing & Commissioning,83,320,Line,765kV,"Karnataka, Raichur; Maharashtra, Solapur",208,TBCB,24,1300,01-01-2012,100,90,85,130,123,Approved,0,100,150,195,195,312,1,Complete,100,75,78,325,351,1,Delayed,100,90,112,195,260,98,1,100,120,135,260,299,97,1,100,80,82,130,143,99,Flat,100,45,46,65,70,Successful,04-07-2014,
Transmission system for Strengthening in Southern Region for import of Power from ER : Srikakulam PP – Vemagiri-II Pooling Station 765 kV D/C line,1,Planning/Engineering,-2,-8,Line,765kV,"Andhra Pradesh, Srikakulam",668,TBCB,30,3200,01-07-2025,100,90,88,320,312,Approved,0,,,,,,,,,,,,,,,,,,,,,,,,,,,,,,,,,,,,,,,,,,,
Transmission system for Strengthening in Southern Region for import of Power from ER : Srikakulam PP – Vemagiri-II Pooling Station 765 kV D/C line,2,Approvals & ROW,13,304,Line,765kV,"Andhra Pradesh, Srikakulam",668,TBCB,30,3200,01-07-2025,100,90,88,320,312,Approved,0,100,150,165,480,624,1,Complete,,,,,,,,,,,,,,,,,,,,,,,,,,,,,,,,,,,,
Transmission system for Strengthening in Southern Region for import of Power from ER : Srikakulam PP – Vemagiri-II Pooling Station 765 kV D/C line,3,Procurement/Supply,16,444,Line,765kV,"Andhra Pradesh, Srikakulam",668,TBCB,30,3200,01-07-2025,100,90,88,320,312,Approved,0,100,150,165,480,624,1,Complete,100,75,78,800,840,1,OnTime,,,,,,,,,,,,,,,,,,,,,,,,,,,,,
Transmission system for Strengthening in Southern Region for import of Power from ER : Srikakulam PP – Vemagiri-II Pooling Station 765 kV D/C line,4,Site Preparation/Civil,31,700,Line,765kV,"Andhra Pradesh, Srikakulam",668,TBCB,30,3200,01-07-2025,100,90,88,320,312,Approved,0,100,150,165,480,624,1,Complete,100,75,78,800,840,1,OnTime,100,90,105,480,576,95,1,,,,,,,,,,,,,,,,,,,,,,
Transmission system for Strengthening in Southern Region for import of Power from ER : Srikakulam PP – Vemagiri-II Pooling Station 765 kV D/C line,5,Erection/Construction,43,948,Line,765kV,"Andhra Pradesh, Srikakulam",668,TBCB,30,3200,01-07-2025,100,90,88,320,312,Approved,0,100,150,165,480,624,1,Complete,100,75,78,800,840,1,OnTime,100,90,105,480,576,95,1,100,120,132,640,704,96,1,,,,,,,,,,,,,,,
Transmission system for Strengthening in Southern Region for import of Power from ER : Srikakulam PP – Vemagiri-II Pooling Station 765 kV D/C line,6,Stringing/Cabling,45,1080,Line,765kV,"Andhra Pradesh, Srikakulam",668,TBCB,30,3200,01-07-2025,100,90,88,320,312,Approved,0,100,150,165,480,624,1,Complete,100,75,78,800,840,1,OnTime,100,90,105,480,576,95,1,100,120,132,640,704,96,1,100,80,82,320,352,98,Flat,,,,,,,,
Transmission system for Strengthening in Southern Region for import of Power from ER : Srikakulam PP – Vemagiri-II Pooling Station 765 kV D/C line,7,Testing & Commissioning,46,1248,Line,765kV,"Andhra Pradesh, Srikakulam",668,TBCB,30,3200,01-07-2025,100,90,88,320,312,Approved,0,100,150,165,480,624,1,Complete,100,75,78,800,840,1,OnTime,100,90,105,480,576,95,1,100,120,132,640,704,96,1,100,80,82,320,352,98,Flat,100,45,46,160,168,Successful,15-12-2027,
WRSS-II-B-Parli-Solapur-400kV-DC,1,Planning/Engineering,-2,1.6,Line,400kV,"Maharashtra, Pune and Solapur",185,TBCB,28,245,15-03-2008,100,90,88,24.5,26.1,Approved,1,,,,,,,,,,,,,,,,,,,,,,,,,,,,,,,,,,,,,,,,,,,
WRSS-II-B-Parli-Solapur-400kV-DC,2,Approvals & ROW,20,17.35,Line,400kV,"Maharashtra, Pune and Solapur",185,TBCB,28,245,15-03-2008,100,90,88,24.5,26.1,Approved,1,100,150,172,36.75,52.8,1,Complete,,,,,,,,,,,,,,,,,,,,,,,,,,,,,,,,,,,,
WRSS-II-B-Parli-Solapur-400kV-DC,3,Procurement/Supply,23,29.85,Line,400kV,"Maharashtra, Pune and Solapur",185,TBCB,28,245,15-03-2008,100,90,88,24.5,26.1,Approved,1,100,150,172,36.75,52.8,1,Complete,100,75,78,61.25,73.5,1,Delayed,,,,,,,,,,,,,,,,,,,,,,,,,,,,,
WRSS-II-B-Parli-Solapur-400kV-DC,4,Site Preparation/Civil,46,42.3,Line,400kV,"Maharashtra, Pune and Solapur",185,TBCB,28,245,15-03-2008,100,90,88,24.5,26.1,Approved,1,100,150,172,36.75,52.8,1,Complete,100,75,78,61.25,73.5,1,Delayed,100,95,118,36.75,48.2,92,1,,,,,,,,,,,,,,,,,,,,,,
WRSS-II-B-Parli-Solapur-400kV-DC,5,Erection/Construction,64,58.1,Line,400kV,"Maharashtra, Pune and Solapur",185,TBCB,28,245,15-03-2008,100,90,88,24.5,26.1,Approved,1,100,150,172,36.75,52.8,1,Complete,100,75,78,61.25,73.5,1,Delayed,100,95,118,36.75,48.2,92,1,100,120,138,49,62.8,98,1,,,,,,,,,,,,,,,
WRSS-II-B-Parli-Solapur-400kV-DC,6,Stringing/Cabling,66,62.3,Line,400kV,"Maharashtra, Pune and Solapur",185,TBCB,28,245,15-03-2008,100,90,88,24.5,26.1,Approved,1,100,150,172,36.75,52.8,1,Complete,100,75,78,61.25,73.5,1,Delayed,100,95,118,36.75,48.2,92,1,100,120,138,49,62.8,98,1,100,80,82,24.5,28.7,99,Hilly,,,,,,,,
WRSS-II-B-Parli-Solapur-400kV-DC,7,Testing & Commissioning,69,64.4,Line,400kV,"Maharashtra, Pune and Solapur",185,TBCB,28,245,15-03-2008,100,90,88,24.5,26.1,Approved,1,100,150,172,36.75,52.8,1,Complete,100,75,78,61.25,73.5,1,Delayed,100,95,118,36.75,48.2,92,1,100,120,138,49,62.8,98,1,100,80,82,24.5,28.7,99,Hilly,100,45,48,12.25,13.8,Successful,28-06-2010,
Western Region System Strengthening – II under Project – B (Maharashtra) : LILO of Lonikhand – Kalwa 400 kV D/C line at Pune,1,Planning/Engineering,-2,0.7,Line,400kV,"Maharashtra, Pune",25,EPC,24,185,01-07-2006,100,90,88,18.5,19.2,Approved,0,,,,,,,,,,,,,,,,,,,,,,,,,,,,,,,,,,,,,,,,,,,
Western Region System Strengthening – II under Project – B (Maharashtra) : LILO of Lonikhand – Kalwa 400 kV D/C line at Pune,2,Approvals & ROW,13,31.7,Line,400kV,"Maharashtra, Pune",25,EPC,24,185,01-07-2006,100,90,88,18.5,19.2,Approved,0,100,150,165,27.8,38.2,0,Complete,,,,,,,,,,,,,,,,,,,,,,,,,,,,,,,,,,,,
Western Region System Strengthening – II under Project – B (Maharashtra) : LILO of Lonikhand – Kalwa 400 kV D/C line at Pune,3,Procurement/Supply,15,33.5,Line,400kV,"Maharashtra, Pune",25,EPC,24,185,01-07-2006,100,90,88,18.5,19.2,Approved,0,100,150,165,27.8,38.2,0,Complete,100,60,62,46.3,48.1,1,OnTime,,,,,,,,,,,,,,,,,,,,,,,,,,,,,
Western Region System Strengthening – II under Project – B (Maharashtra) : LILO of Lonikhand – Kalwa 400 kV D/C line at Pune,4,Site Preparation/Civil,20,35.6,Line,400kV,"Maharashtra, Pune",25,EPC,24,185,01-07-2006,100,90,88,18.5,19.2,Approved,0,100,150,165,27.8,38.2,0,Complete,100,60,62,46.3,48.1,1,OnTime,100,90,95,27.8,29.4,98,1,,,,,,,,,,,,,,,,,,,,,,
Western Region System Strengthening – II under Project – B (Maharashtra) : LILO of Lonikhand – Kalwa 400 kV D/C line at Pune,5,Erection/Construction,28,38.3,Line,400kV,"Maharashtra, Pune",25,EPC,24,185,01-07-2006,100,90,88,18.5,19.2,Approved,0,100,150,165,27.8,38.2,0,Complete,100,60,62,46.3,48.1,1,OnTime,100,90,95,27.8,29.4,98,1,100,120,128,37,39.7,97,1,,,,,,,,,,,,,,,
Western Region System Strengthening – II under Project – B (Maharashtra) : LILO of Lonikhand – Kalwa 400 kV D/C line at Pune,6,Stringing/Cabling,29,38.8,Line,400kV,"Maharashtra, Pune",25,EPC,24,185,01-07-2006,100,90,88,18.5,19.2,Approved,0,100,150,165,27.8,38.2,0,Complete,100,60,62,46.3,48.1,1,OnTime,100,90,95,27.8,29.4,98,1,100,120,128,37,39.7,97,1,100,75,76,18.5,19,99,Flat,,,,,,,,
Western Region System Strengthening – II under Project – B (Maharashtra) : LILO of Lonikhand – Kalwa 400 kV D/C line at Pune,7,Testing & Commissioning,30,39.1,Line,400kV,"Maharashtra, Pune",25,EPC,24,185,01-07-2006,100,90,88,18.5,19.2,Approved,0,100,150,165,27.8,38.2,0,Complete,100,60,62,46.3,48.1,1,OnTime,100,90,95,27.8,29.4,98,1,100,120,128,37,39.7,97,1,100,75,76,18.5,19,99,Flat,100,45,46,9.3,9.6,Successful,15-06-2010,
Western Region System Strengthening – II under Project – B (Maharashtra) : Parli (New) – Pune 400 kV D/C line,1,Planning/Engineering,2,3.9,Line,400kV,"Maharashtra, Beed-Pune",220,EPC,24,285,01-01-2023,100,90,92,28.5,32.4,Approved,1,,,,,,,,,,,,,,,,,,,,,,,,,,,,,,,,,,,,,,,,,,,
Western Region System Strengthening – II under Project – B (Maharashtra) : Parli (New) – Pune 400 kV D/C line,2,Approvals & ROW,47,79.9,Line,400kV,"Maharashtra, Beed-Pune",220,EPC,24,285,01-01-2023,100,90,92,28.5,32.4,Approved,1,100,150,195,42.8,68.5,1,Complete,,,,,,,,,,,,,,,,,,,,,,,,,,,,,,,,,,,,
Western Region System Strengthening – II under Project – B (Maharashtra) : Parli (New) – Pune 400 kV D/C line,3,Procurement/Supply,49,86.8,Line,400kV,"Maharashtra, Beed-Pune",220,EPC,24,285,01-01-2023,100,90,92,28.5,32.4,Approved,1,100,150,195,42.8,68.5,1,Complete,100,70,72,71.3,78.4,1,OnTime,,,,,,,,,,,,,,,,,,,,,,,,,,,,,
Western Region System Strengthening – II under Project – B (Maharashtra) : Parli (New) – Pune 400 kV D/C line,4,Site Preparation/Civil,74,121.3,Line,400kV,"Maharashtra, Beed-Pune",220,EPC,24,285,01-01-2023,100,90,92,28.5,32.4,Approved,1,100,150,195,42.8,68.5,1,Complete,100,70,72,71.3,78.4,1,OnTime,100,100,125,42.8,57.6,98,1,,,,,,,,,,,,,,,,,,,,,,
Western Region System Strengthening – II under Project – B (Maharashtra) : Parli (New) – Pune 400 kV D/C line,5,Erection/Construction,89,149,Line,400kV,"Maharashtra, Beed-Pune",220,EPC,24,285,01-01-2023,100,90,92,28.5,32.4,Approved,1,100,150,195,42.8,68.5,1,Complete,100,70,72,71.3,78.4,1,OnTime,100,100,125,42.8,57.6,98,1,100,120,135,57,64.7,97,1,,,,,,,,,,,,,,,
Western Region System Strengthening – II under Project – B (Maharashtra) : Parli (New) – Pune 400 kV D/C line,6,Stringing/Cabling,91,151.5,Line,400kV,"Maharashtra, Beed-Pune",220,EPC,24,285,01-01-2023,100,90,92,28.5,32.4,Approved,1,100,150,195,42.8,68.5,1,Complete,100,70,72,71.3,78.4,1,OnTime,100,100,125,42.8,57.6,98,1,100,120,135,57,64.7,97,1,100,80,82,28.5,31,99,Flat,,,,,,,,
Western Region System Strengthening – II under Project – B (Maharashtra) : Parli (New) – Pune 400 kV D/C line,7,Testing & Commissioning,92,152.4,Line,400kV,"Maharashtra, Beed-Pune",220,EPC,24,285,01-01-2023,100,90,92,28.5,32.4,Approved,1,100,150,195,42.8,68.5,1,Complete,100,70,72,71.3,78.4,1,OnTime,100,100,125,42.8,57.6,98,1,100,120,135,57,64.7,97,1,100,80,82,28.5,31,99,Flat,100,45,46,14.3,15.2,Successful,15-12-2024,
Western Region System Strengthening – II under Project – B (Maharashtra) : Pune – Aurangabad 400 kV D/C line,1,Planning/Engineering,-2,2,Line,400kV,"Maharashtra, Pune",220,EPC,24,320,01-01-2023,100,90,88,32,34,Approved,0,,,,,,,,,,,,,,,,,,,,,,,,,,,,,,,,,,,,,,,,,,,
Western Region System Strengthening – II under Project – B (Maharashtra) : Pune – Aurangabad 400 kV D/C line,2,Approvals & ROW,28,70,Line,400kV,"Maharashtra, Pune",220,EPC,24,320,01-01-2023,100,90,88,32,34,Approved,0,100,150,180,48,70,1,Complete,,,,,,,,,,,,,,,,,,,,,,,,,,,,,,,,,,,,
Western Region System Strengthening – II under Project – B (Maharashtra) : Pune – Aurangabad 400 kV D/C line,3,Procurement/Supply,30,82,Line,400kV,"Maharashtra, Pune",220,EPC,24,320,01-01-2023,100,90,88,32,34,Approved,0,100,150,180,48,70,1,Complete,100,70,72,80,88,1,OnTime,,,,,,,,,,,,,,,,,,,,,,,,,,,,,
Western Region System Strengthening – II under Project – B (Maharashtra) : Pune – Aurangabad 400 kV D/C line,4,Site Preparation/Civil,45,110,Line,400kV,"Maharashtra, Pune",220,EPC,24,320,01-01-2023,100,90,88,32,34,Approved,0,100,150,180,48,70,1,Complete,100,70,72,80,88,1,OnTime,100,100,115,48,60,95,1,,,,,,,,,,,,,,,,,,,,,,
Western Region System Strengthening – II under Project – B (Maharashtra) : Pune – Aurangabad 400 kV D/C line,5,Erection/Construction,55,138,Line,400kV,"Maharashtra, Pune",220,EPC,24,320,01-01-2023,100,90,88,32,34,Approved,0,100,150,180,48,70,1,Complete,100,70,72,80,88,1,OnTime,100,100,115,48,60,95,1,100,120,130,64,72,96,1,,,,,,,,,,,,,,,
Western Region System Strengthening – II under Project – B (Maharashtra) : Pune – Aurangabad 400 kV D/C line,6,Stringing/Cabling,57,140,Line,400kV,"Maharashtra, Pune",220,EPC,24,320,01-01-2023,100,90,88,32,34,Approved,0,100,150,180,48,70,1,Complete,100,70,72,80,88,1,OnTime,100,100,115,48,60,95,1,100,120,130,64,72,96,1,100,80,82,32,34,98,Flat,,,,,,,,
Western Region System Strengthening – II under Project – B (Maharashtra) : Pune – Aurangabad 400 kV D/C line,7,Testing & Commissioning,58,141,Line,400kV,"Maharashtra, Pune",220,EPC,24,320,01-01-2023,100,90,88,32,34,Approved,0,100,150,180,48,70,1,Complete,100,70,72,80,88,1,OnTime,100,100,115,48,60,95,1,100,120,130,64,72,96,1,100,80,82,32,34,98,Flat,100,45,46,16,17,Successful,15-12-2024,
Western Region System Strengthening – II under Project – B (Maharashtra) : Solapur – Kolhapur 400 kV D/C line,1,Planning/Engineering,-2,3,Line,400kV,"Maharashtra, Solapur",220,EPC,24,350,01-01-2023,100,90,88,35,38,Approved,0,,,,,,,,,,,,,,,,,,,,,,,,,,,,,,,,,,,,,,,,,,,
Western Region System Strengthening – II under Project – B (Maharashtra) : Solapur – Kolhapur 400 kV D/C line,2,Approvals & ROW,43,88,Line,400kV,"Maharashtra, Solapur",220,EPC,24,350,01-01-2023,100,90,88,35,38,Approved,0,100,150,195,52.5,85,1,Complete,,,,,,,,,,,,,,,,,,,,,,,,,,,,,,,,,,,,
Western Region System Strengthening – II under Project – B (Maharashtra) : Solapur – Kolhapur 400 kV D/C line,3,Procurement/Supply,45,99,Line,400kV,"Maharashtra, Solapur",220,EPC,24,350,01-01-2023,100,90,88,35,38,Approved,0,100,150,195,52.5,85,1,Complete,100,70,72,87.5,98,1,OnTime,,,,,,,,,,,,,,,,,,,,,,,,,,,,,
Western Region System Strengthening – II under Project – B (Maharashtra) : Solapur – Kolhapur 400 kV D/C line,4,Site Preparation/Civil,67,115,Line,400kV,"Maharashtra, Solapur",220,EPC,24,350,01-01-2023,100,90,88,35,38,Approved,0,100,150,195,52.5,85,1,Complete,100,70,72,87.5,98,1,OnTime,100,90,112,52.5,68,96,1,,,,,,,,,,,,,,,,,,,,,,
Western Region System Strengthening – II under Project – B (Maharashtra) : Solapur – Kolhapur 400 kV D/C line,5,Erection/Construction,82,123,Line,400kV,"Maharashtra, Solapur",220,EPC,24,350,01-01-2023,100,90,88,35,38,Approved,0,100,150,195,52.5,85,1,Complete,100,70,72,87.5,98,1,OnTime,100,90,112,52.5,68,96,1,100,120,135,70,78,97,1,,,,,,,,,,,,,,,
Western Region System Strengthening – II under Project – B (Maharashtra) : Solapur – Kolhapur 400 kV D/C line,6,Stringing/Cabling,84,125,Line,400kV,"Maharashtra, Solapur",220,EPC,24,350,01-01-2023,100,90,88,35,38,Approved,0,100,150,195,52.5,85,1,Complete,100,70,72,87.5,98,1,OnTime,100,90,112,52.5,68,96,1,100,120,135,70,78,97,1,100,80,82,35,37,98,Flat,,,,,,,,
Western Region System Strengthening – II under Project – B (Maharashtra) : Solapur – Kolhapur 400 kV D/C line,7,Testing & Commissioning,85,127,Line,400kV,"Maharashtra, Solapur",220,EPC,24,350,01-01-2023,100,90,88,35,38,Approved,0,100,150,195,52.5,85,1,Complete,100,70,72,87.5,98,1,OnTime,100,90,112,52.5,68,96,1,100,120,135,70,78,97,1,100,80,82,35,37,98,Flat,100,45,46,17.5,19,Successful,15-12-2024,
Western Region System Strengthening – II under Project – C (Gujarat) : Limdi (Chorania) – Vadavi 400 kV D/C line,1,Planning/Engineering,2,2.1,Line,400kV,"Gujarat, Surendranagar",180,EPC,24,280,01-01-2024,100,90,92,28,30.1,Approved,0,,,,,,,,,,,,,,,,,,,,,,,,,,,,,,,,,,,,,,,,,,,
Western Region System Strengthening – II under Project – C (Gujarat) : Limdi (Chorania) – Vadavi 400 kV D/C line,2,Approvals & ROW,37,35.3,Line,400kV,"Gujarat, Surendranagar",180,EPC,24,280,01-01-2024,100,90,92,28,30.1,Approved,0,100,150,185,42,65.2,1,Complete,,,,,,,,,,,,,,,,,,,,,,,,,,,,,,,,,,,,
Western Region System Strengthening – II under Project – C (Gujarat) : Limdi (Chorania) – Vadavi 400 kV D/C line,3,Procurement/Supply,39,43.8,Line,400kV,"Gujarat, Surendranagar",180,EPC,24,280,01-01-2024,100,90,92,28,30.1,Approved,0,100,150,185,42,65.2,1,Complete,100,70,72,70,78.5,1,OnTime,,,,,,,,,,,,,,,,,,,,,,,,,,,,,
Western Region System Strengthening – II under Project – C (Gujarat) : Limdi (Chorania) – Vadavi 400 kV D/C line,4,Site Preparation/Civil,64,58.1,Line,400kV,"Gujarat, Surendranagar",180,EPC,24,280,01-01-2024,100,90,92,28,30.1,Approved,0,100,150,185,42,65.2,1,Complete,100,70,72,70,78.5,1,OnTime,100,100,125,42,55.3,98,1,,,,,,,,,,,,,,,,,,,,,,
Western Region System Strengthening – II under Project – C (Gujarat) : Limdi (Chorania) – Vadavi 400 kV D/C line,5,Erection/Construction,79,64.5,Line,400kV,"Gujarat, Surendranagar",180,EPC,24,280,01-01-2024,100,90,92,28,30.1,Approved,0,100,150,185,42,65.2,1,Complete,100,70,72,70,78.5,1,OnTime,100,100,125,42,55.3,98,1,100,120,135,56,62.4,97,1,,,,,,,,,,,,,,,
Western Region System Strengthening – II under Project – C (Gujarat) : Limdi (Chorania) – Vadavi 400 kV D/C line,6,Stringing/Cabling,81,66.7,Line,400kV,"Gujarat, Surendranagar",180,EPC,24,280,01-01-2024,100,90,92,28,30.1,Approved,0,100,150,185,42,65.2,1,Complete,100,70,72,70,78.5,1,OnTime,100,100,125,42,55.3,98,1,100,120,135,56,62.4,97,1,100,80,82,28,30.2,99,Flat,,,,,,,,
Western Region System Strengthening – II under Project – C (Gujarat) : Limdi (Chorania) – Vadavi 400 kV D/C line,7,Testing & Commissioning,82,67.8,Line,400kV,"Gujarat, Surendranagar",180,EPC,24,280,01-01-2024,100,90,92,28,30.1,Approved,0,100,150,185,42,65.2,1,Complete,100,70,72,70,78.5,1,OnTime,100,100,125,42,55.3,98,1,100,120,135,56,62.4,97,1,100,80,82,28,30.2,99,Flat,100,45,46,14,15.1,Successful,15-12-2025,
Western Region System Strengthening – II under Project – C (Gujarat) : Rajgarh – Karamsad 400 kV D/C line,1,Planning/Engineering,-2,2.6,Line,400kV,"Gujarat, Anand",180,EPC,24,320,01-01-2023,100,90,88,32,34.6,Approved,0,,,,,,,,,,,,,,,,,,,,,,,,,,,,,,,,,,,,,,,,,,,
Western Region System Strengthening – II under Project – C (Gujarat) : Rajgarh – Karamsad 400 kV D/C line,2,Approvals & ROW,43,47.1,Line,400kV,"Gujarat, Anand",180,EPC,24,320,01-01-2023,100,90,88,32,34.6,Approved,0,100,150,195,48,72.5,1,Complete,,,,,,,,,,,,,,,,,,,,,,,,,,,,,,,,,,,,
Western Region System Strengthening – II under Project – C (Gujarat) : Rajgarh – Karamsad 400 kV D/C line,3,Procurement/Supply,45,55.3,Line,400kV,"Gujarat, Anand",180,EPC,24,320,01-01-2023,100,90,88,32,34.6,Approved,0,100,150,195,48,72.5,1,Complete,100,70,72,80,88.2,1,OnTime,,,,,,,,,,,,,,,,,,,,,,,,,,,,,
Western Region System Strengthening – II under Project – C (Gujarat) : Rajgarh – Karamsad 400 kV D/C line,4,Site Preparation/Civil,60,68.1,Line,400kV,"Gujarat, Anand",180,EPC,24,320,01-01-2023,100,90,88,32,34.6,Approved,0,100,150,195,48,72.5,1,Complete,100,70,72,80,88.2,1,OnTime,100,90,105,48,60.8,98,1,,,,,,,,,,,,,,,,,,,,,,
Western Region System Strengthening – II under Project – C (Gujarat) : Rajgarh – Karamsad 400 kV D/C line,5,Erection/Construction,72,79.3,Line,400kV,"Gujarat, Anand",180,EPC,24,320,01-01-2023,100,90,88,32,34.6,Approved,0,100,150,195,48,72.5,1,Complete,100,70,72,80,88.2,1,OnTime,100,90,105,48,60.8,98,1,100,120,132,64,71.2,96,1,,,,,,,,,,,,,,,
Western Region System Strengthening – II under Project – C (Gujarat) : Rajgarh – Karamsad 400 kV D/C line,6,Stringing/Cabling,74,81.7,Line,400kV,"Gujarat, Anand",180,EPC,24,320,01-01-2023,100,90,88,32,34.6,Approved,0,100,150,195,48,72.5,1,Complete,100,70,72,80,88.2,1,OnTime,100,90,105,48,60.8,98,1,100,120,132,64,71.2,96,1,100,80,82,32,34.4,98,Flat,,,,,,,,
Western Region System Strengthening – II under Project – C (Gujarat) : Rajgarh – Karamsad 400 kV D/C line,7,Testing & Commissioning,75,82.8,Line,400kV,"Gujarat, Anand",180,EPC,24,320,01-01-2023,100,90,88,32,34.6,Approved,0,100,150,195,48,72.5,1,Complete,100,70,72,80,88.2,1,OnTime,100,90,105,48,60.8,98,1,100,120,132,64,71.2,96,1,100,80,82,32,34.4,98,Flat,100,45,46,16,17.1,Successful,15-12-2024,
"Establishment of new 220/132kV substation at Nangalbibra (CKM-282, MVA-320) - 220/132kV, 2x160MVA Nangalbibra",1,Planning/Engineering,-5,-1,Substation,220kV,"Meghalaya, West Garo Hills",320,TBCB,24,250,01-04-2022,100,90,85,25,24,Approved,0,,,,,,,,,,,,,,,,,,,,,,,,,,,,,,,,,,,,,,,,,,,
"Establishment of new 220/132kV substation at Nangalbibra (CKM-282, MVA-320) - 220/132kV, 2x160MVA Nangalbibra",2,Approvals & ROW,55,39,Substation,220kV,"Meghalaya, West Garo Hills",320,TBCB,24,250,01-04-2022,100,90,85,25,24,Approved,0,100,150,210,37.5,60,1,Complete,,,,,,,,,,,,,,,,,,,,,,,,,,,,,,,,,,,,
"Establishment of new 220/132kV substation at Nangalbibra (CKM-282, MVA-320) - 220/132kV, 2x160MVA Nangalbibra",3,Procurement/Supply,57,45,Substation,220kV,"Meghalaya, West Garo Hills",320,TBCB,24,250,01-04-2022,100,90,85,25,24,Approved,0,100,150,210,37.5,60,1,Complete,100,70,72,62.5,68,1,OnTime,,,,,,,,,,,,,,,,,,,,,,,,,,,,,
"Establishment of new 220/132kV substation at Nangalbibra (CKM-282, MVA-320) - 220/132kV, 2x160MVA Nangalbibra",4,Site Preparation/Civil,87,58,Substation,220kV,"Meghalaya, West Garo Hills",320,TBCB,24,250,01-04-2022,100,90,85,25,24,Approved,0,100,150,210,37.5,60,1,Complete,100,70,72,62.5,68,1,OnTime,100,100,130,37.5,50,98,1,,,,,,,,,,,,,,,,,,,,,,
"Establishment of new 220/132kV substation at Nangalbibra (CKM-282, MVA-320) - 220/132kV, 2x160MVA Nangalbibra",5,Erection/Construction,102,63,Substation,220kV,"Meghalaya, West Garo Hills",320,TBCB,24,250,01-04-2022,100,90,85,25,24,Approved,0,100,150,210,37.5,60,1,Complete,100,70,72,62.5,68,1,OnTime,100,100,130,37.5,50,98,1,100,120,135,50,55,95,1,,,,,,,,,,,,,,,
"Establishment of new 220/132kV substation at Nangalbibra (CKM-282, MVA-320) - 220/132kV, 2x160MVA Nangalbibra",6,Stringing/Cabling,104,64,Substation,220kV,"Meghalaya, West Garo Hills",320,TBCB,24,250,01-04-2022,100,90,85,25,24,Approved,0,100,150,210,37.5,60,1,Complete,100,70,72,62.5,68,1,OnTime,100,100,130,37.5,50,98,1,100,120,135,50,55,95,1,100,80,82,25,26,98,Hilly,,,,,,,,
"Establishment of new 220/132kV substation at Nangalbibra (CKM-282, MVA-320) - 220/132kV, 2x160MVA Nangalbibra",7,Testing & Commissioning,105,65,Substation,220kV,"Meghalaya, West Garo Hills",320,TBCB,24,250,01-04-2022,100,90,85,25,24,Approved,0,100,150,210,37.5,60,1,Complete,100,70,72,62.5,68,1,OnTime,100,100,130,37.5,50,98,1,100,120,135,50,55,95,1,100,80,82,25,26,98,Hilly,100,45,46,12.5,13,Successful,15-12-2024,
"Evacuation of power from RE sources in Koppal Wind Energy Zone (Karnataka) (2500MW) - 5x500MVA, 400/220 kV Koppal",1,Planning/Engineering,-2,5,Substation,400kV,"Karnataka, Koppal",2500,TBCB,18,647,13-12-2021,100,90,88,65,70,Approved,0,,,,,,,,,,,,,,,,,,,,,,,,,,,,,,,,,,,,,,,,,,,
"Evacuation of power from RE sources in Koppal Wind Energy Zone (Karnataka) (2500MW) - 5x500MVA, 400/220 kV Koppal",2,Approvals & ROW,43,118,Substation,400kV,"Karnataka, Koppal",2500,TBCB,18,647,13-12-2021,100,90,88,65,70,Approved,0,100,150,195,97,140,1,Complete,,,,,,,,,,,,,,,,,,,,,,,,,,,,,,,,,,,,
"Evacuation of power from RE sources in Koppal Wind Energy Zone (Karnataka) (2500MW) - 5x500MVA, 400/220 kV Koppal",3,Procurement/Supply,45,126,Substation,400kV,"Karnataka, Koppal",2500,TBCB,18,647,13-12-2021,100,90,88,65,70,Approved,0,100,150,195,97,140,1,Complete,100,70,72,162,170,1,OnTime,,,,,,,,,,,,,,,,,,,,,,,,,,,,,
"Evacuation of power from RE sources in Koppal Wind Energy Zone (Karnataka) (2500MW) - 5x500MVA, 400/220 kV Koppal",4,Site Preparation/Civil,60,144,Substation,400kV,"Karnataka, Koppal",2500,TBCB,18,647,13-12-2021,100,90,88,65,70,Approved,0,100,150,195,97,140,1,Complete,100,70,72,162,170,1,OnTime,100,90,105,97,115,95,1,,,,,,,,,,,,,,,,,,,,,,
"Evacuation of power from RE sources in Koppal Wind Energy Zone (Karnataka) (2500MW) - 5x500MVA, 400/220 kV Koppal",5,Erection/Construction,68,150,Substation,400kV,"Karnataka, Koppal",2500,TBCB,18,647,13-12-2021,100,90,88,65,70,Approved,0,100,150,195,97,140,1,Complete,100,70,72,162,170,1,OnTime,100,90,105,97,115,95,1,100,120,128,129,135,96,1,,,,,,,,,,,,,,,
"Evacuation of power from RE sources in Koppal Wind Energy Zone (Karnataka) (2500MW) - 5x500MVA, 400/220 kV Koppal",6,Stringing/Cabling,70,153,Substation,400kV,"Karnataka, Koppal",2500,TBCB,18,647,13-12-2021,100,90,88,65,70,Approved,0,100,150,195,97,140,1,Complete,100,70,72,162,170,1,OnTime,100,90,105,97,115,95,1,100,120,128,129,135,96,1,100,80,82,65,68,98,Hilly,,,,,,,,
"Evacuation of power from RE sources in Koppal Wind Energy Zone (Karnataka) (2500MW) - 5x500MVA, 400/220 kV Koppal",7,Testing & Commissioning,71,156,Substation,400kV,"Karnataka, Koppal",2500,TBCB,18,647,13-12-2021,100,90,88,65,70,Approved,0,100,150,195,97,140,1,Complete,100,70,72,162,170,1,OnTime,100,90,105,97,115,95,1,100,120,128,129,135,96,1,100,80,82,65,68,98,Hilly,100,45,46,32,33,Successful,15-06-2023,
Evacuation of power from RE sources in Koppal Wind Energy Zone (Karnataka) (2500MW) - Koppal- Narendra (New) 400 kV D/c,1,Planning/Engineering,-2,1,Line,400kV,"Karnataka, Koppal",350,TBCB,24,350,13-12-2021,100,90,88,35,36,Approved,0,,,,,,,,,,,,,,,,,,,,,,,,,,,,,,,,,,,,,,,,,,,
Evacuation of power from RE sources in Koppal Wind Energy Zone (Karnataka) (2500MW) - Koppal- Narendra (New) 400 kV D/c,2,Approvals & ROW,43,81,Line,400kV,"Karnataka, Koppal",350,TBCB,24,350,13-12-2021,100,90,88,35,36,Approved,0,100,150,195,52.5,78,1,Complete,,,,,,,,,,,,,,,,,,,,,,,,,,,,,,,,,,,,
Evacuation of power from RE sources in Koppal Wind Energy Zone (Karnataka) (2500MW) - Koppal- Narendra (New) 400 kV D/c,3,Procurement/Supply,45,86,Line,400kV,"Karnataka, Koppal",350,TBCB,24,350,13-12-2021,100,90,88,35,36,Approved,0,100,150,195,52.5,78,1,Complete,100,70,72,87.5,92,1,OnTime,,,,,,,,,,,,,,,,,,,,,,,,,,,,,
Evacuation of power from RE sources in Koppal Wind Energy Zone (Karnataka) (2500MW) - Koppal- Narendra (New) 400 kV D/c,4,Site Preparation/Civil,67,99,Line,400kV,"Karnataka, Koppal",350,TBCB,24,350,13-12-2021,100,90,88,35,36,Approved,0,100,150,195,52.5,78,1,Complete,100,70,72,87.5,92,1,OnTime,100,90,112,52.5,65,98,1,,,,,,,,,,,,,,,,,,,,,,
Evacuation of power from RE sources in Koppal Wind Energy Zone (Karnataka) (2500MW) - Koppal- Narendra (New) 400 kV D/c,5,Erection/Construction,82,107,Line,400kV,"Karnataka, Koppal",350,TBCB,24,350,13-12-2021,100,90,88,35,36,Approved,0,100,150,195,52.5,78,1,Complete,100,70,72,87.5,92,1,OnTime,100,90,112,52.5,65,98,1,100,120,135,70,78,97,1,,,,,,,,,,,,,,,
Evacuation of power from RE sources in Koppal Wind Energy Zone (Karnataka) (2500MW) - Koppal- Narendra (New) 400 kV D/c,6,Stringing/Cabling,84,108,Line,400kV,"Karnataka, Koppal",350,TBCB,24,350,13-12-2021,100,90,88,35,36,Approved,0,100,150,195,52.5,78,1,Complete,100,70,72,87.5,92,1,OnTime,100,90,112,52.5,65,98,1,100,120,135,70,78,97,1,100,80,82,35,36,99,Hilly,,,,,,,,
Evacuation of power from RE sources in Koppal Wind Energy Zone (Karnataka) (2500MW) - Koppal- Narendra (New) 400 kV D/c,7,Testing & Commissioning,85,109,Line,400kV,"Karnataka, Koppal",350,TBCB,24,350,13-12-2021,100,90,88,35,36,Approved,0,100,150,195,52.5,78,1,Complete,100,70,72,87.5,92,1,OnTime,100,90,112,52.5,65,98,1,100,120,135,70,78,97,1,100,80,82,35,36,99,Hilly,100,45,46,17.5,18,Successful,15-06-2024,
"Transmission Scheme for Solar Energy Zone in Gadag (1000 MW), Karnataka - Part-A, Phase-l - 2x500MVA, 400/220 kV Gadag",1,Planning/Engineering,-2,-0.7,Substation,400kV,"Karnataka, Gadag",1000,TBCB,24,372,01-01-2022,100,90,88,37.2,36.5,Approved,0,,,,,,,,,,,,,,,,,,,,,,,,,,,,,,,,,,,,,,,,,,,
"Transmission Scheme for Solar Energy Zone in Gadag (1000 MW), Karnataka - Part-A, Phase-l - 2x500MVA, 400/220 kV Gadag",2,Approvals & ROW,23,58.3,Substation,400kV,"Karnataka, Gadag",1000,TBCB,24,372,01-01-2022,100,90,88,37.2,36.5,Approved,0,100,150,165,55.8,72.5,1,Complete,,,,,,,,,,,,,,,,,,,,,,,,,,,,,,,,,,,,
"Transmission Scheme for Solar Energy Zone in Gadag (1000 MW), Karnataka - Part-A, Phase-l - 2x500MVA, 400/220 kV Gadag",3,Procurement/Supply,25,61.1,Substation,400kV,"Karnataka, Gadag",1000,TBCB,24,372,01-01-2022,100,90,88,37.2,36.5,Approved,0,100,150,165,55.8,72.5,1,Complete,100,70,72,93,95.8,1,OnTime,,,,,,,,,,,,,,,,,,,,,,,,,,,,,
"Transmission Scheme for Solar Energy Zone in Gadag (1000 MW), Karnataka - Part-A, Phase-l - 2x500MVA, 400/220 kV Gadag",4,Site Preparation/Civil,40,73.9,Substation,400kV,"Karnataka, Gadag",1000,TBCB,24,372,01-01-2022,100,90,88,37.2,36.5,Approved,0,100,150,165,55.8,72.5,1,Complete,100,70,72,93,95.8,1,OnTime,100,90,105,55.8,68.2,98,1,,,,,,,,,,,,,,,,,,,,,,
"Transmission Scheme for Solar Energy Zone in Gadag (1000 MW), Karnataka - Part-A, Phase-l - 2x500MVA, 400/220 kV Gadag",5,Erection/Construction,48,77,Substation,400kV,"Karnataka, Gadag",1000,TBCB,24,372,01-01-2022,100,90,88,37.2,36.5,Approved,0,100,150,165,55.8,72.5,1,Complete,100,70,72,93,95.8,1,OnTime,100,90,105,55.8,68.2,98,1,100,120,128,74.4,78.1,97,1,,,,,,,,,,,,,,,
"Transmission Scheme for Solar Energy Zone in Gadag (1000 MW), Karnataka - Part-A, Phase-l - 2x500MVA, 400/220 kV Gadag",6,Stringing/Cabling,50,78.2,Substation,400kV,"Karnataka, Gadag",1000,TBCB,24,372,01-01-2022,100,90,88,37.2,36.5,Approved,0,100,150,165,55.8,72.5,1,Complete,100,70,72,93,95.8,1,OnTime,100,90,105,55.8,68.2,98,1,100,120,128,74.4,78.1,97,1,100,80,82,37.2,38.2,99,Flat,,,,,,,,
"Transmission Scheme for Solar Energy Zone in Gadag (1000 MW), Karnataka - Part-A, Phase-l - 2x500MVA, 400/220 kV Gadag",7,Testing & Commissioning,51,78.6,Substation,400kV,"Karnataka, Gadag",1000,TBCB,24,372,01-01-2022,100,90,88,37.2,36.5,Approved,0,100,150,165,55.8,72.5,1,Complete,100,70,72,93,95.8,1,OnTime,100,90,105,55.8,68.2,98,1,100,120,128,74.4,78.1,97,1,100,80,82,37.2,38.2,99,Flat,100,45,46,18.6,19.1,Successful,15-12-2023,
"Transmission Scheme for Solar Energy Zone in Gadag (1000 MW), Karnataka - Part-A, Phase-l - Gadag - Narendra (New) 400 kV D/c",1,Planning/Engineering,-2,-0.7,Line,400kV,"Karnataka, Gadag",187,TBCB,24,372,01-01-2022,100,90,88,37.2,36.5,Approved,0,,,,,,,,,,,,,,,,,,,,,,,,,,,,,,,,,,,,,,,,,,,
"Transmission Scheme for Solar Energy Zone in Gadag (1000 MW), Karnataka - Part-A, Phase-l - Gadag - Narendra (New) 400 kV D/c",2,Approvals & ROW,13,28.8,Line,400kV,"Karnataka, Gadag",187,TBCB,24,372,01-01-2022,100,90,88,37.2,36.5,Approved,0,100,150,165,55.8,70.5,1,Complete,,,,,,,,,,,,,,,,,,,,,,,,,,,,,,,,,,,,
"Transmission Scheme for Solar Energy Zone in Gadag (1000 MW), Karnataka - Part-A, Phase-l - Gadag - Narendra (New) 400 kV D/c",3,Procurement/Supply,15,30,Line,400kV,"Karnataka, Gadag",187,TBCB,24,372,01-01-2022,100,90,88,37.2,36.5,Approved,0,100,150,165,55.8,70.5,1,Complete,100,60,62,93,95.2,1,OnTime,,,,,,,,,,,,,,,,,,,,,,,,,,,,,
"Transmission Scheme for Solar Energy Zone in Gadag (1000 MW), Karnataka - Part-A, Phase-l - Gadag - Narendra (New) 400 kV D/c",4,Site Preparation/Civil,30,43.8,Line,400kV,"Karnataka, Gadag",187,TBCB,24,372,01-01-2022,100,90,88,37.2,36.5,Approved,0,100,150,165,55.8,70.5,1,Complete,100,60,62,93,95.2,1,OnTime,100,90,105,55.8,67.8,95,1,,,,,,,,,,,,,,,,,,,,,,
"Transmission Scheme for Solar Energy Zone in Gadag (1000 MW), Karnataka - Part-A, Phase-l - Gadag - Narendra (New) 400 kV D/c",5,Erection/Construction,35,46.6,Line,400kV,"Karnataka, Gadag",187,TBCB,24,372,01-01-2022,100,90,88,37.2,36.5,Approved,0,100,150,165,55.8,70.5,1,Complete,100,60,62,93,95.2,1,OnTime,100,90,105,55.8,67.8,95,1,100,120,125,74.4,77.2,97,1,,,,,,,,,,,,,,,
"Transmission Scheme for Solar Energy Zone in Gadag (1000 MW), Karnataka - Part-A, Phase-l - Gadag - Narendra (New) 400 kV D/c",6,Stringing/Cabling,36,47.7,Line,400kV,"Karnataka, Gadag",187,TBCB,24,372,01-01-2022,100,90,88,37.2,36.5,Approved,0,100,150,165,55.8,70.5,1,Complete,100,60,62,93,95.2,1,OnTime,100,90,105,55.8,67.8,95,1,100,120,125,74.4,77.2,97,1,100,75,76,37.2,38.1,98,Flat,,,,,,,,
"Transmission Scheme for Solar Energy Zone in Gadag (1000 MW), Karnataka - Part-A, Phase-l - Gadag - Narendra (New) 400 kV D/c",7,Testing & Commissioning,35,48.4,Line,400kV,"Karnataka, Gadag",187,TBCB,24,372,01-01-2022,100,90,88,37.2,36.5,Approved,0,100,150,165,55.8,70.5,1,Complete,100,60,62,93,95.2,1,OnTime,100,90,105,55.8,67.8,95,1,100,120,125,74.4,77.2,97,1,100,75,76,37.2,38.1,98,Flat,100,45,44,18.6,19.1,Successful,01-09-2024,
"Transmission System for evacuation of power from RE Projects in Osmanabad area (1 GW) in Maharashtra - 2X500 MVA, 400/220kV substation near Kallam PS",1,Planning/Engineering,-2,0.5,Substation,400kV,"Maharashtra, Osmanabad",1000,TBCB,24,170,01-04-2022,100,90,88,17,17.5,Approved,0,,,,,,,,,,,,,,,,,,,,,,,,,,,,,,,,,,,,,,,,,,,
"Transmission System for evacuation of power from RE Projects in Osmanabad area (1 GW) in Maharashtra - 2X500 MVA, 400/220kV substation near Kallam PS",2,Approvals & ROW,13,7,Substation,400kV,"Maharashtra, Osmanabad",1000,TBCB,24,170,01-04-2022,100,90,88,17,17.5,Approved,0,100,150,165,25.5,32,0,Complete,,,,,,,,,,,,,,,,,,,,,,,,,,,,,,,,,,,,
"Transmission System for evacuation of power from RE Projects in Osmanabad area (1 GW) in Maharashtra - 2X500 MVA, 400/220kV substation near Kallam PS",3,Procurement/Supply,15,8.5,Substation,400kV,"Maharashtra, Osmanabad",1000,TBCB,24,170,01-04-2022,100,90,88,17,17.5,Approved,0,100,150,165,25.5,32,0,Complete,100,60,62,42.5,44,1,OnTime,,,,,,,,,,,,,,,,,,,,,,,,,,,,,
"Transmission System for evacuation of power from RE Projects in Osmanabad area (1 GW) in Maharashtra - 2X500 MVA, 400/220kV substation near Kallam PS",4,Site Preparation/Civil,20,10,Substation,400kV,"Maharashtra, Osmanabad",1000,TBCB,24,170,01-04-2022,100,90,88,17,17.5,Approved,0,100,150,165,25.5,32,0,Complete,100,60,62,42.5,44,1,OnTime,100,90,95,25.5,27,98,1,,,,,,,,,,,,,,,,,,,,,,
"Transmission System for evacuation of power from RE Projects in Osmanabad area (1 GW) in Maharashtra - 2X500 MVA, 400/220kV substation near Kallam PS",5,Erection/Construction,25,12,Substation,400kV,"Maharashtra, Osmanabad",1000,TBCB,24,170,01-04-2022,100,90,88,17,17.5,Approved,0,100,150,165,25.5,32,0,Complete,100,60,62,42.5,44,1,OnTime,100,90,95,25.5,27,98,1,100,120,125,34,35.5,97,1,,,,,,,,,,,,,,,
"Transmission System for evacuation of power from RE Projects in Osmanabad area (1 GW) in Maharashtra - 2X500 MVA, 400/220kV substation near Kallam PS",6,Stringing/Cabling,26,12.7,Substation,400kV,"Maharashtra, Osmanabad",1000,TBCB,24,170,01-04-2022,100,90,88,17,17.5,Approved,0,100,150,165,25.5,32,0,Complete,100,60,62,42.5,44,1,OnTime,100,90,95,25.5,27,98,1,100,120,125,34,35.5,97,1,100,75,76,17,17.2,99,Flat,,,,,,,,
"Transmission System for evacuation of power from RE Projects in Osmanabad area (1 GW) in Maharashtra - 2X500 MVA, 400/220kV substation near Kallam PS",7,Testing & Commissioning,27,13,Substation,400kV,"Maharashtra, Osmanabad",1000,TBCB,24,170,01-04-2022,100,90,88,17,17.5,Approved,0,100,150,165,25.5,32,0,Complete,100,60,62,42.5,44,1,OnTime,100,90,95,25.5,27,98,1,100,120,125,34,35.5,97,1,100,75,76,17,17.2,99,Flat,100,45,44,8.5,8.8,Successful,15-03-2024,
Transmission System for evacuation of power from RE Projects in Osmanabad area (1 GW) in Maharashtra - LILO of both circuits of Parli(PG)-Pune(GIS) 400 Kv D/c line at Kallam PS,1,Planning/Engineering,-2,1.8,Line,400kV,"Maharashtra, Osmanabad",50,EPC,24,180,01-01-2024,100,90,88,18,19.8,Approved,0,,,,,,,,,,,,,,,,,,,,,,,,,,,,,,,,,,,,,,,,,,,
Transmission System for evacuation of power from RE Projects in Osmanabad area (1 GW) in Maharashtra - LILO of both circuits of Parli(PG)-Pune(GIS) 400 Kv D/c line at Kallam PS,2,Approvals & ROW,43,50.7,Line,400kV,"Maharashtra, Osmanabad",50,EPC,24,180,01-01-2024,100,90,88,18,19.8,Approved,0,100,150,195,27,45.9,1,Complete,,,,,,,,,,,,,,,,,,,,,,,,,,,,,,,,,,,,
Transmission System for evacuation of power from RE Projects in Osmanabad area (1 GW) in Maharashtra - LILO of both circuits of Parli(PG)-Pune(GIS) 400 Kv D/c line at Kallam PS,3,Procurement/Supply,45,54.2,Line,400kV,"Maharashtra, Osmanabad",50,EPC,24,180,01-01-2024,100,90,88,18,19.8,Approved,0,100,150,195,27,45.9,1,Complete,100,70,72,45,49.5,1,OnTime,,,,,,,,,,,,,,,,,,,,,,,,,,,,,
Transmission System for evacuation of power from RE Projects in Osmanabad area (1 GW) in Maharashtra - LILO of both circuits of Parli(PG)-Pune(GIS) 400 Kv D/c line at Kallam PS,4,Site Preparation/Civil,60,61.7,Line,400kV,"Maharashtra, Osmanabad",50,EPC,24,180,01-01-2024,100,90,88,18,19.8,Approved,0,100,150,195,27,45.9,1,Complete,100,70,72,45,49.5,1,OnTime,100,90,105,27,34.5,95,1,,,,,,,,,,,,,,,,,,,,,,
Transmission System for evacuation of power from RE Projects in Osmanabad area (1 GW) in Maharashtra - LILO of both circuits of Parli(PG)-Pune(GIS) 400 Kv D/c line at Kallam PS,5,Erection/Construction,72,66.2,Line,400kV,"Maharashtra, Osmanabad",50,EPC,24,180,01-01-2024,100,90,88,18,19.8,Approved,0,100,150,195,27,45.9,1,Complete,100,70,72,45,49.5,1,OnTime,100,90,105,27,34.5,95,1,100,120,132,36,40.5,96,1,,,,,,,,,,,,,,,
Transmission System for evacuation of power from RE Projects in Osmanabad area (1 GW) in Maharashtra - LILO of both circuits of Parli(PG)-Pune(GIS) 400 Kv D/c line at Kallam PS,6,Stringing/Cabling,74,68,Line,400kV,"Maharashtra, Osmanabad",50,EPC,24,180,01-01-2024,100,90,88,18,19.8,Approved,0,100,150,195,27,45.9,1,Complete,100,70,72,45,49.5,1,OnTime,100,90,105,27,34.5,95,1,100,120,132,36,40.5,96,1,100,80,82,18,19.8,98,Flat,,,,,,,,
Transmission System for evacuation of power from RE Projects in Osmanabad area (1 GW) in Maharashtra - LILO of both circuits of Parli(PG)-Pune(GIS) 400 Kv D/c line at Kallam PS,7,Testing & Commissioning,75,69.9,Line,400kV,"Maharashtra, Osmanabad",50,EPC,24,180,01-01-2024,100,90,88,18,19.8,Approved,0,100,150,195,27,45.9,1,Complete,100,70,72,45,49.5,1,OnTime,100,90,105,27,34.5,95,1,100,120,132,36,40.5,96,1,100,80,82,18,19.8,98,Flat,100,45,46,9,9.9,Successful,15-12-2025,
"Transmission System for evacuation of power from RE projects in Rajgarh (2500 MW) SEZ in Madhya Pradesh - 3x500 MVA, 400/220 kV Pachora SEZ",1,Planning/Engineering,-2,1.5,Substation,400kV,"Madhya Pradesh, Rajgarh",1500,TBCB,24,367,01-03-2025,100,90,88,36.7,38.2,Approved,0,,,,,,,,,,,,,,,,,,,,,,,,,,,,,,,,,,,,,,,,,,,
"Transmission System for evacuation of power from RE projects in Rajgarh (2500 MW) SEZ in Madhya Pradesh - 3x500 MVA, 400/220 kV Pachora SEZ",2,Approvals & ROW,13,26.25,Substation,400kV,"Madhya Pradesh, Rajgarh",1500,TBCB,24,367,01-03-2025,100,90,88,36.7,38.2,Approved,0,100,150,165,55.05,70.5,1,Complete,,,,,,,,,,,,,,,,,,,,,,,,,,,,,,,,,,,,
"Transmission System for evacuation of power from RE projects in Rajgarh (2500 MW) SEZ in Madhya Pradesh - 3x500 MVA, 400/220 kV Pachora SEZ",3,Procurement/Supply,15,31.05,Substation,400kV,"Madhya Pradesh, Rajgarh",1500,TBCB,24,367,01-03-2025,100,90,88,36.7,38.2,Approved,0,100,150,165,55.05,70.5,1,Complete,100,70,72,91.75,96.3,1,OnTime,,,,,,,,,,,,,,,,,,,,,,,,,,,,,
"Transmission System for evacuation of power from RE projects in Rajgarh (2500 MW) SEZ in Madhya Pradesh - 3x500 MVA, 400/220 kV Pachora SEZ",4,Site Preparation/Civil,30,44.1,Substation,400kV,"Madhya Pradesh, Rajgarh",1500,TBCB,24,367,01-03-2025,100,90,88,36.7,38.2,Approved,0,100,150,165,55.05,70.5,1,Complete,100,70,72,91.75,96.3,1,OnTime,100,90,105,55.05,67.8,95,1,,,,,,,,,,,,,,,,,,,,,,
"Transmission System for evacuation of power from RE projects in Rajgarh (2500 MW) SEZ in Madhya Pradesh - 3x500 MVA, 400/220 kV Pachora SEZ",5,Erection/Construction,38,47.8,Substation,400kV,"Madhya Pradesh, Rajgarh",1500,TBCB,24,367,01-03-2025,100,90,88,36.7,38.2,Approved,0,100,150,165,55.05,70.5,1,Complete,100,70,72,91.75,96.3,1,OnTime,100,90,105,55.05,67.8,95,1,100,120,128,73.4,77.1,96,1,,,,,,,,,,,,,,,
"Transmission System for evacuation of power from RE projects in Rajgarh (2500 MW) SEZ in Madhya Pradesh - 3x500 MVA, 400/220 kV Pachora SEZ",6,Stringing/Cabling,40,49.05,Substation,400kV,"Madhya Pradesh, Rajgarh",1500,TBCB,24,367,01-03-2025,100,90,88,36.7,38.2,Approved,0,100,150,165,55.05,70.5,1,Complete,100,70,72,91.75,96.3,1,OnTime,100,90,105,55.05,67.8,95,1,100,120,128,73.4,77.1,96,1,100,80,82,36.7,37.9,98,Flat,,,,,,,,
"Transmission System for evacuation of power from RE projects in Rajgarh (2500 MW) SEZ in Madhya Pradesh - 3x500 MVA, 400/220 kV Pachora SEZ",7,Testing & Commissioning,41,50.1,Substation,400kV,"Madhya Pradesh, Rajgarh",1500,TBCB,24,367,01-03-2025,100,90,88,36.7,38.2,Approved,0,100,150,165,55.05,70.5,1,Complete,100,70,72,91.75,96.3,1,OnTime,100,90,105,55.05,67.8,95,1,100,120,128,73.4,77.1,96,1,100,80,82,36.7,37.9,98,Flat,100,45,46,18.35,19.2,Successful,15-11-2026,
Transmission System for evacuation of power from RE projects in Rajgarh (2500 MW) SEZ in Madhya Pradesh - Pachora SEZ PP -Bhopal (Sterlite) 400 kV D/c line,1,Planning/Engineering,-2,1,Line,400kV,"Madhya Pradesh, Rajgarh",350,TBCB,24,408,01-03-2025,100,90,88,41,42,Approved,0,,,,,,,,,,,,,,,,,,,,,,,,,,,,,,,,,,,,,,,,,,,
Transmission System for evacuation of power from RE projects in Rajgarh (2500 MW) SEZ in Madhya Pradesh - Pachora SEZ PP -Bhopal (Sterlite) 400 kV D/c line,2,Approvals & ROW,13,35,Line,400kV,"Madhya Pradesh, Rajgarh",350,TBCB,24,408,01-03-2025,100,90,88,41,42,Approved,0,100,150,165,61,75,1,Complete,,,,,,,,,,,,,,,,,,,,,,,,,,,,,,,,,,,,
Transmission System for evacuation of power from RE projects in Rajgarh (2500 MW) SEZ in Madhya Pradesh - Pachora SEZ PP -Bhopal (Sterlite) 400 kV D/c line,3,Procurement/Supply,15,41,Line,400kV,"Madhya Pradesh, Rajgarh",350,TBCB,24,408,01-03-2025,100,90,88,41,42,Approved,0,100,150,165,61,75,1,Complete,100,70,72,102,108,1,OnTime,,,,,,,,,,,,,,,,,,,,,,,,,,,,,
Transmission System for evacuation of power from RE projects in Rajgarh (2500 MW) SEZ in Madhya Pradesh - Pachora SEZ PP -Bhopal (Sterlite) 400 kV D/c line,4,Site Preparation/Civil,30,48,Line,400kV,"Madhya Pradesh, Rajgarh",350,TBCB,24,408,01-03-2025,100,90,88,41,42,Approved,0,100,150,165,61,75,1,Complete,100,70,72,102,108,1,OnTime,100,90,105,61,72,95,1,,,,,,,,,,,,,,,,,,,,,,
Transmission System for evacuation of power from RE projects in Rajgarh (2500 MW) SEZ in Madhya Pradesh - Pachora SEZ PP -Bhopal (Sterlite) 400 kV D/c line,5,Erection/Construction,38,53,Line,400kV,"Madhya Pradesh, Rajgarh",350,TBCB,24,408,01-03-2025,100,90,88,41,42,Approved,0,100,150,165,61,75,1,Complete,100,70,72,102,108,1,OnTime,100,90,105,61,72,95,1,100,120,128,82,87,96,1,,,,,,,,,,,,,,,
Transmission System for evacuation of power from RE projects in Rajgarh (2500 MW) SEZ in Madhya Pradesh - Pachora SEZ PP -Bhopal (Sterlite) 400 kV D/c line,6,Stringing/Cabling,40,55,Line,400kV,"Madhya Pradesh, Rajgarh",350,TBCB,24,408,01-03-2025,100,90,88,41,42,Approved,0,100,150,165,61,75,1,Complete,100,70,72,102,108,1,OnTime,100,90,105,61,72,95,1,100,120,128,82,87,96,1,100,80,82,41,43,98,Flat,,,,,,,,
Transmission System for evacuation of power from RE projects in Rajgarh (2500 MW) SEZ in Madhya Pradesh - Pachora SEZ PP -Bhopal (Sterlite) 400 kV D/c line,7,Testing & Commissioning,41,56,Line,400kV,"Madhya Pradesh, Rajgarh",350,TBCB,24,408,01-03-2025,100,90,88,41,42,Approved,0,100,150,165,61,75,1,Complete,100,70,72,102,108,1,OnTime,100,90,105,61,72,95,1,100,120,128,82,87,96,1,100,80,82,41,43,98,Flat,100,45,46,20,21,Successful,15-02-2027,
Transmission scheme for evacuation of 3GW RE injection at Khavda P.S. under Phase-I - Khavda PS (GIS) - Bhuj PS 765 kV D/c line,1,Planning/Engineering,-5,1,Line,765kV,"Gujarat, Kutch",220,EPC,24,350,01-01-2024,100,90,85,35,36,Approved,0,,,,,,,,,,,,,,,,,,,,,,,,,,,,,,,,,,,,,,,,,,,
Transmission scheme for evacuation of 3GW RE injection at Khavda P.S. under Phase-I - Khavda PS (GIS) - Bhuj PS 765 kV D/c line,2,Approvals & ROW,25,82.75,Line,765kV,"Gujarat, Kutch",220,EPC,24,350,01-01-2024,100,90,85,35,36,Approved,0,100,150,180,52.5,78.75,0,Complete,,,,,,,,,,,,,,,,,,,,,,,,,,,,,,,,,,,,
Transmission scheme for evacuation of 3GW RE injection at Khavda P.S. under Phase-I - Khavda PS (GIS) - Bhuj PS 765 kV D/c line,3,Procurement/Supply,28,178.875,Line,765kV,"Gujarat, Kutch",220,EPC,24,350,01-01-2024,100,90,85,35,36,Approved,0,100,150,180,52.5,78.75,0,Complete,100,75,78,87.5,98.125,1,Delayed,,,,,,,,,,,,,,,,,,,,,,,,,,,,,
Transmission scheme for evacuation of 3GW RE injection at Khavda P.S. under Phase-I - Khavda PS (GIS) - Bhuj PS 765 kV D/c line,4,Site Preparation/Civil,43,292.625,Line,765kV,"Gujarat, Kutch",220,EPC,24,350,01-01-2024,100,90,85,35,36,Approved,0,100,150,180,52.5,78.75,0,Complete,100,75,78,87.5,98.125,1,Delayed,100,90,105,52.5,66.75,95,1,,,,,,,,,,,,,,,,,,,,,,
Transmission scheme for evacuation of 3GW RE injection at Khavda P.S. under Phase-I - Khavda PS (GIS) - Bhuj PS 765 kV D/c line,5,Erection/Construction,58,406.625,Line,765kV,"Gujarat, Kutch",220,EPC,24,350,01-01-2024,100,90,85,35,36,Approved,0,100,150,180,52.5,78.75,0,Complete,100,75,78,87.5,98.125,1,Delayed,100,90,105,52.5,66.75,95,1,100,120,135,70,84,97,1,,,,,,,,,,,,,,,
Transmission scheme for evacuation of 3GW RE injection at Khavda P.S. under Phase-I - Khavda PS (GIS) - Bhuj PS 765 kV D/c line,6,Stringing/Cabling,60,450.125,Line,765kV,"Gujarat, Kutch",220,EPC,24,350,01-01-2024,100,90,85,35,36,Approved,0,100,150,180,52.5,78.75,0,Complete,100,75,78,87.5,98.125,1,Delayed,100,90,105,52.5,66.75,95,1,100,120,135,70,84,97,1,100,80,82,35,38.5,98,Flat,,,,,,,,
Transmission scheme for evacuation of 3GW RE injection at Khavda P.S. under Phase-I - Khavda PS (GIS) - Bhuj PS 765 kV D/c line,7,Testing & Commissioning,61,452.375,Line,765kV,"Gujarat, Kutch",220,EPC,24,350,01-01-2024,100,90,85,35,36,Approved,0,100,150,180,52.5,78.75,0,Complete,100,75,78,87.5,98.125,1,Delayed,100,90,105,52.5,66.75,95,1,100,120,135,70,84,97,1,100,80,82,35,38.5,98,Flat,100,45,46,17.5,19.25,Successful,15-12-2025,
"Transmission system for evacuation of power from Neemuch Solar Park (1000 MW) - 2x500 MVA, 400/220 kV Pooling Station (AIS) at Neemuch",1,Planning/Engineering,-5,-3,Substation,400kV,"Madhya Pradesh, Neemuch",1000,TBCB,24,1482,23-02-2022,100,90,85,148,145,Approved,0,,,,,,,,,,,,,,,,,,,,,,,,,,,,,,,,,,,,,,,,,,,
"Transmission system for evacuation of power from Neemuch Solar Park (1000 MW) - 2x500 MVA, 400/220 kV Pooling Station (AIS) at Neemuch",2,Approvals & ROW,10,112,Substation,400kV,"Madhya Pradesh, Neemuch",1000,TBCB,24,1482,23-02-2022,100,90,85,148,145,Approved,0,100,150,165,222,280,0,Complete,,,,,,,,,,,,,,,,,,,,,,,,,,,,,,,,,,,,
"Transmission system for evacuation of power from Neemuch Solar Park (1000 MW) - 2x500 MVA, 400/220 kV Pooling Station (AIS) at Neemuch",3,Procurement/Supply,12,127,Substation,400kV,"Madhya Pradesh, Neemuch",1000,TBCB,24,1482,23-02-2022,100,90,85,148,145,Approved,0,100,150,165,222,280,0,Complete,100,70,72,370,385,1,OnTime,,,,,,,,,,,,,,,,,,,,,,,,,,,,,
"Transmission system for evacuation of power from Neemuch Solar Park (1000 MW) - 2x500 MVA, 400/220 kV Pooling Station (AIS) at Neemuch",4,Site Preparation/Civil,17,140,Substation,400kV,"Madhya Pradesh, Neemuch",1000,TBCB,24,1482,23-02-2022,100,90,85,148,145,Approved,0,100,150,165,222,280,0,Complete,100,70,72,370,385,1,OnTime,100,90,95,222,235,98,1,,,,,,,,,,,,,,,,,,,,,,
"Transmission system for evacuation of power from Neemuch Solar Park (1000 MW) - 2x500 MVA, 400/220 kV Pooling Station (AIS) at Neemuch",5,Erection/Construction,22,154,Substation,400kV,"Madhya Pradesh, Neemuch",1000,TBCB,24,1482,23-02-2022,100,90,85,148,145,Approved,0,100,150,165,222,280,0,Complete,100,70,72,370,385,1,OnTime,100,90,95,222,235,98,1,100,120,125,296,310,97,1,,,,,,,,,,,,,,,
"Transmission system for evacuation of power from Neemuch Solar Park (1000 MW) - 2x500 MVA, 400/220 kV Pooling Station (AIS) at Neemuch",6,Stringing/Cabling,20,156,Substation,400kV,"Madhya Pradesh, Neemuch",1000,TBCB,24,1482,23-02-2022,100,90,85,148,145,Approved,0,100,150,165,222,280,0,Complete,100,70,72,370,385,1,OnTime,100,90,95,222,235,98,1,100,120,125,296,310,97,1,100,80,78,148,150,99,Flat,,,,,,,,
"Transmission system for evacuation of power from Neemuch Solar Park (1000 MW) - 2x500 MVA, 400/220 kV Pooling Station (AIS) at Neemuch",7,Testing & Commissioning,17,155,Substation,400kV,"Madhya Pradesh, Neemuch",1000,TBCB,24,1482,23-02-2022,100,90,85,148,145,Approved,0,100,150,165,222,280,0,Complete,100,70,72,370,385,1,OnTime,100,90,95,222,235,98,1,100,120,125,296,310,97,1,100,80,78,148,150,99,Flat,100,45,42,74,73,Successful,24-04-2024,
Transmission system for evacuation of power from Neemuch Solar Park (1000 MW) - Neemuch PS-Chhittorgarh (PG) s/s 400 kV D/C line,1,Planning/Engineering,-2,4,Line,400kV,"Madhya Pradesh, Neemuch; Rajasthan, Chittorgarh",250,TBCB,24,1482,01-03-2022,100,90,88,148,152,Approved,0,,,,,,,,,,,,,,,,,,,,,,,,,,,,,,,,,,,,,,,,,,,
Transmission system for evacuation of power from Neemuch Solar Park (1000 MW) - Neemuch PS-Chhittorgarh (PG) s/s 400 kV D/C line,2,Approvals & ROW,13,101,Line,400kV,"Madhya Pradesh, Neemuch; Rajasthan, Chittorgarh",250,TBCB,24,1482,01-03-2022,100,90,88,148,152,Approved,0,100,150,165,222,265,0,Complete,,,,,,,,,,,,,,,,,,,,,,,,,,,,,,,,,,,,
Transmission system for evacuation of power from Neemuch Solar Park (1000 MW) - Neemuch PS-Chhittorgarh (PG) s/s 400 kV D/C line,3,Procurement/Supply,16,116,Line,400kV,"Madhya Pradesh, Neemuch; Rajasthan, Chittorgarh",250,TBCB,24,1482,01-03-2022,100,90,88,148,152,Approved,0,100,150,165,222,265,0,Complete,100,75,78,370,385,1,OnTime,,,,,,,,,,,,,,,,,,,,,,,,,,,,,
Transmission system for evacuation of power from Neemuch Solar Park (1000 MW) - Neemuch PS-Chhittorgarh (PG) s/s 400 kV D/C line,4,Site Preparation/Civil,21,128,Line,400kV,"Madhya Pradesh, Neemuch; Rajasthan, Chittorgarh",250,TBCB,24,1482,01-03-2022,100,90,88,148,152,Approved,0,100,150,165,222,265,0,Complete,100,75,78,370,385,1,OnTime,100,90,95,223,235,98,1,,,,,,,,,,,,,,,,,,,,,,
Transmission system for evacuation of power from Neemuch Solar Park (1000 MW) - Neemuch PS-Chhittorgarh (PG) s/s 400 kV D/C line,5,Erection/Construction,29,142,Line,400kV,"Madhya Pradesh, Neemuch; Rajasthan, Chittorgarh",250,TBCB,24,1482,01-03-2022,100,90,88,148,152,Approved,0,100,150,165,222,265,0,Complete,100,75,78,370,385,1,OnTime,100,90,95,223,235,98,1,100,120,128,296,310,97,1,,,,,,,,,,,,,,,
Transmission system for evacuation of power from Neemuch Solar Park (1000 MW) - Neemuch PS-Chhittorgarh (PG) s/s 400 kV D/C line,6,Stringing/Cabling,31,147,Line,400kV,"Madhya Pradesh, Neemuch; Rajasthan, Chittorgarh",250,TBCB,24,1482,01-03-2022,100,90,88,148,152,Approved,0,100,150,165,222,265,0,Complete,100,75,78,370,385,1,OnTime,100,90,95,223,235,98,1,100,120,128,296,310,97,1,100,80,82,148,153,99,Flat,,,,,,,,
Transmission system for evacuation of power from Neemuch Solar Park (1000 MW) - Neemuch PS-Chhittorgarh (PG) s/s 400 kV D/C line,7,Testing & Commissioning,32,149,Line,400kV,"Madhya Pradesh, Neemuch; Rajasthan, Chittorgarh",250,TBCB,24,1482,01-03-2022,100,90,88,148,152,Approved,0,100,150,165,222,265,0,Complete,100,75,78,370,385,1,OnTime,100,90,95,223,235,98,1,100,120,128,296,310,97,1,100,80,82,148,153,99,Flat,100,45,46,75,77,Successful,24-04-2024,
Transmission system strengthening scheme for evacuation of power from solar energy zones in Rajasthan (8.1 GW) under phase-II- Part B - Fatehgarh II- Bhadla II 765kV D/C Line (2nd),1,Planning/Engineering,-2,2,Line,765kV,"Rajasthan, Jaisalmer-Jodhpur",405,TBCB,30,1106,01-01-2021,100,90,88,110,112,Approved,1,,,,,,,,,,,,,,,,,,,,,,,,,,,,,,,,,,,,,,,,,,,
Transmission system strengthening scheme for evacuation of power from solar energy zones in Rajasthan (8.1 GW) under phase-II- Part B - Fatehgarh II- Bhadla II 765kV D/C Line (2nd),2,Approvals & ROW,68,142,Line,765kV,"Rajasthan, Jaisalmer-Jodhpur",405,TBCB,30,1106,01-01-2021,100,90,88,110,112,Approved,1,100,150,210,166,250,1,Complete,,,,,,,,,,,,,,,,,,,,,,,,,,,,,,,,,,,,
Transmission system strengthening scheme for evacuation of power from solar energy zones in Rajasthan (8.1 GW) under phase-II- Part B - Fatehgarh II- Bhadla II 765kV D/C Line (2nd),3,Procurement/Supply,75,156,Line,765kV,"Rajasthan, Jaisalmer-Jodhpur",405,TBCB,30,1106,01-01-2021,100,90,88,110,112,Approved,1,100,150,210,166,250,1,Complete,100,75,82,276,290,1,Delayed,,,,,,,,,,,,,,,,,,,,,,,,,,,,,
Transmission system strengthening scheme for evacuation of power from solar energy zones in Rajasthan (8.1 GW) under phase-II- Part B - Fatehgarh II- Bhadla II 765kV D/C Line (2nd),4,Site Preparation/Civil,95,185,Line,765kV,"Rajasthan, Jaisalmer-Jodhpur",405,TBCB,30,1106,01-01-2021,100,90,88,110,112,Approved,1,100,150,210,166,250,1,Complete,100,75,82,276,290,1,Delayed,100,90,110,166,195,95,1,,,,,,,,,,,,,,,,,,,,,,
Transmission system strengthening scheme for evacuation of power from solar energy zones in Rajasthan (8.1 GW) under phase-II- Part B - Fatehgarh II- Bhadla II 765kV D/C Line (2nd),5,Erection/Construction,110,199,Line,765kV,"Rajasthan, Jaisalmer-Jodhpur",405,TBCB,30,1106,01-01-2021,100,90,88,110,112,Approved,1,100,150,210,166,250,1,Complete,100,75,82,276,290,1,Delayed,100,90,110,166,195,95,1,100,120,135,221,235,97,1,,,,,,,,,,,,,,,
Transmission system strengthening scheme for evacuation of power from solar energy zones in Rajasthan (8.1 GW) under phase-II- Part B - Fatehgarh II- Bhadla II 765kV D/C Line (2nd),6,Stringing/Cabling,115,204,Line,765kV,"Rajasthan, Jaisalmer-Jodhpur",405,TBCB,30,1106,01-01-2021,100,90,88,110,112,Approved,1,100,150,210,166,250,1,Complete,100,75,82,276,290,1,Delayed,100,90,110,166,195,95,1,100,120,135,221,235,97,1,100,80,85,111,115,98,Flat,,,,,,,,
Transmission system strengthening scheme for evacuation of power from solar energy zones in Rajasthan (8.1 GW) under phase-II- Part B - Fatehgarh II- Bhadla II 765kV D/C Line (2nd),7,Testing & Commissioning,117,206,Line,765kV,"Rajasthan, Jaisalmer-Jodhpur",405,TBCB,30,1106,01-01-2021,100,90,88,110,112,Approved,1,100,150,210,166,250,1,Complete,100,75,82,276,290,1,Delayed,100,90,110,166,195,95,1,100,120,135,221,235,97,1,100,80,85,111,115,98,Flat,100,45,47,55,57,Successful,15-08-2024,
"Transmission system strengthening scheme for evacuation of power from solar energy zones in Rajasthan (8.1 GW) under phase-II- Part C - 765/400kV, 2x1500MVA Substation at Sikar -II",1,Planning/Engineering,-5,1,Substation,765kV,"Rajasthan, Sikar",3000,TBCB,24,350,01-01-2023,100,90,85,35,36,Approved,0,,,,,,,,,,,,,,,,,,,,,,,,,,,,,,,,,,,,,,,,,,,
"Transmission system strengthening scheme for evacuation of power from solar energy zones in Rajasthan (8.1 GW) under phase-II- Part C - 765/400kV, 2x1500MVA Substation at Sikar -II",2,Approvals & ROW,10,16,Substation,765kV,"Rajasthan, Sikar",3000,TBCB,24,350,01-01-2023,100,90,85,35,36,Approved,0,100,150,165,52.5,65,0,Complete,,,,,,,,,,,,,,,,,,,,,,,,,,,,,,,,,,,,
"Transmission system strengthening scheme for evacuation of power from solar energy zones in Rajasthan (8.1 GW) under phase-II- Part C - 765/400kV, 2x1500MVA Substation at Sikar -II",3,Procurement/Supply,18,21,Substation,765kV,"Rajasthan, Sikar",3000,TBCB,24,350,01-01-2023,100,90,85,35,36,Approved,0,100,150,165,52.5,65,0,Complete,100,60,68,87.5,92,1,OnTime,,,,,,,,,,,,,,,,,,,,,,,,,,,,,
"Transmission system strengthening scheme for evacuation of power from solar energy zones in Rajasthan (8.1 GW) under phase-II- Part C - 765/400kV, 2x1500MVA Substation at Sikar -II",4,Site Preparation/Civil,23,26.5,Substation,765kV,"Rajasthan, Sikar",3000,TBCB,24,350,01-01-2023,100,90,85,35,36,Approved,0,100,150,165,52.5,65,0,Complete,100,60,68,87.5,92,1,OnTime,100,90,95,52.5,58,98,1,,,,,,,,,,,,,,,,,,,,,,
"Transmission system strengthening scheme for evacuation of power from solar energy zones in Rajasthan (8.1 GW) under phase-II- Part C - 765/400kV, 2x1500MVA Substation at Sikar -II",5,Erection/Construction,33,31.5,Substation,765kV,"Rajasthan, Sikar",3000,TBCB,24,350,01-01-2023,100,90,85,35,36,Approved,0,100,150,165,52.5,65,0,Complete,100,60,68,87.5,92,1,OnTime,100,90,95,52.5,58,98,1,100,120,130,70,75,100,1,,,,,,,,,,,,,,,
"Transmission system strengthening scheme for evacuation of power from solar energy zones in Rajasthan (8.1 GW) under phase-II- Part C - 765/400kV, 2x1500MVA Substation at Sikar -II",6,Stringing/Cabling,36,32.5,Substation,765kV,"Rajasthan, Sikar",3000,TBCB,24,350,01-01-2023,100,90,85,35,36,Approved,0,100,150,165,52.5,65,0,Complete,100,60,68,87.5,92,1,OnTime,100,90,95,52.5,58,98,1,100,120,130,70,75,100,1,100,75,78,35,36,100,Flat,,,,,,,,
"Transmission system strengthening scheme for evacuation of power from solar energy zones in Rajasthan (8.1 GW) under phase-II- Part C - 765/400kV, 2x1500MVA Substation at Sikar -II",7,Testing & Commissioning,33,33,Substation,765kV,"Rajasthan, Sikar",3000,TBCB,24,350,01-01-2023,100,90,85,35,36,Approved,0,100,150,165,52.5,65,0,Complete,100,60,68,87.5,92,1,OnTime,100,90,95,52.5,58,98,1,100,120,130,70,75,100,1,100,75,78,35,36,100,Flat,100,45,42,17.5,18,Successful,19-12-2024,
Transmission system strengthening scheme for evacuation of power from solar energy zones in Rajasthan (8.1 GW) under phase-II- Part C - Bhadla II - Sikar II 765 kV D/C line,1,Planning/Engineering,2,8,Line,765kV,"Rajasthan, Bikaner-Jaipur",320,TBCB,30,1618,01-01-2022,100,90,92,162,170,Approved,1,,,,,,,,,,,,,,,,,,,,,,,,,,,,,,,,,,,,,,,,,,,
Transmission system strengthening scheme for evacuation of power from solar energy zones in Rajasthan (8.1 GW) under phase-II- Part C - Bhadla II - Sikar II 765 kV D/C line,2,Approvals & ROW,47,155,Line,765kV,"Rajasthan, Bikaner-Jaipur",320,TBCB,30,1618,01-01-2022,100,90,92,162,170,Approved,1,100,150,195,243,350,0,Complete,,,,,,,,,,,,,,,,,,,,,,,,,,,,,,,,,,,,
Transmission system strengthening scheme for evacuation of power from solar energy zones in Rajasthan (8.1 GW) under phase-II- Part C - Bhadla II - Sikar II 765 kV D/C line,3,Procurement/Supply,55,181,Line,765kV,"Rajasthan, Bikaner-Jaipur",320,TBCB,30,1618,01-01-2022,100,90,92,162,170,Approved,1,100,150,195,243,350,0,Complete,100,70,78,404,430,1,Delayed,,,,,,,,,,,,,,,,,,,,,,,,,,,,,
Transmission system strengthening scheme for evacuation of power from solar energy zones in Rajasthan (8.1 GW) under phase-II- Part C - Bhadla II - Sikar II 765 kV D/C line,4,Site Preparation/Civil,70,218,Line,765kV,"Rajasthan, Bikaner-Jaipur",320,TBCB,30,1618,01-01-2022,100,90,92,162,170,Approved,1,100,150,195,243,350,0,Complete,100,70,78,404,430,1,Delayed,100,90,105,243,280,95,1,,,,,,,,,,,,,,,,,,,,,,
Transmission system strengthening scheme for evacuation of power from solar energy zones in Rajasthan (8.1 GW) under phase-II- Part C - Bhadla II - Sikar II 765 kV D/C line,5,Erection/Construction,85,244,Line,765kV,"Rajasthan, Bikaner-Jaipur",320,TBCB,30,1618,01-01-2022,100,90,92,162,170,Approved,1,100,150,195,243,350,0,Complete,100,70,78,404,430,1,Delayed,100,90,105,243,280,95,1,100,120,135,324,350,96,1,,,,,,,,,,,,,,,
Transmission system strengthening scheme for evacuation of power from solar energy zones in Rajasthan (8.1 GW) under phase-II- Part C - Bhadla II - Sikar II 765 kV D/C line,6,Stringing/Cabling,90,254,Line,765kV,"Rajasthan, Bikaner-Jaipur",320,TBCB,30,1618,01-01-2022,100,90,92,162,170,Approved,1,100,150,195,243,350,0,Complete,100,70,78,404,430,1,Delayed,100,90,105,243,280,95,1,100,120,135,324,350,96,1,100,80,85,162,172,98,Flat,,,,,,,,
Transmission system strengthening scheme for evacuation of power from solar energy zones in Rajasthan (8.1 GW) under phase-II- Part C - Bhadla II - Sikar II 765 kV D/C line,7,Testing & Commissioning,93,263,Line,765kV,"Rajasthan, Bikaner-Jaipur",320,TBCB,30,1618,01-01-2022,100,90,92,162,170,Approved,1,100,150,195,243,350,0,Complete,100,70,78,404,430,1,Delayed,100,90,105,243,280,95,1,100,120,135,324,350,96,1,100,80,85,162,172,98,Flat,100,45,48,81,86,Successful,19-12-2024,
"Western Region Strengthening Scheme-XIX (WRSS-XIX) and North Eastern Region Strengthening Scheme-IX (NERSS-IX) - 2 x 500 MVA, 400/220 kV S/s near Vapi / Ambheti (Vapi-II)",1,Planning/Engineering,-2,3,Substation,400kV,"Gujarat, Valsad",1000,TBCB,24,1223,01-01-2022,100,90,88,122,125,Approved,0,,,,,,,,,,,,,,,,,,,,,,,,,,,,,,,,,,,,,,,,,,,
"Western Region Strengthening Scheme-XIX (WRSS-XIX) and North Eastern Region Strengthening Scheme-IX (NERSS-IX) - 2 x 500 MVA, 400/220 kV S/s near Vapi / Ambheti (Vapi-II)",2,Approvals & ROW,13,31,Substation,400kV,"Gujarat, Valsad",1000,TBCB,24,1223,01-01-2022,100,90,88,122,125,Approved,0,100,150,165,183,210,0,Complete,,,,,,,,,,,,,,,,,,,,,,,,,,,,,,,,,,,,
"Western Region Strengthening Scheme-XIX (WRSS-XIX) and North Eastern Region Strengthening Scheme-IX (NERSS-IX) - 2 x 500 MVA, 400/220 kV S/s near Vapi / Ambheti (Vapi-II)",3,Procurement/Supply,15,35,Substation,400kV,"Gujarat, Valsad",1000,TBCB,24,1223,01-01-2022,100,90,88,122,125,Approved,0,100,150,165,183,210,0,Complete,100,70,72,306,310,1,OnTime,,,,,,,,,,,,,,,,,,,,,,,,,,,,,
"Western Region Strengthening Scheme-XIX (WRSS-XIX) and North Eastern Region Strengthening Scheme-IX (NERSS-IX) - 2 x 500 MVA, 400/220 kV S/s near Vapi / Ambheti (Vapi-II)",4,Site Preparation/Civil,20,42,Substation,400kV,"Gujarat, Valsad",1000,TBCB,24,1223,01-01-2022,100,90,88,122,125,Approved,0,100,150,165,183,210,0,Complete,100,70,72,306,310,1,OnTime,100,90,95,183,190,98,1,,,,,,,,,,,,,,,,,,,,,,
"Western Region Strengthening Scheme-XIX (WRSS-XIX) and North Eastern Region Strengthening Scheme-IX (NERSS-IX) - 2 x 500 MVA, 400/220 kV S/s near Vapi / Ambheti (Vapi-II)",5,Erection/Construction,25,49,Substation,400kV,"Gujarat, Valsad",1000,TBCB,24,1223,01-01-2022,100,90,88,122,125,Approved,0,100,150,165,183,210,0,Complete,100,70,72,306,310,1,OnTime,100,90,95,183,190,98,1,100,120,125,245,252,100,1,,,,,,,,,,,,,,,
"Western Region Strengthening Scheme-XIX (WRSS-XIX) and North Eastern Region Strengthening Scheme-IX (NERSS-IX) - 2 x 500 MVA, 400/220 kV S/s near Vapi / Ambheti (Vapi-II)",6,Stringing/Cabling,27,52,Substation,400kV,"Gujarat, Valsad",1000,TBCB,24,1223,01-01-2022,100,90,88,122,125,Approved,0,100,150,165,183,210,0,Complete,100,70,72,306,310,1,OnTime,100,90,95,183,190,98,1,100,120,125,245,252,100,1,100,80,82,122,125,100,Flat,,,,,,,,
"Western Region Strengthening Scheme-XIX (WRSS-XIX) and North Eastern Region Strengthening Scheme-IX (NERSS-IX) - 2 x 500 MVA, 400/220 kV S/s near Vapi / Ambheti (Vapi-II)",7,Testing & Commissioning,28,53,Substation,400kV,"Gujarat, Valsad",1000,TBCB,24,1223,01-01-2022,100,90,88,122,125,Approved,0,100,150,165,183,210,0,Complete,100,70,72,306,310,1,OnTime,100,90,95,183,190,98,1,100,120,125,245,252,100,1,100,80,82,122,125,100,Flat,100,45,46,61,62,Successful,01-10-2024,
Western Region Strengthening Scheme-XIX (WRSS-XIX) and North Eastern Region Strengthening Scheme-IX (NERSS-IX) - LILO of Apta Kalwa/Taloja 220 kV D/c line at Navi Mumbai (PG),1,Planning/Engineering,-2,0.6,Line,400kV,"Maharashtra, Navi Mumbai",25,TBCB,24,256,01-01-2022,100,90,88,25.6,26.2,Approved,0,,,,,,,,,,,,,,,,,,,,,,,,,,,,,,,,,,,,,,,,,,,
Western Region Strengthening Scheme-XIX (WRSS-XIX) and North Eastern Region Strengthening Scheme-IX (NERSS-IX) - LILO of Apta Kalwa/Taloja 220 kV D/c line at Navi Mumbai (PG),2,Approvals & ROW,13,31.1,Line,400kV,"Maharashtra, Navi Mumbai",25,TBCB,24,256,01-01-2022,100,90,88,25.6,26.2,Approved,0,100,150,165,38.4,45.1,0,Complete,,,,,,,,,,,,,,,,,,,,,,,,,,,,,,,,,,,,
Western Region Strengthening Scheme-XIX (WRSS-XIX) and North Eastern Region Strengthening Scheme-IX (NERSS-IX) - LILO of Apta Kalwa/Taloja 220 kV D/c line at Navi Mumbai (PG),3,Procurement/Supply,15,33.6,Line,400kV,"Maharashtra, Navi Mumbai",25,TBCB,24,256,01-01-2022,100,90,88,25.6,26.2,Approved,0,100,150,165,38.4,45.1,0,Complete,100,60,62,64,66.5,1,OnTime,,,,,,,,,,,,,,,,,,,,,,,,,,,,,
Western Region Strengthening Scheme-XIX (WRSS-XIX) and North Eastern Region Strengthening Scheme-IX (NERSS-IX) - LILO of Apta Kalwa/Taloja 220 kV D/c line at Navi Mumbai (PG),4,Site Preparation/Civil,17,35.4,Line,400kV,"Maharashtra, Navi Mumbai",25,TBCB,24,256,01-01-2022,100,90,88,25.6,26.2,Approved,0,100,150,165,38.4,45.1,0,Complete,100,60,62,64,66.5,1,OnTime,100,90,92,38.4,39.8,98,1,,,,,,,,,,,,,,,,,,,,,,
Western Region Strengthening Scheme-XIX (WRSS-XIX) and North Eastern Region Strengthening Scheme-IX (NERSS-IX) - LILO of Apta Kalwa/Taloja 220 kV D/c line at Navi Mumbai (PG),5,Erection/Construction,22,37.8,Line,400kV,"Maharashtra, Navi Mumbai",25,TBCB,24,256,01-01-2022,100,90,88,25.6,26.2,Approved,0,100,150,165,38.4,45.1,0,Complete,100,60,62,64,66.5,1,OnTime,100,90,92,38.4,39.8,98,1,100,120,125,51.2,53.4,97,1,,,,,,,,,,,,,,,
Western Region Strengthening Scheme-XIX (WRSS-XIX) and North Eastern Region Strengthening Scheme-IX (NERSS-IX) - LILO of Apta Kalwa/Taloja 220 kV D/c line at Navi Mumbai (PG),6,Stringing/Cabling,23,38.3,Line,400kV,"Maharashtra, Navi Mumbai",25,TBCB,24,256,01-01-2022,100,90,88,25.6,26.2,Approved,0,100,150,165,38.4,45.1,0,Complete,100,60,62,64,66.5,1,OnTime,100,90,92,38.4,39.8,98,1,100,120,125,51.2,53.4,97,1,100,75,76,25.6,26.1,99,Flat,,,,,,,,
Western Region Strengthening Scheme-XIX (WRSS-XIX) and North Eastern Region Strengthening Scheme-IX (NERSS-IX) - LILO of Apta Kalwa/Taloja 220 kV D/c line at Navi Mumbai (PG),7,Testing & Commissioning,24,38.6,Line,400kV,"Maharashtra, Navi Mumbai",25,TBCB,24,256,01-01-2022,100,90,88,25.6,26.2,Approved,0,100,150,165,38.4,45.1,0,Complete,100,60,62,64,66.5,1,OnTime,100,90,92,38.4,39.8,98,1,100,120,125,51.2,53.4,97,1,100,75,76,25.6,26.1,99,Flat,100,45,46,12.8,13.1,Successful,15-10-2024,
Western Region Strengthening Scheme-XIX (WRSS-XIX) and North Eastern Region Strengthening Scheme-IX (NERSS-IX) - LILO of KAPP - Vapi 400 kV D/c line at Vapi - II,1,Planning/Engineering,-5,0.1,Line,400kV,"Gujarat, Valsad",5.5,EPC,24,45,01-01-2023,100,90,85,4.5,4.6,Approved,0,,,,,,,,,,,,,,,,,,,,,,,,,,,,,,,,,,,,,,,,,,,
Western Region Strengthening Scheme-XIX (WRSS-XIX) and North Eastern Region Strengthening Scheme-IX (NERSS-IX) - LILO of KAPP - Vapi 400 kV D/c line at Vapi - II,2,Approvals & ROW,10,3.35,Line,400kV,"Gujarat, Valsad",5.5,EPC,24,45,01-01-2023,100,90,85,4.5,4.6,Approved,0,100,150,165,6.75,9.5,0,Complete,,,,,,,,,,,,,,,,,,,,,,,,,,,,,,,,,,,,
Western Region Strengthening Scheme-XIX (WRSS-XIX) and North Eastern Region Strengthening Scheme-IX (NERSS-IX) - LILO of KAPP - Vapi 400 kV D/c line at Vapi - II,3,Procurement/Supply,12,4.15,Line,400kV,"Gujarat, Valsad",5.5,EPC,24,45,01-01-2023,100,90,85,4.5,4.6,Approved,0,100,150,165,6.75,9.5,0,Complete,100,60,62,11.25,11.8,1,OnTime,,,,,,,,,,,,,,,,,,,,,,,,,,,,,
Western Region Strengthening Scheme-XIX (WRSS-XIX) and North Eastern Region Strengthening Scheme-IX (NERSS-IX) - LILO of KAPP - Vapi 400 kV D/c line at Vapi - II,4,Site Preparation/Civil,15,5,Line,400kV,"Gujarat, Valsad",5.5,EPC,24,45,01-01-2023,100,90,85,4.5,4.6,Approved,0,100,150,165,6.75,9.5,0,Complete,100,60,62,11.25,11.8,1,OnTime,100,75,78,6.75,7.2,98,1,,,,,,,,,,,,,,,,,,,,,,
Western Region Strengthening Scheme-XIX (WRSS-XIX) and North Eastern Region Strengthening Scheme-IX (NERSS-IX) - LILO of KAPP - Vapi 400 kV D/c line at Vapi - II,5,Erection/Construction,20,5.7,Line,400kV,"Gujarat, Valsad",5.5,EPC,24,45,01-01-2023,100,90,85,4.5,4.6,Approved,0,100,150,165,6.75,9.5,0,Complete,100,60,62,11.25,11.8,1,OnTime,100,75,78,6.75,7.2,98,1,100,120,125,9,9.7,95,1,,,,,,,,,,,,,,,
Western Region Strengthening Scheme-XIX (WRSS-XIX) and North Eastern Region Strengthening Scheme-IX (NERSS-IX) - LILO of KAPP - Vapi 400 kV D/c line at Vapi - II,6,Stringing/Cabling,18,5.8,Line,400kV,"Gujarat, Valsad",5.5,EPC,24,45,01-01-2023,100,90,85,4.5,4.6,Approved,0,100,150,165,6.75,9.5,0,Complete,100,60,62,11.25,11.8,1,OnTime,100,75,78,6.75,7.2,98,1,100,120,125,9,9.7,95,1,100,70,68,4.5,4.6,98,Flat,,,,,,,,
Western Region Strengthening Scheme-XIX (WRSS-XIX) and North Eastern Region Strengthening Scheme-IX (NERSS-IX) - LILO of KAPP - Vapi 400 kV D/c line at Vapi - II,7,Testing & Commissioning,15,5.85,Line,400kV,"Gujarat, Valsad",5.5,EPC,24,45,01-01-2023,100,90,85,4.5,4.6,Approved,0,100,150,165,6.75,9.5,0,Complete,100,60,62,11.25,11.8,1,OnTime,100,75,78,6.75,7.2,98,1,100,120,125,9,9.7,95,1,100,70,68,4.5,4.6,98,Flat,100,45,42,2.25,2.3,Successful,15-10-2024,
Western Region Strengthening Scheme-XIX (WRSS-XIX) and North Eastern Region Strengthening Scheme-IX (NERSS-IX) - LILO of Padghe (PG) Ghatkopar 400kV S/c line at Navi Mumbai GIS (PG),1,Planning/Engineering,-2,0.54,Line,400kV,"Maharashtra, Thane",15,TBCB,36,256.59,01-01-2020,100,90,88,25.66,26.2,Approved,0,,,,,,,,,,,,,,,,,,,,,,,,,,,,,,,,,,,,,,,,,,,
Western Region Strengthening Scheme-XIX (WRSS-XIX) and North Eastern Region Strengthening Scheme-IX (NERSS-IX) - LILO of Padghe (PG) Ghatkopar 400kV S/c line at Navi Mumbai GIS (PG),2,Approvals & ROW,13,26.65,Line,400kV,"Maharashtra, Thane",15,TBCB,36,256.59,01-01-2020,100,90,88,25.66,26.2,Approved,0,100,150,165,38.49,48.11,0,Complete,,,,,,,,,,,,,,,,,,,,,,,,,,,,,,,,,,,,
Western Region Strengthening Scheme-XIX (WRSS-XIX) and North Eastern Region Strengthening Scheme-IX (NERSS-IX) - LILO of Padghe (PG) Ghatkopar 400kV S/c line at Navi Mumbai GIS (PG),3,Procurement/Supply,15,28.42,Line,400kV,"Maharashtra, Thane",15,TBCB,36,256.59,01-01-2020,100,90,88,25.66,26.2,Approved,0,100,150,165,38.49,48.11,0,Complete,100,70,72,64.15,66.27,1,OnTime,,,,,,,,,,,,,,,,,,,,,,,,,,,,,
Western Region Strengthening Scheme-XIX (WRSS-XIX) and North Eastern Region Strengthening Scheme-IX (NERSS-IX) - LILO of Padghe (PG) Ghatkopar 400kV S/c line at Navi Mumbai GIS (PG),4,Site Preparation/Civil,17,29.89,Line,400kV,"Maharashtra, Thane",15,TBCB,36,256.59,01-01-2020,100,90,88,25.66,26.2,Approved,0,100,150,165,38.49,48.11,0,Complete,100,70,72,64.15,66.27,1,OnTime,100,90,92,38.49,39.46,98,1,,,,,,,,,,,,,,,,,,,,,,
Western Region Strengthening Scheme-XIX (WRSS-XIX) and North Eastern Region Strengthening Scheme-IX (NERSS-IX) - LILO of Padghe (PG) Ghatkopar 400kV S/c line at Navi Mumbai GIS (PG),5,Erection/Construction,22,32.73,Line,400kV,"Maharashtra, Thane",15,TBCB,36,256.59,01-01-2020,100,90,88,25.66,26.2,Approved,0,100,150,165,38.49,48.11,0,Complete,100,70,72,64.15,66.27,1,OnTime,100,90,92,38.49,39.46,98,1,100,120,125,51.32,53.36,97,1,,,,,,,,,,,,,,,
Western Region Strengthening Scheme-XIX (WRSS-XIX) and North Eastern Region Strengthening Scheme-IX (NERSS-IX) - LILO of Padghe (PG) Ghatkopar 400kV S/c line at Navi Mumbai GIS (PG),6,Stringing/Cabling,24,33.1,Line,400kV,"Maharashtra, Thane",15,TBCB,36,256.59,01-01-2020,100,90,88,25.66,26.2,Approved,0,100,150,165,38.49,48.11,0,Complete,100,70,72,64.15,66.27,1,OnTime,100,90,92,38.49,39.46,98,1,100,120,125,51.32,53.36,97,1,100,80,82,25.66,26.03,99,Flat,,,,,,,,
Western Region Strengthening Scheme-XIX (WRSS-XIX) and North Eastern Region Strengthening Scheme-IX (NERSS-IX) - LILO of Padghe (PG) Ghatkopar 400kV S/c line at Navi Mumbai GIS (PG),7,Testing & Commissioning,25,33.64,Line,400kV,"Maharashtra, Thane",15,TBCB,36,256.59,01-01-2020,100,90,88,25.66,26.2,Approved,0,100,150,165,38.49,48.11,0,Complete,100,70,72,64.15,66.27,1,OnTime,100,90,92,38.49,39.46,98,1,100,120,125,51.32,53.36,97,1,100,80,82,25.66,26.03,99,Flat,100,45,46,12.83,13.07,Successful,15-09-2024,
Western Region Strengthening Scheme-XIX (WRSS-XIX) and North Eastern Region Strengthening Scheme-IX (NERSS-IX) - LILO of one circuit of Pare HEP North Lakhimpur (AEGCL) 132kV D/c line at Nirjuli,1,Planning/Engineering,-2,3,Line,400kV,"Arunachal Pradesh, Papum Pare",25,TBCB,24,1223,01-06-2020,100,90,88,122,125,Approved,0,,,,,,,,,,,,,,,,,,,,,,,,,,,,,,,,,,,,,,,,,,,
Western Region Strengthening Scheme-XIX (WRSS-XIX) and North Eastern Region Strengthening Scheme-IX (NERSS-IX) - LILO of one circuit of Pare HEP North Lakhimpur (AEGCL) 132kV D/c line at Nirjuli,2,Approvals & ROW,43,161,Line,400kV,"Arunachal Pradesh, Papum Pare",25,TBCB,24,1223,01-06-2020,100,90,88,122,125,Approved,0,100,150,195,183,280,1,Complete,,,,,,,,,,,,,,,,,,,,,,,,,,,,,,,,,,,,
Western Region Strengthening Scheme-XIX (WRSS-XIX) and North Eastern Region Strengthening Scheme-IX (NERSS-IX) - LILO of one circuit of Pare HEP North Lakhimpur (AEGCL) 132kV D/c line at Nirjuli,3,Procurement/Supply,45,175,Line,400kV,"Arunachal Pradesh, Papum Pare",25,TBCB,24,1223,01-06-2020,100,90,88,122,125,Approved,0,100,150,195,183,280,1,Complete,100,60,62,306,320,1,OnTime,,,,,,,,,,,,,,,,,,,,,,,,,,,,,
Western Region Strengthening Scheme-XIX (WRSS-XIX) and North Eastern Region Strengthening Scheme-IX (NERSS-IX) - LILO of one circuit of Pare HEP North Lakhimpur (AEGCL) 132kV D/c line at Nirjuli,4,Site Preparation/Civil,70,288,Line,400kV,"Arunachal Pradesh, Papum Pare",25,TBCB,24,1223,01-06-2020,100,90,88,122,125,Approved,0,100,150,195,183,280,1,Complete,100,60,62,306,320,1,OnTime,100,90,115,183,235,98,1,,,,,,,,,,,,,,,,,,,,,,
Western Region Strengthening Scheme-XIX (WRSS-XIX) and North Eastern Region Strengthening Scheme-IX (NERSS-IX) - LILO of one circuit of Pare HEP North Lakhimpur (AEGCL) 132kV D/c line at Nirjuli,5,Erection/Construction,85,358,Line,400kV,"Arunachal Pradesh, Papum Pare",25,TBCB,24,1223,01-06-2020,100,90,88,122,125,Approved,0,100,150,195,183,280,1,Complete,100,60,62,306,320,1,OnTime,100,90,115,183,235,98,1,100,120,135,245,265,97,1,,,,,,,,,,,,,,,
Western Region Strengthening Scheme-XIX (WRSS-XIX) and North Eastern Region Strengthening Scheme-IX (NERSS-IX) - LILO of one circuit of Pare HEP North Lakhimpur (AEGCL) 132kV D/c line at Nirjuli,6,Stringing/Cabling,88,364,Line,400kV,"Arunachal Pradesh, Papum Pare",25,TBCB,24,1223,01-06-2020,100,90,88,122,125,Approved,0,100,150,195,183,280,1,Complete,100,60,62,306,320,1,OnTime,100,90,115,183,235,98,1,100,120,135,245,265,97,1,100,75,78,122,128,99,Hilly,,,,,,,,
Western Region Strengthening Scheme-XIX (WRSS-XIX) and North Eastern Region Strengthening Scheme-IX (NERSS-IX) - LILO of one circuit of Pare HEP North Lakhimpur (AEGCL) 132kV D/c line at Nirjuli,7,Testing & Commissioning,90,368,Line,400kV,"Arunachal Pradesh, Papum Pare",25,TBCB,24,1223,01-06-2020,100,90,88,122,125,Approved,0,100,150,195,183,280,1,Complete,100,60,62,306,320,1,OnTime,100,90,115,183,235,98,1,100,120,135,245,265,97,1,100,75,78,122,128,99,Hilly,100,45,47,61,65,Successful,01-10-2024,
Western Region Strengthening Scheme-XIX (WRSS-XIX) and North Eastern Region Strengthening Scheme-IX (NERSS-IX) - LILO of second circuit of Zerda-Ranchodpura 400 kV D/c line at Banaskantha (PG) PS,1,Planning/Engineering,-2,-0.5,Line,400kV,"Gujarat, Banaskantha",35,TBCB,28,180,01-01-2023,100,90,88,18,17.5,Approved,0,,,,,,,,,,,,,,,,,,,,,,,,,,,,,,,,,,,,,,,,,,,
Western Region Strengthening Scheme-XIX (WRSS-XIX) and North Eastern Region Strengthening Scheme-IX (NERSS-IX) - LILO of second circuit of Zerda-Ranchodpura 400 kV D/c line at Banaskantha (PG) PS,2,Approvals & ROW,13,17.5,Line,400kV,"Gujarat, Banaskantha",35,TBCB,28,180,01-01-2023,100,90,88,18,17.5,Approved,0,100,150,165,27,35,0,Complete,,,,,,,,,,,,,,,,,,,,,,,,,,,,,,,,,,,,
Western Region Strengthening Scheme-XIX (WRSS-XIX) and North Eastern Region Strengthening Scheme-IX (NERSS-IX) - LILO of second circuit of Zerda-Ranchodpura 400 kV D/c line at Banaskantha (PG) PS,3,Procurement/Supply,15,19,Line,400kV,"Gujarat, Banaskantha",35,TBCB,28,180,01-01-2023,100,90,88,18,17.5,Approved,0,100,150,165,27,35,0,Complete,100,70,72,45,46.5,1,OnTime,,,,,,,,,,,,,,,,,,,,,,,,,,,,,
Western Region Strengthening Scheme-XIX (WRSS-XIX) and North Eastern Region Strengthening Scheme-IX (NERSS-IX) - LILO of second circuit of Zerda-Ranchodpura 400 kV D/c line at Banaskantha (PG) PS,4,Site Preparation/Civil,17,19.3,Line,400kV,"Gujarat, Banaskantha",35,TBCB,28,180,01-01-2023,100,90,88,18,17.5,Approved,0,100,150,165,27,35,0,Complete,100,70,72,45,46.5,1,OnTime,100,80,82,27,27.8,98,1,,,,,,,,,,,,,,,,,,,,,,
Western Region Strengthening Scheme-XIX (WRSS-XIX) and North Eastern Region Strengthening Scheme-IX (NERSS-IX) - LILO of second circuit of Zerda-Ranchodpura 400 kV D/c line at Banaskantha (PG) PS,5,Erection/Construction,15,19.5,Line,400kV,"Gujarat, Banaskantha",35,TBCB,28,180,01-01-2023,100,90,88,18,17.5,Approved,0,100,150,165,27,35,0,Complete,100,70,72,45,46.5,1,OnTime,100,80,82,27,27.8,98,1,100,120,118,36,36.2,97,1,,,,,,,,,,,,,,,
Western Region Strengthening Scheme-XIX (WRSS-XIX) and North Eastern Region Strengthening Scheme-IX (NERSS-IX) - LILO of second circuit of Zerda-Ranchodpura 400 kV D/c line at Banaskantha (PG) PS,6,Stringing/Cabling,13,19.3,Line,400kV,"Gujarat, Banaskantha",35,TBCB,28,180,01-01-2023,100,90,88,18,17.5,Approved,0,100,150,165,27,35,0,Complete,100,70,72,45,46.5,1,OnTime,100,80,82,27,27.8,98,1,100,120,118,36,36.2,97,1,100,75,73,18,17.8,99,Flat,,,,,,,,
Western Region Strengthening Scheme-XIX (WRSS-XIX) and North Eastern Region Strengthening Scheme-IX (NERSS-IX) - LILO of second circuit of Zerda-Ranchodpura 400 kV D/c line at Banaskantha (PG) PS,7,Testing & Commissioning,10,19.4,Line,400kV,"Gujarat, Banaskantha",35,TBCB,28,180,01-01-2023,100,90,88,18,17.5,Approved,0,100,150,165,27,35,0,Complete,100,70,72,45,46.5,1,OnTime,100,80,82,27,27.8,98,1,100,120,118,36,36.2,97,1,100,75,73,18,17.8,99,Flat,100,45,42,9,9.1,Successful,15-05-2025,
Western Region Strengthening Scheme-XIX (WRSS-XIX) and North Eastern Region Strengthening Scheme-IX (NERSS-IX) - Padghe (PG) - Kharghar 400 kV D/c (quad) line,1,Planning/Engineering,-2,0.6,Line,400kV,"Maharashtra, Palghar",140,TBCB,24,256,01-01-2023,100,90,88,25.6,26.2,Approved,0,,,,,,,,,,,,,,,,,,,,,,,,,,,,,,,,,,,,,,,,,,,
Western Region Strengthening Scheme-XIX (WRSS-XIX) and North Eastern Region Strengthening Scheme-IX (NERSS-IX) - Padghe (PG) - Kharghar 400 kV D/c (quad) line,2,Approvals & ROW,13,34,Line,400kV,"Maharashtra, Palghar",140,TBCB,24,256,01-01-2023,100,90,88,25.6,26.2,Approved,0,100,150,165,38.4,48.2,1,Complete,,,,,,,,,,,,,,,,,,,,,,,,,,,,,,,,,,,,
Western Region Strengthening Scheme-XIX (WRSS-XIX) and North Eastern Region Strengthening Scheme-IX (NERSS-IX) - Padghe (PG) - Kharghar 400 kV D/c (quad) line,3,Procurement/Supply,15,37.9,Line,400kV,"Maharashtra, Palghar",140,TBCB,24,256,01-01-2023,100,90,88,25.6,26.2,Approved,0,100,150,165,38.4,48.2,1,Complete,100,70,72,64,67.5,1,OnTime,,,,,,,,,,,,,,,,,,,,,,,,,,,,,
Western Region Strengthening Scheme-XIX (WRSS-XIX) and North Eastern Region Strengthening Scheme-IX (NERSS-IX) - Padghe (PG) - Kharghar 400 kV D/c (quad) line,4,Site Preparation/Civil,30,45.6,Line,400kV,"Maharashtra, Palghar",140,TBCB,24,256,01-01-2023,100,90,88,25.6,26.2,Approved,0,100,150,165,38.4,48.2,1,Complete,100,70,72,64,67.5,1,OnTime,100,90,105,38.4,46.1,98,1,,,,,,,,,,,,,,,,,,,,,,
Western Region Strengthening Scheme-XIX (WRSS-XIX) and North Eastern Region Strengthening Scheme-IX (NERSS-IX) - Padghe (PG) - Kharghar 400 kV D/c (quad) line,5,Erection/Construction,38,49.2,Line,400kV,"Maharashtra, Palghar",140,TBCB,24,256,01-01-2023,100,90,88,25.6,26.2,Approved,0,100,150,165,38.4,48.2,1,Complete,100,70,72,64,67.5,1,OnTime,100,90,105,38.4,46.1,98,1,100,120,128,51.2,54.8,96,1,,,,,,,,,,,,,,,
Western Region Strengthening Scheme-XIX (WRSS-XIX) and North Eastern Region Strengthening Scheme-IX (NERSS-IX) - Padghe (PG) - Kharghar 400 kV D/c (quad) line,6,Stringing/Cabling,40,50,Line,400kV,"Maharashtra, Palghar",140,TBCB,24,256,01-01-2023,100,90,88,25.6,26.2,Approved,0,100,150,165,38.4,48.2,1,Complete,100,70,72,64,67.5,1,OnTime,100,90,105,38.4,46.1,98,1,100,120,128,51.2,54.8,96,1,100,80,82,25.6,26.4,98,Flat,,,,,,,,
Western Region Strengthening Scheme-XIX (WRSS-XIX) and North Eastern Region Strengthening Scheme-IX (NERSS-IX) - Padghe (PG) - Kharghar 400 kV D/c (quad) line,7,Testing & Commissioning,41,50.6,Line,400kV,"Maharashtra, Palghar",140,TBCB,24,256,01-01-2023,100,90,88,25.6,26.2,Approved,0,100,150,165,38.4,48.2,1,Complete,100,70,72,64,67.5,1,OnTime,100,90,105,38.4,46.1,98,1,100,120,128,51.2,54.8,96,1,100,80,82,25.6,26.4,98,Flat,100,45,46,12.8,13.2,Successful,30-09-2024,
Western Region Strengthening Scheme-XIX (WRSS-XIX) and North Eastern Region Strengthening Scheme-IX (NERSS-IX) - Vapi-II-Sayali D/C 220kV D/C line,1,Planning/Engineering,-2,1,Line,220kV,"Gujarat, Valsad",124,TBCB,34,350,01-01-2022,100,90,88,35,36,Approved,0,,,,,,,,,,,,,,,,,,,,,,,,,,,,,,,,,,,,,,,,,,,
Western Region Strengthening Scheme-XIX (WRSS-XIX) and North Eastern Region Strengthening Scheme-IX (NERSS-IX) - Vapi-II-Sayali D/C 220kV D/C line,2,Approvals & ROW,43,89,Line,220kV,"Gujarat, Valsad",124,TBCB,34,350,01-01-2022,100,90,88,35,36,Approved,0,100,150,195,52.5,84,1,Complete,,,,,,,,,,,,,,,,,,,,,,,,,,,,,,,,,,,,
Western Region Strengthening Scheme-XIX (WRSS-XIX) and North Eastern Region Strengthening Scheme-IX (NERSS-IX) - Vapi-II-Sayali D/C 220kV D/C line,3,Procurement/Supply,45,94,Line,220kV,"Gujarat, Valsad",124,TBCB,34,350,01-01-2022,100,90,88,35,36,Approved,0,100,150,195,52.5,84,1,Complete,100,70,72,87.5,92,1,OnTime,,,,,,,,,,,,,,,,,,,,,,,,,,,,,
Western Region Strengthening Scheme-XIX (WRSS-XIX) and North Eastern Region Strengthening Scheme-IX (NERSS-IX) - Vapi-II-Sayali D/C 220kV D/C line,4,Site Preparation/Civil,60,105,Line,220kV,"Gujarat, Valsad",124,TBCB,34,350,01-01-2022,100,90,88,35,36,Approved,0,100,150,195,52.5,84,1,Complete,100,70,72,87.5,92,1,OnTime,100,90,105,52.5,63,95,1,,,,,,,,,,,,,,,,,,,,,,
Western Region Strengthening Scheme-XIX (WRSS-XIX) and North Eastern Region Strengthening Scheme-IX (NERSS-IX) - Vapi-II-Sayali D/C 220kV D/C line,5,Erection/Construction,68,109,Line,220kV,"Gujarat, Valsad",124,TBCB,34,350,01-01-2022,100,90,88,35,36,Approved,0,100,150,195,52.5,84,1,Complete,100,70,72,87.5,92,1,OnTime,100,90,105,52.5,63,95,1,100,120,128,70,74,96,1,,,,,,,,,,,,,,,
Western Region Strengthening Scheme-XIX (WRSS-XIX) and North Eastern Region Strengthening Scheme-IX (NERSS-IX) - Vapi-II-Sayali D/C 220kV D/C line,6,Stringing/Cabling,70,110,Line,220kV,"Gujarat, Valsad",124,TBCB,34,350,01-01-2022,100,90,88,35,36,Approved,0,100,150,195,52.5,84,1,Complete,100,70,72,87.5,92,1,OnTime,100,90,105,52.5,63,95,1,100,120,128,70,74,96,1,100,80,82,35,36,98,Flat,,,,,,,,
Western Region Strengthening Scheme-XIX (WRSS-XIX) and North Eastern Region Strengthening Scheme-IX (NERSS-IX) - Vapi-II-Sayali D/C 220kV D/C line,7,Testing & Commissioning,71,111,Line,220kV,"Gujarat, Valsad",124,TBCB,34,350,01-01-2022,100,90,88,35,36,Approved,0,100,150,195,52.5,84,1,Complete,100,70,72,87.5,92,1,OnTime,100,90,105,52.5,63,95,1,100,120,128,70,74,96,1,100,80,82,35,36,98,Flat,100,45,46,17.5,18,Successful,30-09-2024,
ATS of Unchahar TPS - Unchahar - Fatehpur 400 kV D/C line,1,Planning/Engineering,2,3,Line,400kV,"Uttar Pradesh, Raebareli-Fatehpur",106.74,TBCB,24,350,01-01-2014,100,90,92,35,38,Approved,0,,,,,,,,,,,,,,,,,,,,,,,,,,,,,,,,,,,,,,,,,,,
ATS of Unchahar TPS - Unchahar - Fatehpur 400 kV D/C line,2,Approvals & ROW,62,48,Line,400kV,"Uttar Pradesh, Raebareli-Fatehpur",106.74,TBCB,24,350,01-01-2014,100,90,92,35,38,Approved,0,100,150,210,52.5,85,1,Complete,,,,,,,,,,,,,,,,,,,,,,,,,,,,,,,,,,,,
ATS of Unchahar TPS - Unchahar - Fatehpur 400 kV D/C line,3,Procurement/Supply,64,49,Line,400kV,"Uttar Pradesh, Raebareli-Fatehpur",106.74,TBCB,24,350,01-01-2014,100,90,92,35,38,Approved,0,100,150,210,52.5,85,1,Complete,100,70,72,87.5,92,1,OnTime,,,,,,,,,,,,,,,,,,,,,,,,,,,,,
ATS of Unchahar TPS - Unchahar - Fatehpur 400 kV D/C line,4,Site Preparation/Civil,79,62,Line,400kV,"Uttar Pradesh, Raebareli-Fatehpur",106.74,TBCB,24,350,01-01-2014,100,90,92,35,38,Approved,0,100,150,210,52.5,85,1,Complete,100,70,72,87.5,92,1,OnTime,100,90,105,52.5,65,98,1,,,,,,,,,,,,,,,,,,,,,,
ATS of Unchahar TPS - Unchahar - Fatehpur 400 kV D/C line,5,Erection/Construction,89,70,Line,400kV,"Uttar Pradesh, Raebareli-Fatehpur",106.74,TBCB,24,350,01-01-2014,100,90,92,35,38,Approved,0,100,150,210,52.5,85,1,Complete,100,70,72,87.5,92,1,OnTime,100,90,105,52.5,65,98,1,100,120,130,70,78,97,1,,,,,,,,,,,,,,,
ATS of Unchahar TPS - Unchahar - Fatehpur 400 kV D/C line,6,Stringing/Cabling,91,72,Line,400kV,"Uttar Pradesh, Raebareli-Fatehpur",106.74,TBCB,24,350,01-01-2014,100,90,92,35,38,Approved,0,100,150,210,52.5,85,1,Complete,100,70,72,87.5,92,1,OnTime,100,90,105,52.5,65,98,1,100,120,130,70,78,97,1,100,80,82,35,37,99,Flat,,,,,,,,
ATS of Unchahar TPS - Unchahar - Fatehpur 400 kV D/C line,7,Testing & Commissioning,92,73,Line,400kV,"Uttar Pradesh, Raebareli-Fatehpur",106.74,TBCB,24,350,01-01-2014,100,90,92,35,38,Approved,0,100,150,210,52.5,85,1,Complete,100,70,72,87.5,92,1,OnTime,100,90,105,52.5,65,98,1,100,120,130,70,78,97,1,100,80,82,35,37,99,Flat,100,45,46,17.5,18,Successful,01-10-2016,
Connectivity lines for Maheshwaram 765/400 kV Pooling Station - Maheshwaram - Mahboobnagar 400 kV D/C line,1,Planning/Engineering,2,3,Line,400kV,"Telangana, Mahboobnagar",98,TBCB,22,350,01-03-2016,100,90,92,35,38,Approved,1,,,,,,,,,,,,,,,,,,,,,,,,,,,,,,,,,,,,,,,,,,,
Connectivity lines for Maheshwaram 765/400 kV Pooling Station - Maheshwaram - Mahboobnagar 400 kV D/C line,2,Approvals & ROW,62,53,Line,400kV,"Telangana, Mahboobnagar",98,TBCB,22,350,01-03-2016,100,90,92,35,38,Approved,1,100,150,210,52.5,85,0,Complete,,,,,,,,,,,,,,,,,,,,,,,,,,,,,,,,,,,,
Connectivity lines for Maheshwaram 765/400 kV Pooling Station - Maheshwaram - Mahboobnagar 400 kV D/C line,3,Procurement/Supply,64,58,Line,400kV,"Telangana, Mahboobnagar",98,TBCB,22,350,01-03-2016,100,90,92,35,38,Approved,1,100,150,210,52.5,85,0,Complete,100,70,72,87.5,92,1,OnTime,,,,,,,,,,,,,,,,,,,,,,,,,,,,,
Connectivity lines for Maheshwaram 765/400 kV Pooling Station - Maheshwaram - Mahboobnagar 400 kV D/C line,4,Site Preparation/Civil,69,64,Line,400kV,"Telangana, Mahboobnagar",98,TBCB,22,350,01-03-2016,100,90,92,35,38,Approved,1,100,150,210,52.5,85,0,Complete,100,70,72,87.5,92,1,OnTime,100,90,95,52.5,58,98,1,,,,,,,,,,,,,,,,,,,,,,
Connectivity lines for Maheshwaram 765/400 kV Pooling Station - Maheshwaram - Mahboobnagar 400 kV D/C line,5,Erection/Construction,77,72,Line,400kV,"Telangana, Mahboobnagar",98,TBCB,22,350,01-03-2016,100,90,92,35,38,Approved,1,100,150,210,52.5,85,0,Complete,100,70,72,87.5,92,1,OnTime,100,90,95,52.5,58,98,1,100,120,128,70,76,97,1,,,,,,,,,,,,,,,
Connectivity lines for Maheshwaram 765/400 kV Pooling Station - Maheshwaram - Mahboobnagar 400 kV D/C line,6,Stringing/Cabling,79,74,Line,400kV,"Telangana, Mahboobnagar",98,TBCB,22,350,01-03-2016,100,90,92,35,38,Approved,1,100,150,210,52.5,85,0,Complete,100,70,72,87.5,92,1,OnTime,100,90,95,52.5,58,98,1,100,120,128,70,76,97,1,100,80,82,35,37,99,Flat,,,,,,,,
Connectivity lines for Maheshwaram 765/400 kV Pooling Station - Maheshwaram - Mahboobnagar 400 kV D/C line,7,Testing & Commissioning,80,75,Line,400kV,"Telangana, Mahboobnagar",98,TBCB,22,350,01-03-2016,100,90,92,35,38,Approved,1,100,150,210,52.5,85,0,Complete,100,70,72,87.5,92,1,OnTime,100,90,95,52.5,58,98,1,100,120,128,70,76,97,1,100,80,82,35,37,99,Flat,100,45,46,17.5,18,Successful,31-12-2017,
Connectivity lines for Maheshwaram 765/400 kV Pooling Station - Nizamabad-Yeddumailaram (Shankarpalli) 400 kV D/C line,1,Planning/Engineering,2,3,Line,400kV,"Telangana, Sangareddy",236,TBCB,24,350,01-03-2016,100,90,92,35,38,Approved,1,,,,,,,,,,,,,,,,,,,,,,,,,,,,,,,,,,,,,,,,,,,
Connectivity lines for Maheshwaram 765/400 kV Pooling Station - Nizamabad-Yeddumailaram (Shankarpalli) 400 kV D/C line,2,Approvals & ROW,62,108,Line,400kV,"Telangana, Sangareddy",236,TBCB,24,350,01-03-2016,100,90,92,35,38,Approved,1,100,150,210,52.5,85,0,Complete,,,,,,,,,,,,,,,,,,,,,,,,,,,,,,,,,,,,
Connectivity lines for Maheshwaram 765/400 kV Pooling Station - Nizamabad-Yeddumailaram (Shankarpalli) 400 kV D/C line,3,Procurement/Supply,64,113,Line,400kV,"Telangana, Sangareddy",236,TBCB,24,350,01-03-2016,100,90,92,35,38,Approved,1,100,150,210,52.5,85,0,Complete,100,70,72,87.5,92,1,OnTime,,,,,,,,,,,,,,,,,,,,,,,,,,,,,
Connectivity lines for Maheshwaram 765/400 kV Pooling Station - Nizamabad-Yeddumailaram (Shankarpalli) 400 kV D/C line,4,Site Preparation/Civil,79,126,Line,400kV,"Telangana, Sangareddy",236,TBCB,24,350,01-03-2016,100,90,92,35,38,Approved,1,100,150,210,52.5,85,0,Complete,100,70,72,87.5,92,1,OnTime,100,90,105,52.5,65,95,1,,,,,,,,,,,,,,,,,,,,,,
Connectivity lines for Maheshwaram 765/400 kV Pooling Station - Nizamabad-Yeddumailaram (Shankarpalli) 400 kV D/C line,5,Erection/Construction,94,134,Line,400kV,"Telangana, Sangareddy",236,TBCB,24,350,01-03-2016,100,90,92,35,38,Approved,1,100,150,210,52.5,85,0,Complete,100,70,72,87.5,92,1,OnTime,100,90,105,52.5,65,95,1,100,120,135,70,78,96,1,,,,,,,,,,,,,,,
Connectivity lines for Maheshwaram 765/400 kV Pooling Station - Nizamabad-Yeddumailaram (Shankarpalli) 400 kV D/C line,6,Stringing/Cabling,96,136,Line,400kV,"Telangana, Sangareddy",236,TBCB,24,350,01-03-2016,100,90,92,35,38,Approved,1,100,150,210,52.5,85,0,Complete,100,70,72,87.5,92,1,OnTime,100,90,105,52.5,65,95,1,100,120,135,70,78,96,1,100,80,82,35,37,98,Flat,,,,,,,,
Connectivity lines for Maheshwaram 765/400 kV Pooling Station - Nizamabad-Yeddumailaram (Shankarpalli) 400 kV D/C line,7,Testing & Commissioning,97,137,Line,400kV,"Telangana, Sangareddy",236,TBCB,24,350,01-03-2016,100,90,92,35,38,Approved,1,100,150,210,52.5,85,0,Complete,100,70,72,87.5,92,1,OnTime,100,90,105,52.5,65,95,1,100,120,135,70,78,96,1,100,80,82,35,37,98,Flat,100,45,46,17.5,18,Successful,31-10-2017,
"Eastern Region System Strengthening Scheme-VI(ERSS- VI) - 2x200 MVA, 400/132 kV Motihari GIS with space for future extension",1,Planning/Engineering,-2,1,Substation,400kV,"Bihar, East Champaran",400,TBCB,24,250,01-01-2014,100,90,88,25,26,Approved,1,,,,,,,,,,,,,,,,,,,,,,,,,,,,,,,,,,,,,,,,,,,
"Eastern Region System Strengthening Scheme-VI(ERSS- VI) - 2x200 MVA, 400/132 kV Motihari GIS with space for future extension",2,Approvals & ROW,23,21,Substation,400kV,"Bihar, East Champaran",400,TBCB,24,250,01-01-2014,100,90,88,25,26,Approved,1,100,150,165,37.5,45,0,Complete,,,,,,,,,,,,,,,,,,,,,,,,,,,,,,,,,,,,
"Eastern Region System Strengthening Scheme-VI(ERSS- VI) - 2x200 MVA, 400/132 kV Motihari GIS with space for future extension",3,Procurement/Supply,25,22,Substation,400kV,"Bihar, East Champaran",400,TBCB,24,250,01-01-2014,100,90,88,25,26,Approved,1,100,150,165,37.5,45,0,Complete,100,70,72,62.5,64,1,OnTime,,,,,,,,,,,,,,,,,,,,,,,,,,,,,
"Eastern Region System Strengthening Scheme-VI(ERSS- VI) - 2x200 MVA, 400/132 kV Motihari GIS with space for future extension",4,Site Preparation/Civil,30,25,Substation,400kV,"Bihar, East Champaran",400,TBCB,24,250,01-01-2014,100,90,88,25,26,Approved,1,100,150,165,37.5,45,0,Complete,100,70,72,62.5,64,1,OnTime,100,90,95,37.5,40,98,1,,,,,,,,,,,,,,,,,,,,,,
"Eastern Region System Strengthening Scheme-VI(ERSS- VI) - 2x200 MVA, 400/132 kV Motihari GIS with space for future extension",5,Erection/Construction,35,29,Substation,400kV,"Bihar, East Champaran",400,TBCB,24,250,01-01-2014,100,90,88,25,26,Approved,1,100,150,165,37.5,45,0,Complete,100,70,72,62.5,64,1,OnTime,100,90,95,37.5,40,98,1,100,120,125,50,52,100,1,,,,,,,,,,,,,,,
"Eastern Region System Strengthening Scheme-VI(ERSS- VI) - 2x200 MVA, 400/132 kV Motihari GIS with space for future extension",6,Stringing/Cabling,37,30,Substation,400kV,"Bihar, East Champaran",400,TBCB,24,250,01-01-2014,100,90,88,25,26,Approved,1,100,150,165,37.5,45,0,Complete,100,70,72,62.5,64,1,OnTime,100,90,95,37.5,40,98,1,100,120,125,50,52,100,1,100,80,82,25,26,100,Flat,,,,,,,,
"Eastern Region System Strengthening Scheme-VI(ERSS- VI) - 2x200 MVA, 400/132 kV Motihari GIS with space for future extension",7,Testing & Commissioning,38,31,Substation,400kV,"Bihar, East Champaran",400,TBCB,24,250,01-01-2014,100,90,88,25,26,Approved,1,100,150,165,37.5,45,0,Complete,100,70,72,62.5,64,1,OnTime,100,90,95,37.5,40,98,1,100,120,125,50,52,100,1,100,80,82,25,26,100,Flat,100,45,46,12.5,13,Successful,15-04-2017,
"Eastern Region System Strengthening Scheme-VI(ERSS- VI) - 2x500 MVA, 400/220 kV Darbhanga GIS with space for future extension",1,Planning/Engineering,-2,1,Substation,400kV,"Bihar, Darbhanga",1000,TBCB,24,350,01-01-2014,100,90,88,35,36,Approved,0,,,,,,,,,,,,,,,,,,,,,,,,,,,,,,,,,,,,,,,,,,,
"Eastern Region System Strengthening Scheme-VI(ERSS- VI) - 2x500 MVA, 400/220 kV Darbhanga GIS with space for future extension",2,Approvals & ROW,23,36,Substation,400kV,"Bihar, Darbhanga",1000,TBCB,24,350,01-01-2014,100,90,88,35,36,Approved,0,100,150,165,52.5,70,0,Complete,,,,,,,,,,,,,,,,,,,,,,,,,,,,,,,,,,,,
"Eastern Region System Strengthening Scheme-VI(ERSS- VI) - 2x500 MVA, 400/220 kV Darbhanga GIS with space for future extension",3,Procurement/Supply,25,41,Substation,400kV,"Bihar, Darbhanga",1000,TBCB,24,350,01-01-2014,100,90,88,35,36,Approved,0,100,150,165,52.5,70,0,Complete,100,70,72,87.5,92,1,OnTime,,,,,,,,,,,,,,,,,,,,,,,,,,,,,
"Eastern Region System Strengthening Scheme-VI(ERSS- VI) - 2x500 MVA, 400/220 kV Darbhanga GIS with space for future extension",4,Site Preparation/Civil,30,47,Substation,400kV,"Bihar, Darbhanga",1000,TBCB,24,350,01-01-2014,100,90,88,35,36,Approved,0,100,150,165,52.5,70,0,Complete,100,70,72,87.5,92,1,OnTime,100,90,95,52.5,58,98,1,,,,,,,,,,,,,,,,,,,,,,
"Eastern Region System Strengthening Scheme-VI(ERSS- VI) - 2x500 MVA, 400/220 kV Darbhanga GIS with space for future extension",5,Erection/Construction,35,51,Substation,400kV,"Bihar, Darbhanga",1000,TBCB,24,350,01-01-2014,100,90,88,35,36,Approved,0,100,150,165,52.5,70,0,Complete,100,70,72,87.5,92,1,OnTime,100,90,95,52.5,58,98,1,100,120,125,70,74,100,1,,,,,,,,,,,,,,,
"Eastern Region System Strengthening Scheme-VI(ERSS- VI) - 2x500 MVA, 400/220 kV Darbhanga GIS with space for future extension",6,Stringing/Cabling,37,52,Substation,400kV,"Bihar, Darbhanga",1000,TBCB,24,350,01-01-2014,100,90,88,35,36,Approved,0,100,150,165,52.5,70,0,Complete,100,70,72,87.5,92,1,OnTime,100,90,95,52.5,58,98,1,100,120,125,70,74,100,1,100,80,82,35,36,100,Flat,,,,,,,,
"Eastern Region System Strengthening Scheme-VI(ERSS- VI) - 2x500 MVA, 400/220 kV Darbhanga GIS with space for future extension",7,Testing & Commissioning,38,53,Substation,400kV,"Bihar, Darbhanga",1000,TBCB,24,350,01-01-2014,100,90,88,35,36,Approved,0,100,150,165,52.5,70,0,Complete,100,70,72,87.5,92,1,OnTime,100,90,95,52.5,58,98,1,100,120,125,70,74,100,1,100,80,82,35,36,100,Flat,100,45,46,17.5,18,Successful,31-03-2017,
Eastern Region System Strengthening Scheme-VI(ERSS-VI) - LILO of Barh-Gorakhpur 400 kV 2xD/c line at Motihari,1,Planning/Engineering,-5,0.7,Line,400kV,"Bihar, East Champaran",45,EPC,24,185,01-01-2023,100,90,85,18.5,19.2,Approved,0,,,,,,,,,,,,,,,,,,,,,,,,,,,,,,,,,,,,,,,,,,,
Eastern Region System Strengthening Scheme-VI(ERSS-VI) - LILO of Barh-Gorakhpur 400 kV 2xD/c line at Motihari,2,Approvals & ROW,40,35,Line,400kV,"Bihar, East Champaran",45,EPC,24,185,01-01-2023,100,90,85,18.5,19.2,Approved,0,100,150,195,27.8,42.3,1,Complete,,,,,,,,,,,,,,,,,,,,,,,,,,,,,,,,,,,,
Eastern Region System Strengthening Scheme-VI(ERSS-VI) - LILO of Barh-Gorakhpur 400 kV 2xD/c line at Motihari,3,Procurement/Supply,42,36.8,Line,400kV,"Bihar, East Champaran",45,EPC,24,185,01-01-2023,100,90,85,18.5,19.2,Approved,0,100,150,195,27.8,42.3,1,Complete,100,60,62,46.3,48.1,1,OnTime,,,,,,,,,,,,,,,,,,,,,,,,,,,,,
Eastern Region System Strengthening Scheme-VI(ERSS-VI) - LILO of Barh-Gorakhpur 400 kV 2xD/c line at Motihari,4,Site Preparation/Civil,57,43.8,Line,400kV,"Bihar, East Champaran",45,EPC,24,185,01-01-2023,100,90,85,18.5,19.2,Approved,0,100,150,195,27.8,42.3,1,Complete,100,60,62,46.3,48.1,1,OnTime,100,90,105,27.8,34.7,98,1,,,,,,,,,,,,,,,,,,,,,,
Eastern Region System Strengthening Scheme-VI(ERSS-VI) - LILO of Barh-Gorakhpur 400 kV 2xD/c line at Motihari,5,Erection/Construction,65,46.4,Line,400kV,"Bihar, East Champaran",45,EPC,24,185,01-01-2023,100,90,85,18.5,19.2,Approved,0,100,150,195,27.8,42.3,1,Complete,100,60,62,46.3,48.1,1,OnTime,100,90,105,27.8,34.7,98,1,100,120,128,37,39.9,96,1,,,,,,,,,,,,,,,
Eastern Region System Strengthening Scheme-VI(ERSS-VI) - LILO of Barh-Gorakhpur 400 kV 2xD/c line at Motihari,6,Stringing/Cabling,62,46.6,Line,400kV,"Bihar, East Champaran",45,EPC,24,185,01-01-2023,100,90,85,18.5,19.2,Approved,0,100,150,195,27.8,42.3,1,Complete,100,60,62,46.3,48.1,1,OnTime,100,90,105,27.8,34.7,98,1,100,120,128,37,39.9,96,1,100,75,72,18.5,19.1,98,Flat,,,,,,,,
Eastern Region System Strengthening Scheme-VI(ERSS-VI) - LILO of Barh-Gorakhpur 400 kV 2xD/c line at Motihari,7,Testing & Commissioning,60,46.8,Line,400kV,"Bihar, East Champaran",45,EPC,24,185,01-01-2023,100,90,85,18.5,19.2,Approved,0,100,150,195,27.8,42.3,1,Complete,100,60,62,46.3,48.1,1,OnTime,100,90,105,27.8,34.7,98,1,100,120,128,37,39.9,96,1,100,75,72,18.5,19.1,98,Flat,100,45,43,9.3,9.5,Successful,15-12-2024,
Eastern Region System Strengthening Scheme-VII - Chaibasa - Kharagpur 400 kV D/C line,1,Planning/Engineering,-2,3,Line,400kV,"Jharkhand, West Bengal",320,TBCB,24,420,01-01-2023,100,90,88,42,45,Approved,0,,,,,,,,,,,,,,,,,,,,,,,,,,,,,,,,,,,,,,,,,,,
Eastern Region System Strengthening Scheme-VII - Chaibasa - Kharagpur 400 kV D/C line,2,Approvals & ROW,43,95,Line,400kV,"Jharkhand, West Bengal",320,TBCB,24,420,01-01-2023,100,90,88,42,45,Approved,0,100,150,195,63,95,1,Complete,,,,,,,,,,,,,,,,,,,,,,,,,,,,,,,,,,,,
Eastern Region System Strengthening Scheme-VII - Chaibasa - Kharagpur 400 kV D/C line,3,Procurement/Supply,45,102,Line,400kV,"Jharkhand, West Bengal",320,TBCB,24,420,01-01-2023,100,90,88,42,45,Approved,0,100,150,195,63,95,1,Complete,100,70,72,105,112,1,OnTime,,,,,,,,,,,,,,,,,,,,,,,,,,,,,
Eastern Region System Strengthening Scheme-VII - Chaibasa - Kharagpur 400 kV D/C line,4,Site Preparation/Civil,70,117,Line,400kV,"Jharkhand, West Bengal",320,TBCB,24,420,01-01-2023,100,90,88,42,45,Approved,0,100,150,195,63,95,1,Complete,100,70,72,105,112,1,OnTime,100,100,125,63,78,95,1,,,,,,,,,,,,,,,,,,,,,,
Eastern Region System Strengthening Scheme-VII - Chaibasa - Kharagpur 400 kV D/C line,5,Erection/Construction,85,125,Line,400kV,"Jharkhand, West Bengal",320,TBCB,24,420,01-01-2023,100,90,88,42,45,Approved,0,100,150,195,63,95,1,Complete,100,70,72,105,112,1,OnTime,100,100,125,63,78,95,1,100,120,135,84,92,98,1,,,,,,,,,,,,,,,
Eastern Region System Strengthening Scheme-VII - Chaibasa - Kharagpur 400 kV D/C line,6,Stringing/Cabling,87,127,Line,400kV,"Jharkhand, West Bengal",320,TBCB,24,420,01-01-2023,100,90,88,42,45,Approved,0,100,150,195,63,95,1,Complete,100,70,72,105,112,1,OnTime,100,100,125,63,78,95,1,100,120,135,84,92,98,1,100,80,82,42,44,99,Forest,,,,,,,,
Eastern Region System Strengthening Scheme-VII - Chaibasa - Kharagpur 400 kV D/C line,7,Testing & Commissioning,88,128,Line,400kV,"Jharkhand, West Bengal",320,TBCB,24,420,01-01-2023,100,90,88,42,45,Approved,0,100,150,195,63,95,1,Complete,100,70,72,105,112,1,OnTime,100,100,125,63,78,95,1,100,120,135,84,92,98,1,100,80,82,42,44,99,Forest,100,45,46,21,22,Successful,15-12-2024,
"NR System strengthening Scheme-NRSS-XXXI (Part-A) - 2x500 MVA, 400/220 kV Patran substation",1,Planning/Engineering,-5,3,Substation,400kV,"Punjab, Patiala",1000,EPC,24,350,01-07-2017,100,90,85,35,38,Approved,0,,,,,,,,,,,,,,,,,,,,,,,,,,,,,,,,,,,,,,,,,,,
"NR System strengthening Scheme-NRSS-XXXI (Part-A) - 2x500 MVA, 400/220 kV Patran substation",2,Approvals & ROW,10,33,Substation,400kV,"Punjab, Patiala",1000,EPC,24,350,01-07-2017,100,90,85,35,38,Approved,0,100,150,165,52.5,70,0,Complete,,,,,,,,,,,,,,,,,,,,,,,,,,,,,,,,,,,,
"NR System strengthening Scheme-NRSS-XXXI (Part-A) - 2x500 MVA, 400/220 kV Patran substation",3,Procurement/Supply,12,41,Substation,400kV,"Punjab, Patiala",1000,EPC,24,350,01-07-2017,100,90,85,35,38,Approved,0,100,150,165,52.5,70,0,Complete,100,60,62,87.5,95,1,OnTime,,,,,,,,,,,,,,,,,,,,,,,,,,,,,
"NR System strengthening Scheme-NRSS-XXXI (Part-A) - 2x500 MVA, 400/220 kV Patran substation",4,Site Preparation/Civil,17,47,Substation,400kV,"Punjab, Patiala",1000,EPC,24,350,01-07-2017,100,90,85,35,38,Approved,0,100,150,165,52.5,70,0,Complete,100,60,62,87.5,95,1,OnTime,100,90,95,52.5,58,98,1,,,,,,,,,,,,,,,,,,,,,,
"NR System strengthening Scheme-NRSS-XXXI (Part-A) - 2x500 MVA, 400/220 kV Patran substation",5,Erection/Construction,25,54,Substation,400kV,"Punjab, Patiala",1000,EPC,24,350,01-07-2017,100,90,85,35,38,Approved,0,100,150,165,52.5,70,0,Complete,100,60,62,87.5,95,1,OnTime,100,90,95,52.5,58,98,1,100,120,128,70,76,100,1,,,,,,,,,,,,,,,
"NR System strengthening Scheme-NRSS-XXXI (Part-A) - 2x500 MVA, 400/220 kV Patran substation",6,Stringing/Cabling,22,55,Substation,400kV,"Punjab, Patiala",1000,EPC,24,350,01-07-2017,100,90,85,35,38,Approved,0,100,150,165,52.5,70,0,Complete,100,60,62,87.5,95,1,OnTime,100,90,95,52.5,58,98,1,100,120,128,70,76,100,1,100,75,72,35,36,100,Flat,,,,,,,,
"NR System strengthening Scheme-NRSS-XXXI (Part-A) - 2x500 MVA, 400/220 kV Patran substation",7,Testing & Commissioning,19,56,Substation,400kV,"Punjab, Patiala",1000,EPC,24,350,01-07-2017,100,90,85,35,38,Approved,0,100,150,165,52.5,70,0,Complete,100,60,62,87.5,95,1,OnTime,100,90,95,52.5,58,98,1,100,120,128,70,76,100,1,100,75,72,35,36,100,Flat,100,45,42,17.5,18,Successful,15-06-2019,
Northern Region System Strengthening Scheme (NRSS- XXIX) - Jalandhar - Samba 400 kV D/C line,1,Planning/Engineering,-5,1,Line,400kV,"Punjab, Jalandhar; Jammu & Kashmir, Samba",135,TBCB,24,350,15-01-2015,100,90,85,35,36,Approved,0,,,,,,,,,,,,,,,,,,,,,,,,,,,,,,,,,,,,,,,,,,,
Northern Region System Strengthening Scheme (NRSS- XXIX) - Jalandhar - Samba 400 kV D/C line,2,Approvals & ROW,25,40,Line,400kV,"Punjab, Jalandhar; Jammu & Kashmir, Samba",135,TBCB,24,350,15-01-2015,100,90,85,35,36,Approved,0,100,150,180,52.5,75,1,Complete,,,,,,,,,,,,,,,,,,,,,,,,,,,,,,,,,,,,
Northern Region System Strengthening Scheme (NRSS- XXIX) - Jalandhar - Samba 400 kV D/C line,3,Procurement/Supply,27,45,Line,400kV,"Punjab, Jalandhar; Jammu & Kashmir, Samba",135,TBCB,24,350,15-01-2015,100,90,85,35,36,Approved,0,100,150,180,52.5,75,1,Complete,100,60,62,87.5,92,1,OnTime,,,,,,,,,,,,,,,,,,,,,,,,,,,,,
Northern Region System Strengthening Scheme (NRSS- XXIX) - Jalandhar - Samba 400 kV D/C line,4,Site Preparation/Civil,47,70,Line,400kV,"Punjab, Jalandhar; Jammu & Kashmir, Samba",135,TBCB,24,350,15-01-2015,100,90,85,35,36,Approved,0,100,150,180,52.5,75,1,Complete,100,60,62,87.5,92,1,OnTime,100,90,110,52.5,65,95,1,,,,,,,,,,,,,,,,,,,,,,
Northern Region System Strengthening Scheme (NRSS- XXIX) - Jalandhar - Samba 400 kV D/C line,5,Erection/Construction,62,93,Line,400kV,"Punjab, Jalandhar; Jammu & Kashmir, Samba",135,TBCB,24,350,15-01-2015,100,90,85,35,36,Approved,0,100,150,180,52.5,75,1,Complete,100,60,62,87.5,92,1,OnTime,100,90,110,52.5,65,95,1,100,120,135,70,78,98,1,,,,,,,,,,,,,,,
Northern Region System Strengthening Scheme (NRSS- XXIX) - Jalandhar - Samba 400 kV D/C line,6,Stringing/Cabling,65,95,Line,400kV,"Punjab, Jalandhar; Jammu & Kashmir, Samba",135,TBCB,24,350,15-01-2015,100,90,85,35,36,Approved,0,100,150,180,52.5,75,1,Complete,100,60,62,87.5,92,1,OnTime,100,90,110,52.5,65,95,1,100,120,135,70,78,98,1,100,75,78,35,37,99,Hilly,,,,,,,,
Northern Region System Strengthening Scheme (NRSS- XXIX) - Jalandhar - Samba 400 kV D/C line,7,Testing & Commissioning,66,96,Line,400kV,"Punjab, Jalandhar; Jammu & Kashmir, Samba",135,TBCB,24,350,15-01-2015,100,90,85,35,36,Approved,0,100,150,180,52.5,75,1,Complete,100,60,62,87.5,92,1,OnTime,100,90,110,52.5,65,95,1,100,120,135,70,78,98,1,100,75,78,35,37,99,Hilly,100,45,46,17.5,18,Successful,15-06-2016,
Northern Region System Strengthening Scheme(NRSS) - XXXI (Part-B) - Malerkotla - Amritsar 400 kV D/C line,1,Planning/Engineering,-2,1.68,Line,400kV,"Punjab, Sangrur-Amritsar",147.01,TBCB,28,420,01-01-2015,100,90,88,42,43.68,Approved,0,,,,,,,,,,,,,,,,,,,,,,,,,,,,,,,,,,,,,,,,,,,
Northern Region System Strengthening Scheme(NRSS) - XXXI (Part-B) - Malerkotla - Amritsar 400 kV D/C line,2,Approvals & ROW,13,38.18,Line,400kV,"Punjab, Sangrur-Amritsar",147.01,TBCB,28,420,01-01-2015,100,90,88,42,43.68,Approved,0,100,150,165,63,94.5,0,Complete,,,,,,,,,,,,,,,,,,,,,,,,,,,,,,,,,,,,
Northern Region System Strengthening Scheme(NRSS) - XXXI (Part-B) - Malerkotla - Amritsar 400 kV D/C line,3,Procurement/Supply,16,48.68,Line,400kV,"Punjab, Sangrur-Amritsar",147.01,TBCB,28,420,01-01-2015,100,90,88,42,43.68,Approved,0,100,150,165,63,94.5,0,Complete,100,75,78,105,115.5,1,OnTime,,,,,,,,,,,,,,,,,,,,,,,,,,,,,
Northern Region System Strengthening Scheme(NRSS) - XXXI (Part-B) - Malerkotla - Amritsar 400 kV D/C line,4,Site Preparation/Civil,21,52.09,Line,400kV,"Punjab, Sangrur-Amritsar",147.01,TBCB,28,420,01-01-2015,100,90,88,42,43.68,Approved,0,100,150,165,63,94.5,0,Complete,100,75,78,105,115.5,1,OnTime,100,90,95,63,67.41,98,1,,,,,,,,,,,,,,,,,,,,,,
Northern Region System Strengthening Scheme(NRSS) - XXXI (Part-B) - Malerkotla - Amritsar 400 kV D/C line,5,Erection/Construction,29,59.65,Line,400kV,"Punjab, Sangrur-Amritsar",147.01,TBCB,28,420,01-01-2015,100,90,88,42,43.68,Approved,0,100,150,165,63,94.5,0,Complete,100,75,78,105,115.5,1,OnTime,100,90,95,63,67.41,98,1,100,120,128,84,91.56,97,1,,,,,,,,,,,,,,,
Northern Region System Strengthening Scheme(NRSS) - XXXI (Part-B) - Malerkotla - Amritsar 400 kV D/C line,6,Stringing/Cabling,31,61.75,Line,400kV,"Punjab, Sangrur-Amritsar",147.01,TBCB,28,420,01-01-2015,100,90,88,42,43.68,Approved,0,100,150,165,63,94.5,0,Complete,100,75,78,105,115.5,1,OnTime,100,90,95,63,67.41,98,1,100,120,128,84,91.56,97,1,100,80,82,42,44.1,99,Flat,,,,,,,,
Northern Region System Strengthening Scheme(NRSS) - XXXI (Part-B) - Malerkotla - Amritsar 400 kV D/C line,7,Testing & Commissioning,32,62.17,Line,400kV,"Punjab, Sangrur-Amritsar",147.01,TBCB,28,420,01-01-2015,100,90,88,42,43.68,Approved,0,100,150,165,63,94.5,0,Complete,100,75,78,105,115.5,1,OnTime,100,90,95,63,67.41,98,1,100,120,128,84,91.56,97,1,100,80,82,42,44.1,99,Flat,100,45,46,21,21.42,Successful,30-03-2017,
"Transmission System associated with Gadarwara STPS (2x800 MW) of NTPC (Part-A) - 2x1500 MVA, 765/400 kV Warora (New) pooling station",1,Planning/Engineering,-5,3,Substation,765kV,"Maharashtra, Chandrapur",3000,EPC,24,450,01-01-2023,100,90,85,45,48,Approved,0,,,,,,,,,,,,,,,,,,,,,,,,,,,,,,,,,,,,,,,,,,,
"Transmission System associated with Gadarwara STPS (2x800 MW) of NTPC (Part-A) - 2x1500 MVA, 765/400 kV Warora (New) pooling station",2,Approvals & ROW,25,83,Substation,765kV,"Maharashtra, Chandrapur",3000,EPC,24,450,01-01-2023,100,90,85,45,48,Approved,0,100,150,180,67.5,95,1,Complete,,,,,,,,,,,,,,,,,,,,,,,,,,,,,,,,,,,,
"Transmission System associated with Gadarwara STPS (2x800 MW) of NTPC (Part-A) - 2x1500 MVA, 765/400 kV Warora (New) pooling station",3,Procurement/Supply,28,96,Substation,765kV,"Maharashtra, Chandrapur",3000,EPC,24,450,01-01-2023,100,90,85,45,48,Approved,0,100,150,180,67.5,95,1,Complete,100,75,78,112.5,125,1,Delayed,,,,,,,,,,,,,,,,,,,,,,,,,,,,,
"Transmission System associated with Gadarwara STPS (2x800 MW) of NTPC (Part-A) - 2x1500 MVA, 765/400 kV Warora (New) pooling station",4,Site Preparation/Civil,43,114,Substation,765kV,"Maharashtra, Chandrapur",3000,EPC,24,450,01-01-2023,100,90,85,45,48,Approved,0,100,150,180,67.5,95,1,Complete,100,75,78,112.5,125,1,Delayed,100,90,105,67.5,85,95,1,,,,,,,,,,,,,,,,,,,,,,
"Transmission System associated with Gadarwara STPS (2x800 MW) of NTPC (Part-A) - 2x1500 MVA, 765/400 kV Warora (New) pooling station",5,Erection/Construction,58,129,Substation,765kV,"Maharashtra, Chandrapur",3000,EPC,24,450,01-01-2023,100,90,85,45,48,Approved,0,100,150,180,67.5,95,1,Complete,100,75,78,112.5,125,1,Delayed,100,90,105,67.5,85,95,1,100,120,135,90,105,98,1,,,,,,,,,,,,,,,
"Transmission System associated with Gadarwara STPS (2x800 MW) of NTPC (Part-A) - 2x1500 MVA, 765/400 kV Warora (New) pooling station",6,Stringing/Cabling,60,132,Substation,765kV,"Maharashtra, Chandrapur",3000,EPC,24,450,01-01-2023,100,90,85,45,48,Approved,0,100,150,180,67.5,95,1,Complete,100,75,78,112.5,125,1,Delayed,100,90,105,67.5,85,95,1,100,120,135,90,105,98,1,100,80,82,45,48,97,Flat,,,,,,,,
"Transmission System associated with Gadarwara STPS (2x800 MW) of NTPC (Part-A) - 2x1500 MVA, 765/400 kV Warora (New) pooling station",7,Testing & Commissioning,61,134,Substation,765kV,"Maharashtra, Chandrapur",3000,EPC,24,450,01-01-2023,100,90,85,45,48,Approved,0,100,150,180,67.5,95,1,Complete,100,75,78,112.5,125,1,Delayed,100,90,105,67.5,85,95,1,100,120,135,90,105,98,1,100,80,82,45,48,97,Flat,100,45,46,22.5,24,Successful,22-12-2025,
Transmission System associated with Gadarwara STPS (2x800 MW) of NTPC (Part-A) - Initially from Gadarwara to be LILO of Seoni-Bina 765kV S/C line,1,Planning/Engineering,-2,1,Line,765kV,"Madhya Pradesh, Narsinghpur",45,EPC,24,350,01-01-2025,100,90,88,35,36,Approved,0,,,,,,,,,,,,,,,,,,,,,,,,,,,,,,,,,,,,,,,,,,,
Transmission System associated with Gadarwara STPS (2x800 MW) of NTPC (Part-A) - Initially from Gadarwara to be LILO of Seoni-Bina 765kV S/C line,2,Approvals & ROW,28,82.75,Line,765kV,"Madhya Pradesh, Narsinghpur",45,EPC,24,350,01-01-2025,100,90,88,35,36,Approved,0,100,150,180,52.5,78.75,1,Complete,,,,,,,,,,,,,,,,,,,,,,,,,,,,,,,,,,,,
Transmission System associated with Gadarwara STPS (2x800 MW) of NTPC (Part-A) - Initially from Gadarwara to be LILO of Seoni-Bina 765kV S/C line,3,Procurement/Supply,30,91,Line,765kV,"Madhya Pradesh, Narsinghpur",45,EPC,24,350,01-01-2025,100,90,88,35,36,Approved,0,100,150,180,52.5,78.75,1,Complete,100,70,72,87.5,96.25,1,Delayed,,,,,,,,,,,,,,,,,,,,,,,,,,,,,
Transmission System associated with Gadarwara STPS (2x800 MW) of NTPC (Part-A) - Initially from Gadarwara to be LILO of Seoni-Bina 765kV S/C line,4,Site Preparation/Civil,48,116.5,Line,765kV,"Madhya Pradesh, Narsinghpur",45,EPC,24,350,01-01-2025,100,90,88,35,36,Approved,0,100,150,180,52.5,78.75,1,Complete,100,70,72,87.5,96.25,1,Delayed,100,90,108,52.5,66.75,95,1,,,,,,,,,,,,,,,,,,,,,,
Transmission System associated with Gadarwara STPS (2x800 MW) of NTPC (Part-A) - Initially from Gadarwara to be LILO of Seoni-Bina 765kV S/C line,5,Erection/Construction,60,122.5,Line,765kV,"Madhya Pradesh, Narsinghpur",45,EPC,24,350,01-01-2025,100,90,88,35,36,Approved,0,100,150,180,52.5,78.75,1,Complete,100,70,72,87.5,96.25,1,Delayed,100,90,108,52.5,66.75,95,1,100,120,132,70,77,96,1,,,,,,,,,,,,,,,
Transmission System associated with Gadarwara STPS (2x800 MW) of NTPC (Part-A) - Initially from Gadarwara to be LILO of Seoni-Bina 765kV S/C line,6,Stringing/Cabling,62,125.3,Line,765kV,"Madhya Pradesh, Narsinghpur",45,EPC,24,350,01-01-2025,100,90,88,35,36,Approved,0,100,150,180,52.5,78.75,1,Complete,100,70,72,87.5,96.25,1,Delayed,100,90,108,52.5,66.75,95,1,100,120,132,70,77,96,1,100,80,82,35,37.8,98,Flat,,,,,,,,
Transmission System associated with Gadarwara STPS (2x800 MW) of NTPC (Part-A) - Initially from Gadarwara to be LILO of Seoni-Bina 765kV S/C line,7,Testing & Commissioning,63,126.05,Line,765kV,"Madhya Pradesh, Narsinghpur",45,EPC,24,350,01-01-2025,100,90,88,35,36,Approved,0,100,150,180,52.5,78.75,1,Complete,100,70,72,87.5,96.25,1,Delayed,100,90,108,52.5,66.75,95,1,100,120,132,70,77,96,1,100,80,82,35,37.8,98,Flat,100,45,46,17.5,18.25,Successful,15-12-2025,
Transmission System associated with Gadarwara STPS (2x800 MW) of NTPC (Part-A) - LILO of both Ckts. of Wardha - Parli at Warora (New) Pooling Station,1,Planning/Engineering,-2,-1.3,Line,400kV,"Maharashtra, Chandrapur",45,EPC,24,285,01-01-2025,100,90,88,28.5,27.2,Approved,0,,,,,,,,,,,,,,,,,,,,,,,,,,,,,,,,,,,,,,,,,,,
Transmission System associated with Gadarwara STPS (2x800 MW) of NTPC (Part-A) - LILO of both Ckts. of Wardha - Parli at Warora (New) Pooling Station,2,Approvals & ROW,13,29,Line,400kV,"Maharashtra, Chandrapur",45,EPC,24,285,01-01-2025,100,90,88,28.5,27.2,Approved,0,100,150,165,42.75,58.5,1,Complete,,,,,,,,,,,,,,,,,,,,,,,,,,,,,,,,,,,,
Transmission System associated with Gadarwara STPS (2x800 MW) of NTPC (Part-A) - LILO of both Ckts. of Wardha - Parli at Warora (New) Pooling Station,3,Procurement/Supply,15,32.8,Line,400kV,"Maharashtra, Chandrapur",45,EPC,24,285,01-01-2025,100,90,88,28.5,27.2,Approved,0,100,150,165,42.75,58.5,1,Complete,100,60,62,71.25,74.1,1,OnTime,,,,,,,,,,,,,,,,,,,,,,,,,,,,,
Transmission System associated with Gadarwara STPS (2x800 MW) of NTPC (Part-A) - LILO of both Ckts. of Wardha - Parli at Warora (New) Pooling Station,4,Site Preparation/Civil,30,62.1,Line,400kV,"Maharashtra, Chandrapur",45,EPC,24,285,01-01-2025,100,90,88,28.5,27.2,Approved,0,100,150,165,42.75,58.5,1,Complete,100,60,62,71.25,74.1,1,OnTime,100,90,105,42.75,51.3,98,1,,,,,,,,,,,,,,,,,,,,,,
Transmission System associated with Gadarwara STPS (2x800 MW) of NTPC (Part-A) - LILO of both Ckts. of Wardha - Parli at Warora (New) Pooling Station,5,Erection/Construction,38,66.7,Line,400kV,"Maharashtra, Chandrapur",45,EPC,24,285,01-01-2025,100,90,88,28.5,27.2,Approved,0,100,150,165,42.75,58.5,1,Complete,100,60,62,71.25,74.1,1,OnTime,100,90,105,42.75,51.3,98,1,100,120,128,57,61.6,97,1,,,,,,,,,,,,,,,
Transmission System associated with Gadarwara STPS (2x800 MW) of NTPC (Part-A) - LILO of both Ckts. of Wardha - Parli at Warora (New) Pooling Station,6,Stringing/Cabling,39,67.8,Line,400kV,"Maharashtra, Chandrapur",45,EPC,24,285,01-01-2025,100,90,88,28.5,27.2,Approved,0,100,150,165,42.75,58.5,1,Complete,100,60,62,71.25,74.1,1,OnTime,100,90,105,42.75,51.3,98,1,100,120,128,57,61.6,97,1,100,75,76,28.5,29.4,99,Flat,,,,,,,,
Transmission System associated with Gadarwara STPS (2x800 MW) of NTPC (Part-A) - LILO of both Ckts. of Wardha - Parli at Warora (New) Pooling Station,7,Testing & Commissioning,38,68.2,Line,400kV,"Maharashtra, Chandrapur",45,EPC,24,285,01-01-2025,100,90,88,28.5,27.2,Approved,0,100,150,165,42.75,58.5,1,Complete,100,60,62,71.25,74.1,1,OnTime,100,90,105,42.75,51.3,98,1,100,120,128,57,61.6,97,1,100,75,76,28.5,29.4,99,Flat,100,45,44,14.25,14.7,Successful,15-12-2025,
"Transmission System associated with Gadarwara STPS (2x800 MW) of NTPC (Part-B) - 2x1500 MVA, 765/400 kV Parli (New) sub station",1,Planning/Engineering,2,5,Substation,765kV,"Maharashtra, Beed",3000,EPC,30,450,01-01-2023,100,90,92,45,50,Approved,0,,,,,,,,,,,,,,,,,,,,,,,,,,,,,,,,,,,,,,,,,,,
"Transmission System associated with Gadarwara STPS (2x800 MW) of NTPC (Part-B) - 2x1500 MVA, 765/400 kV Parli (New) sub station",2,Approvals & ROW,32,105,Substation,765kV,"Maharashtra, Beed",3000,EPC,30,450,01-01-2023,100,90,92,45,50,Approved,0,100,150,180,67.5,95,1,Complete,,,,,,,,,,,,,,,,,,,,,,,,,,,,,,,,,,,,
"Transmission System associated with Gadarwara STPS (2x800 MW) of NTPC (Part-B) - 2x1500 MVA, 765/400 kV Parli (New) sub station",3,Procurement/Supply,37,180,Substation,765kV,"Maharashtra, Beed",3000,EPC,30,450,01-01-2023,100,90,92,45,50,Approved,0,100,150,180,67.5,95,1,Complete,100,70,75,112.5,125,1,Delayed,,,,,,,,,,,,,,,,,,,,,,,,,,,,,
"Transmission System associated with Gadarwara STPS (2x800 MW) of NTPC (Part-B) - 2x1500 MVA, 765/400 kV Parli (New) sub station",4,Site Preparation/Civil,52,220,Substation,765kV,"Maharashtra, Beed",3000,EPC,30,450,01-01-2023,100,90,92,45,50,Approved,0,100,150,180,67.5,95,1,Complete,100,70,75,112.5,125,1,Delayed,100,100,115,67.5,85,98,1,,,,,,,,,,,,,,,,,,,,,,
"Transmission System associated with Gadarwara STPS (2x800 MW) of NTPC (Part-B) - 2x1500 MVA, 765/400 kV Parli (New) sub station",5,Erection/Construction,62,235,Substation,765kV,"Maharashtra, Beed",3000,EPC,30,450,01-01-2023,100,90,92,45,50,Approved,0,100,150,180,67.5,95,1,Complete,100,70,75,112.5,125,1,Delayed,100,100,115,67.5,85,98,1,100,120,130,90,105,95,1,,,,,,,,,,,,,,,
"Transmission System associated with Gadarwara STPS (2x800 MW) of NTPC (Part-B) - 2x1500 MVA, 765/400 kV Parli (New) sub station",6,Stringing/Cabling,64,238,Substation,765kV,"Maharashtra, Beed",3000,EPC,30,450,01-01-2023,100,90,92,45,50,Approved,0,100,150,180,67.5,95,1,Complete,100,70,75,112.5,125,1,Delayed,100,100,115,67.5,85,98,1,100,120,130,90,105,95,1,100,80,82,45,48,98,Flat,,,,,,,,
"Transmission System associated with Gadarwara STPS (2x800 MW) of NTPC (Part-B) - 2x1500 MVA, 765/400 kV Parli (New) sub station",7,Testing & Commissioning,66,240,Substation,765kV,"Maharashtra, Beed",3000,EPC,30,450,01-01-2023,100,90,92,45,50,Approved,0,100,150,180,67.5,95,1,Complete,100,70,75,112.5,125,1,Delayed,100,100,115,67.5,85,98,1,100,120,130,90,105,95,1,100,80,82,45,48,98,Flat,100,45,47,22.5,24,Successful,15-07-2024,
Transmission System associated with Gadarwara STPS (2x800 MW) of NTPC (Part-B) - Warora Pooling Station - Parli (New) 765 kV D/C line,1,Planning/Engineering,-2,-3,Line,765kV,"Maharashtra, Chandrapur; Maharashtra, Nagpur; Maharashtra, Beed",350,EPC,30,1450,01-01-2025,100,90,88,145,142,Approved,0,,,,,,,,,,,,,,,,,,,,,,,,,,,,,,,,,,,,,,,,,,,
Transmission System associated with Gadarwara STPS (2x800 MW) of NTPC (Part-B) - Warora Pooling Station - Parli (New) 765 kV D/C line,2,Approvals & ROW,43,167,Line,765kV,"Maharashtra, Chandrapur; Maharashtra, Nagpur; Maharashtra, Beed",350,EPC,30,1450,01-01-2025,100,90,88,145,142,Approved,0,100,150,195,218,312,1,Complete,,,,,,,,,,,,,,,,,,,,,,,,,,,,,,,,,,,,
Transmission System associated with Gadarwara STPS (2x800 MW) of NTPC (Part-B) - Warora Pooling Station - Parli (New) 765 kV D/C line,3,Procurement/Supply,51,210,Line,765kV,"Maharashtra, Chandrapur; Maharashtra, Nagpur; Maharashtra, Beed",350,EPC,30,1450,01-01-2025,100,90,88,145,142,Approved,0,100,150,195,218,312,1,Complete,100,70,78,362,405,1,Delayed,,,,,,,,,,,,,,,,,,,,,,,,,,,,,
Transmission System associated with Gadarwara STPS (2x800 MW) of NTPC (Part-B) - Warora Pooling Station - Parli (New) 765 kV D/C line,4,Site Preparation/Civil,76,261,Line,765kV,"Maharashtra, Chandrapur; Maharashtra, Nagpur; Maharashtra, Beed",350,EPC,30,1450,01-01-2025,100,90,88,145,142,Approved,0,100,150,195,218,312,1,Complete,100,70,78,362,405,1,Delayed,100,100,125,218,269,96,1,,,,,,,,,,,,,,,,,,,,,,
Transmission System associated with Gadarwara STPS (2x800 MW) of NTPC (Part-B) - Warora Pooling Station - Parli (New) 765 kV D/C line,5,Erection/Construction,94,306,Line,765kV,"Maharashtra, Chandrapur; Maharashtra, Nagpur; Maharashtra, Beed",350,EPC,30,1450,01-01-2025,100,90,88,145,142,Approved,0,100,150,195,218,312,1,Complete,100,70,78,362,405,1,Delayed,100,100,125,218,269,96,1,100,120,138,290,335,97,1,,,,,,,,,,,,,,,
Transmission System associated with Gadarwara STPS (2x800 MW) of NTPC (Part-B) - Warora Pooling Station - Parli (New) 765 kV D/C line,6,Stringing/Cabling,96,313,Line,765kV,"Maharashtra, Chandrapur; Maharashtra, Nagpur; Maharashtra, Beed",350,EPC,30,1450,01-01-2025,100,90,88,145,142,Approved,0,100,150,195,218,312,1,Complete,100,70,78,362,405,1,Delayed,100,100,125,218,269,96,1,100,120,138,290,335,97,1,100,80,82,145,152,98,Flat,,,,,,,,
Transmission System associated with Gadarwara STPS (2x800 MW) of NTPC (Part-B) - Warora Pooling Station - Parli (New) 765 kV D/C line,7,Testing & Commissioning,98,316,Line,765kV,"Maharashtra, Chandrapur; Maharashtra, Nagpur; Maharashtra, Beed",350,EPC,30,1450,01-01-2025,100,90,88,145,142,Approved,0,100,150,195,218,312,1,Complete,100,70,78,362,405,1,Delayed,100,100,125,218,269,96,1,100,120,138,290,335,97,1,100,80,82,145,152,98,Flat,100,45,47,72,75,Successful,15-12-2025,
Transmission System for Patran 400 kV S/S - LILO of both circuits of Patiala-Kaithal 400kV D/C at Patran (Triple snow Bird Conductor),1,Planning/Engineering,-2,0.2,Line,400kV,"Punjab, Patiala",15,EPC,24,80,01-01-2023,100,90,88,8,8.2,Approved,0,,,,,,,,,,,,,,,,,,,,,,,,,,,,,,,,,,,,,,,,,,,
Transmission System for Patran 400 kV S/S - LILO of both circuits of Patiala-Kaithal 400kV D/C at Patran (Triple snow Bird Conductor),2,Approvals & ROW,13,5,Line,400kV,"Punjab, Patiala",15,EPC,24,80,01-01-2023,100,90,88,8,8.2,Approved,0,100,150,165,12,16.8,0,Complete,,,,,,,,,,,,,,,,,,,,,,,,,,,,,,,,,,,,
Transmission System for Patran 400 kV S/S - LILO of both circuits of Patiala-Kaithal 400kV D/C at Patran (Triple snow Bird Conductor),3,Procurement/Supply,15,6.6,Line,400kV,"Punjab, Patiala",15,EPC,24,80,01-01-2023,100,90,88,8,8.2,Approved,0,100,150,165,12,16.8,0,Complete,100,60,62,20,21.4,1,OnTime,,,,,,,,,,,,,,,,,,,,,,,,,,,,,
Transmission System for Patran 400 kV S/S - LILO of both circuits of Patiala-Kaithal 400kV D/C at Patran (Triple snow Bird Conductor),4,Site Preparation/Civil,20,8.8,Line,400kV,"Punjab, Patiala",15,EPC,24,80,01-01-2023,100,90,88,8,8.2,Approved,0,100,150,165,12,16.8,0,Complete,100,60,62,20,21.4,1,OnTime,100,90,95,12,13.2,98,1,,,,,,,,,,,,,,,,,,,,,,
Transmission System for Patran 400 kV S/S - LILO of both circuits of Patiala-Kaithal 400kV D/C at Patran (Triple snow Bird Conductor),5,Erection/Construction,28,11.4,Line,400kV,"Punjab, Patiala",15,EPC,24,80,01-01-2023,100,90,88,8,8.2,Approved,0,100,150,165,12,16.8,0,Complete,100,60,62,20,21.4,1,OnTime,100,90,95,12,13.2,98,1,100,120,128,16,17.6,97,1,,,,,,,,,,,,,,,
Transmission System for Patran 400 kV S/S - LILO of both circuits of Patiala-Kaithal 400kV D/C at Patran (Triple snow Bird Conductor),6,Stringing/Cabling,29,11.8,Line,400kV,"Punjab, Patiala",15,EPC,24,80,01-01-2023,100,90,88,8,8.2,Approved,0,100,150,165,12,16.8,0,Complete,100,60,62,20,21.4,1,OnTime,100,90,95,12,13.2,98,1,100,120,128,16,17.6,97,1,100,75,76,8,8.4,99,Flat,,,,,,,,
Transmission System for Patran 400 kV S/S - LILO of both circuits of Patiala-Kaithal 400kV D/C at Patran (Triple snow Bird Conductor),7,Testing & Commissioning,30,12,Line,400kV,"Punjab, Patiala",15,EPC,24,80,01-01-2023,100,90,88,8,8.2,Approved,0,100,150,165,12,16.8,0,Complete,100,60,62,20,21.4,1,OnTime,100,90,95,12,13.2,98,1,100,120,128,16,17.6,97,1,100,75,76,8,8.4,99,Flat,100,45,46,4,4.2,Successful,15-12-2024,
Transmission System required for evacuation of power from Kudgi TPS (3x800 MW in Phase-I) of NTPC Ltd. - Kudgi TPS-Narendra 400 kV 2xD/C line (I&II),1,Planning/Engineering,-2,2,Line,400kV,"Karnataka, Bijapur",482,TBCB,24,320,01-01-2023,100,90,88,32,34,Approved,0,,,,,,,,,,,,,,,,,,,,,,,,,,,,,,,,,,,,,,,,,,,
Transmission System required for evacuation of power from Kudgi TPS (3x800 MW in Phase-I) of NTPC Ltd. - Kudgi TPS-Narendra 400 kV 2xD/C line (I&II),2,Approvals & ROW,43,74,Line,400kV,"Karnataka, Bijapur",482,TBCB,24,320,01-01-2023,100,90,88,32,34,Approved,0,100,150,195,48,72,1,Complete,,,,,,,,,,,,,,,,,,,,,,,,,,,,,,,,,,,,
Transmission System required for evacuation of power from Kudgi TPS (3x800 MW in Phase-I) of NTPC Ltd. - Kudgi TPS-Narendra 400 kV 2xD/C line (I&II),3,Procurement/Supply,45,80,Line,400kV,"Karnataka, Bijapur",482,TBCB,24,320,01-01-2023,100,90,88,32,34,Approved,0,100,150,195,48,72,1,Complete,100,70,72,80,84,1,OnTime,,,,,,,,,,,,,,,,,,,,,,,,,,,,,
Transmission System required for evacuation of power from Kudgi TPS (3x800 MW in Phase-I) of NTPC Ltd. - Kudgi TPS-Narendra 400 kV 2xD/C line (I&II),4,Site Preparation/Civil,70,112,Line,400kV,"Karnataka, Bijapur",482,TBCB,24,320,01-01-2023,100,90,88,32,34,Approved,0,100,150,195,48,72,1,Complete,100,70,72,80,84,1,OnTime,100,100,125,48,60,98,1,,,,,,,,,,,,,,,,,,,,,,
Transmission System required for evacuation of power from Kudgi TPS (3x800 MW in Phase-I) of NTPC Ltd. - Kudgi TPS-Narendra 400 kV 2xD/C line (I&II),5,Erection/Construction,85,130,Line,400kV,"Karnataka, Bijapur",482,TBCB,24,320,01-01-2023,100,90,88,32,34,Approved,0,100,150,195,48,72,1,Complete,100,70,72,80,84,1,OnTime,100,100,125,48,60,98,1,100,120,135,64,70,97,1,,,,,,,,,,,,,,,
Transmission System required for evacuation of power from Kudgi TPS (3x800 MW in Phase-I) of NTPC Ltd. - Kudgi TPS-Narendra 400 kV 2xD/C line (I&II),6,Stringing/Cabling,87,131,Line,400kV,"Karnataka, Bijapur",482,TBCB,24,320,01-01-2023,100,90,88,32,34,Approved,0,100,150,195,48,72,1,Complete,100,70,72,80,84,1,OnTime,100,100,125,48,60,98,1,100,120,135,64,70,97,1,100,80,82,32,33,99,Flat,,,,,,,,
Transmission System required for evacuation of power from Kudgi TPS (3x800 MW in Phase-I) of NTPC Ltd. - Kudgi TPS-Narendra 400 kV 2xD/C line (I&II),7,Testing & Commissioning,88,132,Line,400kV,"Karnataka, Bijapur",482,TBCB,24,320,01-01-2023,100,90,88,32,34,Approved,0,100,150,195,48,72,1,Complete,100,70,72,80,84,1,OnTime,100,100,125,48,60,98,1,100,120,135,64,70,97,1,100,80,82,32,33,99,Flat,100,45,46,16,17,Successful,15-12-2024,
Transmission System required for evacuation of power from Kudgi TPS (3x800 MW in Phase-I) of NTPC Ltd. - Madhugiri (Tumkur) - Bidadi 400 kV D/C line,1,Planning/Engineering,-2,3,Line,400kV,"Karnataka, Tumkur",184.4,EPC,24,350,01-01-2014,100,90,88,35,38,Approved,0,,,,,,,,,,,,,,,,,,,,,,,,,,,,,,,,,,,,,,,,,,,
Transmission System required for evacuation of power from Kudgi TPS (3x800 MW in Phase-I) of NTPC Ltd. - Madhugiri (Tumkur) - Bidadi 400 kV D/C line,2,Approvals & ROW,28,81.75,Line,400kV,"Karnataka, Tumkur",184.4,EPC,24,350,01-01-2014,100,90,88,35,38,Approved,0,100,150,180,52.5,78.75,1,Complete,,,,,,,,,,,,,,,,,,,,,,,,,,,,,,,,,,,,
Transmission System required for evacuation of power from Kudgi TPS (3x800 MW in Phase-I) of NTPC Ltd. - Madhugiri (Tumkur) - Bidadi 400 kV D/C line,3,Procurement/Supply,30,90,Line,400kV,"Karnataka, Tumkur",184.4,EPC,24,350,01-01-2014,100,90,88,35,38,Approved,0,100,150,180,52.5,78.75,1,Complete,100,70,72,87.5,96.25,1,OnTime,,,,,,,,,,,,,,,,,,,,,,,,,,,,,
Transmission System required for evacuation of power from Kudgi TPS (3x800 MW in Phase-I) of NTPC Ltd. - Madhugiri (Tumkur) - Bidadi 400 kV D/C line,4,Site Preparation/Civil,45,100.5,Line,400kV,"Karnataka, Tumkur",184.4,EPC,24,350,01-01-2014,100,90,88,35,38,Approved,0,100,150,180,52.5,78.75,1,Complete,100,70,72,87.5,96.25,1,OnTime,100,90,105,52.5,63,95,1,,,,,,,,,,,,,,,,,,,,,,
Transmission System required for evacuation of power from Kudgi TPS (3x800 MW in Phase-I) of NTPC Ltd. - Madhugiri (Tumkur) - Bidadi 400 kV D/C line,5,Erection/Construction,57,107.5,Line,400kV,"Karnataka, Tumkur",184.4,EPC,24,350,01-01-2014,100,90,88,35,38,Approved,0,100,150,180,52.5,78.75,1,Complete,100,70,72,87.5,96.25,1,OnTime,100,90,105,52.5,63,95,1,100,120,132,70,77,96,1,,,,,,,,,,,,,,,
Transmission System required for evacuation of power from Kudgi TPS (3x800 MW in Phase-I) of NTPC Ltd. - Madhugiri (Tumkur) - Bidadi 400 kV D/C line,6,Stringing/Cabling,59,108.9,Line,400kV,"Karnataka, Tumkur",184.4,EPC,24,350,01-01-2014,100,90,88,35,38,Approved,0,100,150,180,52.5,78.75,1,Complete,100,70,72,87.5,96.25,1,OnTime,100,90,105,52.5,63,95,1,100,120,132,70,77,96,1,100,80,82,35,36.4,98,Flat,,,,,,,,
Transmission System required for evacuation of power from Kudgi TPS (3x800 MW in Phase-I) of NTPC Ltd. - Madhugiri (Tumkur) - Bidadi 400 kV D/C line,7,Testing & Commissioning,60,109.65,Line,400kV,"Karnataka, Tumkur",184.4,EPC,24,350,01-01-2014,100,90,88,35,38,Approved,0,100,150,180,52.5,78.75,1,Complete,100,70,72,87.5,96.25,1,OnTime,100,90,105,52.5,63,95,1,100,120,132,70,77,96,1,100,80,82,35,36.4,98,Flat,100,45,46,17.5,18.25,Successful,24-09-2016,
Transmission System required for evacuation of power from Kudgi TPS (3x800 MW in Phase-I) of NTPC Ltd. - Narendra (New) - Madhugiri 765 kV D/C line,1,Planning/Engineering,-2,1,Line,765kV,"Karnataka, Bijapur",760,TBCB,30,350,01-01-2014,100,90,88,35,36,Approved,0,,,,,,,,,,,,,,,,,,,,,,,,,,,,,,,,,,,,,,,,,,,
Transmission System required for evacuation of power from Kudgi TPS (3x800 MW in Phase-I) of NTPC Ltd. - Narendra (New) - Madhugiri 765 kV D/C line,2,Approvals & ROW,28,82.75,Line,765kV,"Karnataka, Bijapur",760,TBCB,30,350,01-01-2014,100,90,88,35,36,Approved,0,100,150,180,52.5,78.75,1,Complete,,,,,,,,,,,,,,,,,,,,,,,,,,,,,,,,,,,,
Transmission System required for evacuation of power from Kudgi TPS (3x800 MW in Phase-I) of NTPC Ltd. - Narendra (New) - Madhugiri 765 kV D/C line,3,Procurement/Supply,30,86.75,Line,765kV,"Karnataka, Bijapur",760,TBCB,30,350,01-01-2014,100,90,88,35,36,Approved,0,100,150,180,52.5,78.75,1,Complete,100,70,72,87.5,92,1,Delayed,,,,,,,,,,,,,,,,,,,,,,,,,,,,,
Transmission System required for evacuation of power from Kudgi TPS (3x800 MW in Phase-I) of NTPC Ltd. - Narendra (New) - Madhugiri 765 kV D/C line,4,Site Preparation/Civil,45,96.75,Line,765kV,"Karnataka, Bijapur",760,TBCB,30,350,01-01-2014,100,90,88,35,36,Approved,0,100,150,180,52.5,78.75,1,Complete,100,70,72,87.5,92,1,Delayed,100,100,115,52.5,63,98,1,,,,,,,,,,,,,,,,,,,,,,
Transmission System required for evacuation of power from Kudgi TPS (3x800 MW in Phase-I) of NTPC Ltd. - Narendra (New) - Madhugiri 765 kV D/C line,5,Erection/Construction,60,103.75,Line,765kV,"Karnataka, Bijapur",760,TBCB,30,350,01-01-2014,100,90,88,35,36,Approved,0,100,150,180,52.5,78.75,1,Complete,100,70,72,87.5,92,1,Delayed,100,100,115,52.5,63,98,1,100,120,135,70,77,97,1,,,,,,,,,,,,,,,
Transmission System required for evacuation of power from Kudgi TPS (3x800 MW in Phase-I) of NTPC Ltd. - Narendra (New) - Madhugiri 765 kV D/C line,6,Stringing/Cabling,62,105.15,Line,765kV,"Karnataka, Bijapur",760,TBCB,30,350,01-01-2014,100,90,88,35,36,Approved,0,100,150,180,52.5,78.75,1,Complete,100,70,72,87.5,92,1,Delayed,100,100,115,52.5,63,98,1,100,120,135,70,77,97,1,100,80,82,35,36.4,99,Flat,,,,,,,,
Transmission System required for evacuation of power from Kudgi TPS (3x800 MW in Phase-I) of NTPC Ltd. - Narendra (New) - Madhugiri 765 kV D/C line,7,Testing & Commissioning,63,105.8,Line,765kV,"Karnataka, Bijapur",760,TBCB,30,350,01-01-2014,100,90,88,35,36,Approved,0,100,150,180,52.5,78.75,1,Complete,100,70,72,87.5,92,1,Delayed,100,100,115,52.5,63,98,1,100,120,135,70,77,97,1,100,80,82,35,36.4,99,Flat,100,45,46,17.5,18.1,Successful,15-08-2016,
Additional system strengthening for Chhattisgarh (B) - Raipur - Rajnandgaon 765 kV D/C (hexa) line,1,Planning/Engineering,-2,2,Line,765kV,"Chhattisgarh, Raipur",180,EPC,24,320,01-01-2024,100,90,88,32,34,Approved,0,,,,,,,,,,,,,,,,,,,,,,,,,,,,,,,,,,,,,,,,,,,
Additional system strengthening for Chhattisgarh (B) - Raipur - Rajnandgaon 765 kV D/C (hexa) line,2,Approvals & ROW,53,74,Line,765kV,"Chhattisgarh, Raipur",180,EPC,24,320,01-01-2024,100,90,88,32,34,Approved,0,100,150,195,48,72,1,Complete,,,,,,,,,,,,,,,,,,,,,,,,,,,,,,,,,,,,
Additional system strengthening for Chhattisgarh (B) - Raipur - Rajnandgaon 765 kV D/C (hexa) line,3,Procurement/Supply,60,134,Line,765kV,"Chhattisgarh, Raipur",180,EPC,24,320,01-01-2024,100,90,88,32,34,Approved,0,100,150,195,48,72,1,Complete,100,75,82,80,92,1,Delayed,,,,,,,,,,,,,,,,,,,,,,,,,,,,,
Additional system strengthening for Chhattisgarh (B) - Raipur - Rajnandgaon 765 kV D/C (hexa) line,4,Site Preparation/Civil,85,170,Line,765kV,"Chhattisgarh, Raipur",180,EPC,24,320,01-01-2024,100,90,88,32,34,Approved,0,100,150,195,48,72,1,Complete,100,75,82,80,92,1,Delayed,100,100,125,48,64,98,1,,,,,,,,,,,,,,,,,,,,,,
Additional system strengthening for Chhattisgarh (B) - Raipur - Rajnandgaon 765 kV D/C (hexa) line,5,Erection/Construction,103,222,Line,765kV,"Chhattisgarh, Raipur",180,EPC,24,320,01-01-2024,100,90,88,32,34,Approved,0,100,150,195,48,72,1,Complete,100,75,82,80,92,1,Delayed,100,100,125,48,64,98,1,100,120,138,64,76,97,1,,,,,,,,,,,,,,,
Additional system strengthening for Chhattisgarh (B) - Raipur - Rajnandgaon 765 kV D/C (hexa) line,6,Stringing/Cabling,108,258,Line,765kV,"Chhattisgarh, Raipur",180,EPC,24,320,01-01-2024,100,90,88,32,34,Approved,0,100,150,195,48,72,1,Complete,100,75,82,80,92,1,Delayed,100,100,125,48,64,98,1,100,120,138,64,76,97,1,100,80,85,32,36,99,Forest,,,,,,,,
Additional system strengthening for Chhattisgarh (B) - Raipur - Rajnandgaon 765 kV D/C (hexa) line,7,Testing & Commissioning,111,275,Line,765kV,"Chhattisgarh, Raipur",180,EPC,24,320,01-01-2024,100,90,88,32,34,Approved,0,100,150,195,48,72,1,Complete,100,75,82,80,92,1,Delayed,100,100,125,48,64,98,1,100,120,138,64,76,97,1,100,80,85,32,36,99,Forest,100,45,48,16,17,Successful,15-12-2025,
Additional system strengthening for Chhattisgarh (B) - Rajnandgaon - Warora 765 kV D/C (hexa) line,1,Planning/Engineering,2,2.6,Line,765kV,"Chhattisgarh, Rajnandgaon; Maharashtra, Wardha",604,TBCB,30,375,01-11-2015,100,90,92,37.5,40.1,Approved,1,,,,,,,,,,,,,,,,,,,,,,,,,,,,,,,,,,,,,,,,,,,
Additional system strengthening for Chhattisgarh (B) - Rajnandgaon - Warora 765 kV D/C (hexa) line,2,Approvals & ROW,62,70.5,Line,765kV,"Chhattisgarh, Rajnandgaon; Maharashtra, Wardha",604,TBCB,30,375,01-11-2015,100,90,92,37.5,40.1,Approved,1,100,150,210,56.25,84.4,1,Complete,,,,,,,,,,,,,,,,,,,,,,,,,,,,,,,,,,,,
Additional system strengthening for Chhattisgarh (B) - Rajnandgaon - Warora 765 kV D/C (hexa) line,3,Procurement/Supply,65,74.6,Line,765kV,"Chhattisgarh, Rajnandgaon; Maharashtra, Wardha",604,TBCB,30,375,01-11-2015,100,90,92,37.5,40.1,Approved,1,100,150,210,56.25,84.4,1,Complete,100,75,78,93.75,97.5,1,Delayed,,,,,,,,,,,,,,,,,,,,,,,,,,,,,
Additional system strengthening for Chhattisgarh (B) - Rajnandgaon - Warora 765 kV D/C (hexa) line,4,Site Preparation/Civil,90,85.9,Line,765kV,"Chhattisgarh, Rajnandgaon; Maharashtra, Wardha",604,TBCB,30,375,01-11-2015,100,90,92,37.5,40.1,Approved,1,100,150,210,56.25,84.4,1,Complete,100,75,78,93.75,97.5,1,Delayed,100,90,115,56.25,67.5,95,1,,,,,,,,,,,,,,,,,,,,,,
Additional system strengthening for Chhattisgarh (B) - Rajnandgaon - Warora 765 kV D/C (hexa) line,5,Erection/Construction,110,93.4,Line,765kV,"Chhattisgarh, Rajnandgaon; Maharashtra, Wardha",604,TBCB,30,375,01-11-2015,100,90,92,37.5,40.1,Approved,1,100,150,210,56.25,84.4,1,Complete,100,75,78,93.75,97.5,1,Delayed,100,90,115,56.25,67.5,95,1,100,120,140,75,82.5,97,1,,,,,,,,,,,,,,,
Additional system strengthening for Chhattisgarh (B) - Rajnandgaon - Warora 765 kV D/C (hexa) line,6,Stringing/Cabling,115,95.8,Line,765kV,"Chhattisgarh, Rajnandgaon; Maharashtra, Wardha",604,TBCB,30,375,01-11-2015,100,90,92,37.5,40.1,Approved,1,100,150,210,56.25,84.4,1,Complete,100,75,78,93.75,97.5,1,Delayed,100,90,115,56.25,67.5,95,1,100,120,140,75,82.5,97,1,100,80,85,37.5,39.4,98,Forest,,,,,,,,
Additional system strengthening for Chhattisgarh (B) - Rajnandgaon - Warora 765 kV D/C (hexa) line,7,Testing & Commissioning,116,96.6,Line,765kV,"Chhattisgarh, Rajnandgaon; Maharashtra, Wardha",604,TBCB,30,375,01-11-2015,100,90,92,37.5,40.1,Approved,1,100,150,210,56.25,84.4,1,Complete,100,75,78,93.75,97.5,1,Delayed,100,90,115,56.25,67.5,95,1,100,120,140,75,82.5,97,1,100,80,85,37.5,39.4,98,Forest,100,45,46,18.75,19.5,Successful,31-03-2019,
Additional system strengthening for Sipat STPS - Bilaspur - Rajnandgaon 765 kV D/C (hexa) line,1,Planning/Engineering,-5,-1.2,Line,765kV,"Chhattisgarh, Bilaspur",348,TBCB,30,320,01-11-2015,100,90,85,32,30.8,Approved,1,,,,,,,,,,,,,,,,,,,,,,,,,,,,,,,,,,,,,,,,,,,
Additional system strengthening for Sipat STPS - Bilaspur - Rajnandgaon 765 kV D/C (hexa) line,2,Approvals & ROW,40,38.8,Line,765kV,"Chhattisgarh, Bilaspur",348,TBCB,30,320,01-11-2015,100,90,85,32,30.8,Approved,1,100,150,195,48,72,1,Complete,,,,,,,,,,,,,,,,,,,,,,,,,,,,,,,,,,,,
Additional system strengthening for Sipat STPS - Bilaspur - Rajnandgaon 765 kV D/C (hexa) line,3,Procurement/Supply,43,42.8,Line,765kV,"Chhattisgarh, Bilaspur",348,TBCB,30,320,01-11-2015,100,90,85,32,30.8,Approved,1,100,150,195,48,72,1,Complete,100,75,78,80,84,1,Delayed,,,,,,,,,,,,,,,,,,,,,,,,,,,,,
Additional system strengthening for Sipat STPS - Bilaspur - Rajnandgaon 765 kV D/C (hexa) line,4,Site Preparation/Civil,65,54.8,Line,765kV,"Chhattisgarh, Bilaspur",348,TBCB,30,320,01-11-2015,100,90,85,32,30.8,Approved,1,100,150,195,48,72,1,Complete,100,75,78,80,84,1,Delayed,100,90,112,48,60,98,1,,,,,,,,,,,,,,,,,,,,,,
Additional system strengthening for Sipat STPS - Bilaspur - Rajnandgaon 765 kV D/C (hexa) line,5,Erection/Construction,80,65,Line,765kV,"Chhattisgarh, Bilaspur",348,TBCB,30,320,01-11-2015,100,90,85,32,30.8,Approved,1,100,150,195,48,72,1,Complete,100,75,78,80,84,1,Delayed,100,90,112,48,60,98,1,100,120,135,64,70.4,97,1,,,,,,,,,,,,,,,
Additional system strengthening for Sipat STPS - Bilaspur - Rajnandgaon 765 kV D/C (hexa) line,6,Stringing/Cabling,82,67.4,Line,765kV,"Chhattisgarh, Bilaspur",348,TBCB,30,320,01-11-2015,100,90,85,32,30.8,Approved,1,100,150,195,48,72,1,Complete,100,75,78,80,84,1,Delayed,100,90,112,48,60,98,1,100,120,135,64,70.4,97,1,100,80,82,32,33.6,99,Flat,,,,,,,,
Additional system strengthening for Sipat STPS - Bilaspur - Rajnandgaon 765 kV D/C (hexa) line,7,Testing & Commissioning,83,68.2,Line,765kV,"Chhattisgarh, Bilaspur",348,TBCB,30,320,01-11-2015,100,90,85,32,30.8,Approved,1,100,150,195,48,72,1,Complete,100,75,78,80,84,1,Delayed,100,90,112,48,60,98,1,100,120,135,64,70.4,97,1,100,80,82,32,33.6,99,Flat,100,45,46,16,16.8,Successful,25-03-2019,
Additional system strengthening for Sipat STPS - Sipat STPS - Bilaspur 765 kV S/C (Q) line,1,Planning/Engineering,-5,-0.5,Line,765kV,"Chhattisgarh, Bilaspur",24,TBCB,24,180,01-11-2015,100,90,85,18,17.5,Approved,1,,,,,,,,,,,,,,,,,,,,,,,,,,,,,,,,,,,,,,,,,,,
Additional system strengthening for Sipat STPS - Sipat STPS - Bilaspur 765 kV S/C (Q) line,2,Approvals & ROW,10,17,Line,765kV,"Chhattisgarh, Bilaspur",24,TBCB,24,180,01-11-2015,100,90,85,18,17.5,Approved,1,100,150,165,27,35,1,Complete,,,,,,,,,,,,,,,,,,,,,,,,,,,,,,,,,,,,
Additional system strengthening for Sipat STPS - Sipat STPS - Bilaspur 765 kV S/C (Q) line,3,Procurement/Supply,12,20,Line,765kV,"Chhattisgarh, Bilaspur",24,TBCB,24,180,01-11-2015,100,90,85,18,17.5,Approved,1,100,150,165,27,35,1,Complete,100,60,62,45,48,1,OnTime,,,,,,,,,,,,,,,,,,,,,,,,,,,,,
Additional system strengthening for Sipat STPS - Sipat STPS - Bilaspur 765 kV S/C (Q) line,4,Site Preparation/Civil,17,22,Line,765kV,"Chhattisgarh, Bilaspur",24,TBCB,24,180,01-11-2015,100,90,85,18,17.5,Approved,1,100,150,165,27,35,1,Complete,100,60,62,45,48,1,OnTime,100,90,95,27,29,98,1,,,,,,,,,,,,,,,,,,,,,,
Additional system strengthening for Sipat STPS - Sipat STPS - Bilaspur 765 kV S/C (Q) line,5,Erection/Construction,22,24,Line,765kV,"Chhattisgarh, Bilaspur",24,TBCB,24,180,01-11-2015,100,90,85,18,17.5,Approved,1,100,150,165,27,35,1,Complete,100,60,62,45,48,1,OnTime,100,90,95,27,29,98,1,100,120,125,36,37.5,96,1,,,,,,,,,,,,,,,
Additional system strengthening for Sipat STPS - Sipat STPS - Bilaspur 765 kV S/C (Q) line,6,Stringing/Cabling,19,24.3,Line,765kV,"Chhattisgarh, Bilaspur",24,TBCB,24,180,01-11-2015,100,90,85,18,17.5,Approved,1,100,150,165,27,35,1,Complete,100,60,62,45,48,1,OnTime,100,90,95,27,29,98,1,100,120,125,36,37.5,96,1,100,75,72,18,17.8,98,Flat,,,,,,,,
Additional system strengthening for Sipat STPS - Sipat STPS - Bilaspur 765 kV S/C (Q) line,7,Testing & Commissioning,17,24.5,Line,765kV,"Chhattisgarh, Bilaspur",24,TBCB,24,180,01-11-2015,100,90,85,18,17.5,Approved,1,100,150,165,27,35,1,Complete,100,60,62,45,48,1,OnTime,100,90,95,27,29,98,1,100,120,125,36,37.5,96,1,100,75,72,18,17.8,98,Flat,100,45,43,9,9.2,Successful,10-08-2018,
Common Transmission system for phase-II generation projects in Orissa and immediate evacuation system for OPGC project (Orissa) - Jharsuguda - Raipur 765 kV D/C (hexa) line,1,Planning/Engineering,2,2,Line,765kV,"Odisha, Sundargarh; Chhattisgarh, Raipur",350,EPC,30,320,01-01-2017,100,90,92,32,34,Approved,1,,,,,,,,,,,,,,,,,,,,,,,,,,,,,,,,,,,,,,,,,,,
Common Transmission system for phase-II generation projects in Orissa and immediate evacuation system for OPGC project (Orissa) - Jharsuguda - Raipur 765 kV D/C (hexa) line,2,Approvals & ROW,62,46,Line,765kV,"Odisha, Sundargarh; Chhattisgarh, Raipur",350,EPC,30,320,01-01-2017,100,90,92,32,34,Approved,1,100,150,210,48,72,1,Complete,,,,,,,,,,,,,,,,,,,,,,,,,,,,,,,,,,,,
Common Transmission system for phase-II generation projects in Orissa and immediate evacuation system for OPGC project (Orissa) - Jharsuguda - Raipur 765 kV D/C (hexa) line,3,Procurement/Supply,69,58,Line,765kV,"Odisha, Sundargarh; Chhattisgarh, Raipur",350,EPC,30,320,01-01-2017,100,90,92,32,34,Approved,1,100,150,210,48,72,1,Complete,100,75,82,80,92,1,Delayed,,,,,,,,,,,,,,,,,,,,,,,,,,,,,
Common Transmission system for phase-II generation projects in Orissa and immediate evacuation system for OPGC project (Orissa) - Jharsuguda - Raipur 765 kV D/C (hexa) line,4,Site Preparation/Civil,94,74,Line,765kV,"Odisha, Sundargarh; Chhattisgarh, Raipur",350,EPC,30,320,01-01-2017,100,90,92,32,34,Approved,1,100,150,210,48,72,1,Complete,100,75,82,80,92,1,Delayed,100,90,115,48,,98,1,,,,,,,,,,,,,,,,,,,,,,64
Common Transmission system for phase-II generation projects in Orissa and immediate evacuation system for OPGC project (Orissa) - Jharsuguda - Raipur 765 kV D/C (hexa) line,5,Erection/Construction,116,86,Line,765kV,"Odisha, Sundargarh; Chhattisgarh, Raipur",350,EPC,30,320,01-01-2017,100,90,92,32,34,Approved,1,100,150,210,48,72,1,Complete,100,75,82,80,92,1,Delayed,100,90,115,48,,98,1,100,120,142,64,76,97,1,,,,,,,,,,,,,,,64
Common Transmission system for phase-II generation projects in Orissa and immediate evacuation system for OPGC project (Orissa) - Jharsuguda - Raipur 765 kV D/C (hexa) line,6,Stringing/Cabling,124,90,Line,765kV,"Odisha, Sundargarh; Chhattisgarh, Raipur",350,EPC,30,320,01-01-2017,100,90,92,32,34,Approved,1,100,150,210,48,72,1,Complete,100,75,82,80,92,1,Delayed,100,90,115,48,,98,1,100,120,142,64,76,97,1,100,80,88,32,36,99,Forest,,,,,,,,64
Common Transmission system for phase-II generation projects in Orissa and immediate evacuation system for OPGC project (Orissa) - Jharsuguda - Raipur 765 kV D/C (hexa) line,7,Testing & Commissioning,127,92,Line,765kV,"Odisha, Sundargarh; Chhattisgarh, Raipur",350,EPC,30,320,01-01-2017,100,90,92,32,34,Approved,1,100,150,210,48,72,1,Complete,100,75,82,80,92,1,Delayed,100,90,115,48,,98,1,100,120,142,64,76,97,1,100,80,88,32,36,99,Forest,100,45,48,16,18,Successful,08-08-2019,64
Creation of new 400 kV GIS in Gurgaon area and Palwal as a part of ISTS - Kadarpur-Sohna road 400 kV D/C HTLS line,1,Planning/Engineering,-2,-1,Line,400kV,"Haryana, Gurgaon",143,TBCB,24,1027,01-03-2016,100,90,88,103,102,Approved,1,,,,,,,,,,,,,,,,,,,,,,,,,,,,,,,,,,,,,,,,,,,
Creation of new 400 kV GIS in Gurgaon area and Palwal as a part of ISTS - Kadarpur-Sohna road 400 kV D/C HTLS line,2,Approvals & ROW,43,78,Line,400kV,"Haryana, Gurgaon",143,TBCB,24,1027,01-03-2016,100,90,88,103,102,Approved,1,100,150,195,154,232,1,Complete,,,,,,,,,,,,,,,,,,,,,,,,,,,,,,,,,,,,
Creation of new 400 kV GIS in Gurgaon area and Palwal as a part of ISTS - Kadarpur-Sohna road 400 kV D/C HTLS line,3,Procurement/Supply,45,86,Line,400kV,"Haryana, Gurgaon",143,TBCB,24,1027,01-03-2016,100,90,88,103,102,Approved,1,100,150,195,154,232,1,Complete,100,70,72,257,265,1,OnTime,,,,,,,,,,,,,,,,,,,,,,,,,,,,,
Creation of new 400 kV GIS in Gurgaon area and Palwal as a part of ISTS - Kadarpur-Sohna road 400 kV D/C HTLS line,4,Site Preparation/Civil,60,110,Line,400kV,"Haryana, Gurgaon",143,TBCB,24,1027,01-03-2016,100,90,88,103,102,Approved,1,100,150,195,154,232,1,Complete,100,70,72,257,265,1,OnTime,100,90,105,154,178,98,1,,,,,,,,,,,,,,,,,,,,,,
Creation of new 400 kV GIS in Gurgaon area and Palwal as a part of ISTS - Kadarpur-Sohna road 400 kV D/C HTLS line,5,Erection/Construction,68,119,Line,400kV,"Haryana, Gurgaon",143,TBCB,24,1027,01-03-2016,100,90,88,103,102,Approved,1,100,150,195,154,232,1,Complete,100,70,72,257,265,1,OnTime,100,90,105,154,178,98,1,100,120,128,206,215,97,1,,,,,,,,,,,,,,,
Creation of new 400 kV GIS in Gurgaon area and Palwal as a part of ISTS - Kadarpur-Sohna road 400 kV D/C HTLS line,6,Stringing/Cabling,70,121,Line,400kV,"Haryana, Gurgaon",143,TBCB,24,1027,01-03-2016,100,90,88,103,102,Approved,1,100,150,195,154,232,1,Complete,100,70,72,257,265,1,OnTime,100,90,105,154,178,98,1,100,120,128,206,215,97,1,100,80,82,103,105,99,Flat,,,,,,,,
Creation of new 400 kV GIS in Gurgaon area and Palwal as a part of ISTS - Kadarpur-Sohna road 400 kV D/C HTLS line,7,Testing & Commissioning,71,122,Line,400kV,"Haryana, Gurgaon",143,TBCB,24,1027,01-03-2016,100,90,88,103,102,Approved,1,100,150,195,154,232,1,Complete,100,70,72,257,265,1,OnTime,100,90,105,154,178,98,1,100,120,128,206,215,97,1,100,80,82,103,105,99,Flat,100,45,46,51,52,Successful,14-04-2020,
Creation of new 400 kV GIS in Gurgaon area and Palwal as a part of ISTS - Neemrana (PG) - Dhanonda 400 kV D/C HTLS line,1,Planning/Engineering,2,3,Line,400kV,"Haryana, Gurgaon-Palwal",250,TBCB,24,350,01-01-2024,100,90,92,35,38,Approved,0,,,,,,,,,,,,,,,,,,,,,,,,,,,,,,,,,,,,,,,,,,,
Creation of new 400 kV GIS in Gurgaon area and Palwal as a part of ISTS - Neemrana (PG) - Dhanonda 400 kV D/C HTLS line,2,Approvals & ROW,47,53,Line,400kV,"Haryana, Gurgaon-Palwal",250,TBCB,24,350,01-01-2024,100,90,92,35,38,Approved,0,100,150,195,52.5,85,1,Complete,,,,,,,,,,,,,,,,,,,,,,,,,,,,,,,,,,,,
Creation of new 400 kV GIS in Gurgaon area and Palwal as a part of ISTS - Neemrana (PG) - Dhanonda 400 kV D/C HTLS line,3,Procurement/Supply,49,61,Line,400kV,"Haryana, Gurgaon-Palwal",250,TBCB,24,350,01-01-2024,100,90,92,35,38,Approved,0,100,150,195,52.5,85,1,Complete,100,70,72,87.5,95,1,OnTime,,,,,,,,,,,,,,,,,,,,,,,,,,,,,
Creation of new 400 kV GIS in Gurgaon area and Palwal as a part of ISTS - Neemrana (PG) - Dhanonda 400 kV D/C HTLS line,4,Site Preparation/Civil,64,74,Line,400kV,"Haryana, Gurgaon-Palwal",250,TBCB,24,350,01-01-2024,100,90,92,35,38,Approved,0,100,150,195,52.5,85,1,Complete,100,70,72,87.5,95,1,OnTime,100,90,105,52.5,65,95,1,,,,,,,,,,,,,,,,,,,,,,
Creation of new 400 kV GIS in Gurgaon area and Palwal as a part of ISTS - Neemrana (PG) - Dhanonda 400 kV D/C HTLS line,5,Erection/Construction,72,85,Line,400kV,"Haryana, Gurgaon-Palwal",250,TBCB,24,350,01-01-2024,100,90,92,35,38,Approved,0,100,150,195,52.5,85,1,Complete,100,70,72,87.5,95,1,OnTime,100,90,105,52.5,65,95,1,100,120,128,70,78,96,1,,,,,,,,,,,,,,,
Creation of new 400 kV GIS in Gurgaon area and Palwal as a part of ISTS - Neemrana (PG) - Dhanonda 400 kV D/C HTLS line,6,Stringing/Cabling,74,88,Line,400kV,"Haryana, Gurgaon-Palwal",250,TBCB,24,350,01-01-2024,100,90,92,35,38,Approved,0,100,150,195,52.5,85,1,Complete,100,70,72,87.5,95,1,OnTime,100,90,105,52.5,65,95,1,100,120,128,70,78,96,1,100,80,82,35,38,98,Flat,,,,,,,,
Creation of new 400 kV GIS in Gurgaon area and Palwal as a part of ISTS - Neemrana (PG) - Dhanonda 400 kV D/C HTLS line,7,Testing & Commissioning,75,90,Line,400kV,"Haryana, Gurgaon-Palwal",250,TBCB,24,350,01-01-2024,100,90,92,35,38,Approved,0,100,150,195,52.5,85,1,Complete,100,70,72,87.5,95,1,OnTime,100,90,105,52.5,65,95,1,100,120,128,70,78,96,1,100,80,82,35,38,98,Flat,100,45,46,17.5,19,Successful,15-12-2025,
Creation of new 400 kV GIS in Gurgaon area and Palwal as a part of ISTS - Prithala-Kadarpur 400 kV D/C HTLS line,1,Planning/Engineering,-5,1,Substation,400kV,"Haryana, Gurgaon",2000,TBCB,24,350,01-10-2016,100,90,85,35,36,Approved,1,,,,,,,,,,,,,,,,,,,,,,,,,,,,,,,,,,,,,,,,,,,
Creation of new 400 kV GIS in Gurgaon area and Palwal as a part of ISTS - Prithala-Kadarpur 400 kV D/C HTLS line,2,Approvals & ROW,25,36.5,Substation,400kV,"Haryana, Gurgaon",2000,TBCB,24,350,01-10-2016,100,90,85,35,36,Approved,1,100,150,180,52.5,70,0,Complete,,,,,,,,,,,,,,,,,,,,,,,,,,,,,,,,,,,,
Creation of new 400 kV GIS in Gurgaon area and Palwal as a part of ISTS - Prithala-Kadarpur 400 kV D/C HTLS line,3,Procurement/Supply,27,40.5,Substation,400kV,"Haryana, Gurgaon",2000,TBCB,24,350,01-10-2016,100,90,85,35,36,Approved,1,100,150,180,52.5,70,0,Complete,100,60,62,87.5,92,1,OnTime,,,,,,,,,,,,,,,,,,,,,,,,,,,,,
Creation of new 400 kV GIS in Gurgaon area and Palwal as a part of ISTS - Prithala-Kadarpur 400 kV D/C HTLS line,4,Site Preparation/Civil,32,43,Substation,400kV,"Haryana, Gurgaon",2000,TBCB,24,350,01-10-2016,100,90,85,35,36,Approved,1,100,150,180,52.5,70,0,Complete,100,60,62,87.5,92,1,OnTime,100,90,95,52.5,55,98,1,,,,,,,,,,,,,,,,,,,,,,
Creation of new 400 kV GIS in Gurgaon area and Palwal as a part of ISTS - Prithala-Kadarpur 400 kV D/C HTLS line,5,Erection/Construction,37,46,Substation,400kV,"Haryana, Gurgaon",2000,TBCB,24,350,01-10-2016,100,90,85,35,36,Approved,1,100,150,180,52.5,70,0,Complete,100,60,62,87.5,92,1,OnTime,100,90,95,52.5,55,98,1,100,120,125,70,73,100,1,,,,,,,,,,,,,,,
Creation of new 400 kV GIS in Gurgaon area and Palwal as a part of ISTS - Prithala-Kadarpur 400 kV D/C HTLS line,6,Stringing/Cabling,34,47,Substation,400kV,"Haryana, Gurgaon",2000,TBCB,24,350,01-10-2016,100,90,85,35,36,Approved,1,100,150,180,52.5,70,0,Complete,100,60,62,87.5,92,1,OnTime,100,90,95,52.5,55,98,1,100,120,125,70,73,100,1,100,75,72,35,35.5,100,Flat,,,,,,,,
Creation of new 400 kV GIS in Gurgaon area and Palwal as a part of ISTS - Prithala-Kadarpur 400 kV D/C HTLS line,7,Testing & Commissioning,32,48,Substation,400kV,"Haryana, Gurgaon",2000,TBCB,24,350,01-10-2016,100,90,85,35,36,Approved,1,100,150,180,52.5,70,0,Complete,100,60,62,87.5,92,1,OnTime,100,90,95,52.5,55,98,1,100,120,125,70,73,100,1,100,75,72,35,35.5,100,Flat,100,45,43,17.5,18,Successful,14-04-2020,
Northern Region System Strengthening Scheme (NRSS- XXIX) - LILO of both circuit of Uri - Wagoora 400 kV D/C line at Amargarh,1,Planning/Engineering,-5,-1,Substation,400kV,"Jammu and Kashmir, Baramulla",147,TBCB,24,250,01-01-2024,100,90,85,25,24,Approved,0,,,,,,,,,,,,,,,,,,,,,,,,,,,,,,,,,,,,,,,,,,,
Northern Region System Strengthening Scheme (NRSS- XXIX) - LILO of both circuit of Uri - Wagoora 400 kV D/C line at Amargarh,2,Approvals & ROW,10,27,Substation,400kV,"Jammu and Kashmir, Baramulla",147,TBCB,24,250,01-01-2024,100,90,85,25,24,Approved,0,100,150,165,37.5,52,1,Complete,,,,,,,,,,,,,,,,,,,,,,,,,,,,,,,,,,,,
Northern Region System Strengthening Scheme (NRSS- XXIX) - LILO of both circuit of Uri - Wagoora 400 kV D/C line at Amargarh,3,Procurement/Supply,12,30,Substation,400kV,"Jammu and Kashmir, Baramulla",147,TBCB,24,250,01-01-2024,100,90,85,25,24,Approved,0,100,150,165,37.5,52,1,Complete,100,60,62,62.5,65,1,OnTime,,,,,,,,,,,,,,,,,,,,,,,,,,,,,
Northern Region System Strengthening Scheme (NRSS- XXIX) - LILO of both circuit of Uri - Wagoora 400 kV D/C line at Amargarh,4,Site Preparation/Civil,27,41,Substation,400kV,"Jammu and Kashmir, Baramulla",147,TBCB,24,250,01-01-2024,100,90,85,25,24,Approved,0,100,150,165,37.5,52,1,Complete,100,60,62,62.5,65,1,OnTime,100,90,105,37.5,48,95,1,,,,,,,,,,,,,,,,,,,,,,
Northern Region System Strengthening Scheme (NRSS- XXIX) - LILO of both circuit of Uri - Wagoora 400 kV D/C line at Amargarh,5,Erection/Construction,32,43,Substation,400kV,"Jammu and Kashmir, Baramulla",147,TBCB,24,250,01-01-2024,100,90,85,25,24,Approved,0,100,150,165,37.5,52,1,Complete,100,60,62,62.5,65,1,OnTime,100,90,105,37.5,48,95,1,100,120,125,50,52,98,1,,,,,,,,,,,,,,,
Northern Region System Strengthening Scheme (NRSS- XXIX) - LILO of both circuit of Uri - Wagoora 400 kV D/C line at Amargarh,6,Stringing/Cabling,29,42,Substation,400kV,"Jammu and Kashmir, Baramulla",147,TBCB,24,250,01-01-2024,100,90,85,25,24,Approved,0,100,150,165,37.5,52,1,Complete,100,60,62,62.5,65,1,OnTime,100,90,105,37.5,48,95,1,100,120,125,50,52,98,1,100,75,72,25,24,97,Hilly,,,,,,,,
Northern Region System Strengthening Scheme (NRSS- XXIX) - LILO of both circuit of Uri - Wagoora 400 kV D/C line at Amargarh,7,Testing & Commissioning,26,43,Substation,400kV,"Jammu and Kashmir, Baramulla",147,TBCB,24,250,01-01-2024,100,90,85,25,24,Approved,0,100,150,165,37.5,52,1,Complete,100,60,62,62.5,65,1,OnTime,100,90,105,37.5,48,95,1,100,120,125,50,52,98,1,100,75,72,25,24,97,Hilly,100,45,42,12.5,13,Successful,15-12-2025,
Strengthening of Transmission System beyond Vemagiri - Chilakaluripeta - Cudappah 765 kV D/C Line,1,Planning/Engineering,-2,2,Line,765kV,"Andhra Pradesh, Guntur, Prakasam, Nellore, YSR Kadapa",330,EPC,30,320,01-01-2024,100,90,88,32,34,Approved,1,,,,,,,,,,,,,,,,,,,,,,,,,,,,,,,,,,,,,,,,,,,
Strengthening of Transmission System beyond Vemagiri - Chilakaluripeta - Cudappah 765 kV D/C Line,2,Approvals & ROW,43,48,Line,765kV,"Andhra Pradesh, Guntur, Prakasam, Nellore, YSR Kadapa",330,EPC,30,320,01-01-2024,100,90,88,32,34,Approved,1,100,150,195,48,72,1,Complete,,,,,,,,,,,,,,,,,,,,,,,,,,,,,,,,,,,,
Strengthening of Transmission System beyond Vemagiri - Chilakaluripeta - Cudappah 765 kV D/C Line,3,Procurement/Supply,48,58,Line,765kV,"Andhra Pradesh, Guntur, Prakasam, Nellore, YSR Kadapa",330,EPC,30,320,01-01-2024,100,90,88,32,34,Approved,1,100,150,195,48,72,1,Complete,100,70,75,80,88,1,Delayed,,,,,,,,,,,,,,,,,,,,,,,,,,,,,
Strengthening of Transmission System beyond Vemagiri - Chilakaluripeta - Cudappah 765 kV D/C Line,4,Site Preparation/Civil,73,78,Line,765kV,"Andhra Pradesh, Guntur, Prakasam, Nellore, YSR Kadapa",330,EPC,30,320,01-01-2024,100,90,88,32,34,Approved,1,100,150,195,48,72,1,Complete,100,70,75,80,88,1,Delayed,100,100,125,48,62,96,1,,,,,,,,,,,,,,,,,,,,,,
Strengthening of Transmission System beyond Vemagiri - Chilakaluripeta - Cudappah 765 kV D/C Line,5,Erection/Construction,88,91,Line,765kV,"Andhra Pradesh, Guntur, Prakasam, Nellore, YSR Kadapa",330,EPC,30,320,01-01-2024,100,90,88,32,34,Approved,1,100,150,195,48,72,1,Complete,100,70,75,80,88,1,Delayed,100,100,125,48,62,96,1,100,120,135,64,71,97,1,,,,,,,,,,,,,,,
Strengthening of Transmission System beyond Vemagiri - Chilakaluripeta - Cudappah 765 kV D/C Line,6,Stringing/Cabling,90,93,Line,765kV,"Andhra Pradesh, Guntur, Prakasam, Nellore, YSR Kadapa",330,EPC,30,320,01-01-2024,100,90,88,32,34,Approved,1,100,150,195,48,72,1,Complete,100,70,75,80,88,1,Delayed,100,100,125,48,62,96,1,100,120,135,64,71,97,1,100,80,82,32,34,98,Flat,,,,,,,,
Strengthening of Transmission System beyond Vemagiri - Chilakaluripeta - Cudappah 765 kV D/C Line,7,Testing & Commissioning,92,94,Line,765kV,"Andhra Pradesh, Guntur, Prakasam, Nellore, YSR Kadapa",330,EPC,30,320,01-01-2024,100,90,88,32,34,Approved,1,100,150,195,48,72,1,Complete,100,70,75,80,88,1,Delayed,100,100,125,48,62,96,1,100,120,135,64,71,97,1,100,80,82,32,34,98,Flat,100,45,47,16,17,Successful,15-12-2025,
Strengthening of Transmission System beyond Vemagiri - Chilkaluraipeta - Narasaraopeta 400 kV (Quad Moose) D/C Line,1,Planning/Engineering,-2,1,Line,400kV,"Andhra Pradesh, Guntur",84,EPC,24,250,01-01-2024,100,90,88,25,26,Approved,0,,,,,,,,,,,,,,,,,,,,,,,,,,,,,,,,,,,,,,,,,,,
Strengthening of Transmission System beyond Vemagiri - Chilkaluraipeta - Narasaraopeta 400 kV (Quad Moose) D/C Line,2,Approvals & ROW,13,38,Line,400kV,"Andhra Pradesh, Guntur",84,EPC,24,250,01-01-2024,100,90,88,25,26,Approved,0,100,150,165,37.5,52,1,Complete,,,,,,,,,,,,,,,,,,,,,,,,,,,,,,,,,,,,
Strengthening of Transmission System beyond Vemagiri - Chilkaluraipeta - Narasaraopeta 400 kV (Quad Moose) D/C Line,3,Procurement/Supply,15,43,Line,400kV,"Andhra Pradesh, Guntur",84,EPC,24,250,01-01-2024,100,90,88,25,26,Approved,0,100,150,165,37.5,52,1,Complete,100,60,62,62.5,67,1,OnTime,,,,,,,,,,,,,,,,,,,,,,,,,,,,,
Strengthening of Transmission System beyond Vemagiri - Chilkaluraipeta - Narasaraopeta 400 kV (Quad Moose) D/C Line,4,Site Preparation/Civil,30,54,Line,400kV,"Andhra Pradesh, Guntur",84,EPC,24,250,01-01-2024,100,90,88,25,26,Approved,0,100,150,165,37.5,52,1,Complete,100,60,62,62.5,67,1,OnTime,100,90,105,37.5,48,95,1,,,,,,,,,,,,,,,,,,,,,,
Strengthening of Transmission System beyond Vemagiri - Chilkaluraipeta - Narasaraopeta 400 kV (Quad Moose) D/C Line,5,Erection/Construction,38,59,Line,400kV,"Andhra Pradesh, Guntur",84,EPC,24,250,01-01-2024,100,90,88,25,26,Approved,0,100,150,165,37.5,52,1,Complete,100,60,62,62.5,67,1,OnTime,100,90,105,37.5,48,95,1,100,120,128,50,55,96,1,,,,,,,,,,,,,,,
Strengthening of Transmission System beyond Vemagiri - Chilkaluraipeta - Narasaraopeta 400 kV (Quad Moose) D/C Line,6,Stringing/Cabling,39,60,Line,400kV,"Andhra Pradesh, Guntur",84,EPC,24,250,01-01-2024,100,90,88,25,26,Approved,0,100,150,165,37.5,52,1,Complete,100,60,62,62.5,67,1,OnTime,100,90,105,37.5,48,95,1,100,120,128,50,55,96,1,100,75,76,25,26,98,Flat,,,,,,,,
Strengthening of Transmission System beyond Vemagiri - Chilkaluraipeta - Narasaraopeta 400 kV (Quad Moose) D/C Line,7,Testing & Commissioning,40,61,Line,400kV,"Andhra Pradesh, Guntur",84,EPC,24,250,01-01-2024,100,90,88,25,26,Approved,0,100,150,165,37.5,52,1,Complete,100,60,62,62.5,67,1,OnTime,100,90,105,37.5,48,95,1,100,120,128,50,55,96,1,100,75,76,25,26,98,Flat,100,45,46,12.5,13,Successful,15-12-2024,
Strengthening of Transmission System beyond Vemagiri - Cudappah - Madhugiri 400 kV D/C (Quad Moose) Line,1,Planning/Engineering,-2,1,Line,400kV,"Andhra Pradesh, YSR Kadapa; Karnataka, Tumkur",480,TBCB,30,350,04-12-2015,100,90,88,35,36,Approved,0,,,,,,,,,,,,,,,,,,,,,,,,,,,,,,,,,,,,,,,,,,,
Strengthening of Transmission System beyond Vemagiri - Cudappah - Madhugiri 400 kV D/C (Quad Moose) Line,2,Approvals & ROW,43,82.75,Line,400kV,"Andhra Pradesh, YSR Kadapa; Karnataka, Tumkur",480,TBCB,30,350,04-12-2015,100,90,88,35,36,Approved,0,100,150,195,52.5,78.75,1,Complete,,,,,,,,,,,,,,,,,,,,,,,,,,,,,,,,,,,,
Strengthening of Transmission System beyond Vemagiri - Cudappah - Madhugiri 400 kV D/C (Quad Moose) Line,3,Procurement/Supply,45,84,Line,400kV,"Andhra Pradesh, YSR Kadapa; Karnataka, Tumkur",480,TBCB,30,350,04-12-2015,100,90,88,35,36,Approved,0,100,150,195,52.5,78.75,1,Complete,100,70,72,87.5,91.25,1,OnTime,,,,,,,,,,,,,,,,,,,,,,,,,,,,,
Strengthening of Transmission System beyond Vemagiri - Cudappah - Madhugiri 400 kV D/C (Quad Moose) Line,4,Site Preparation/Civil,70,97.375,Line,400kV,"Andhra Pradesh, YSR Kadapa; Karnataka, Tumkur",480,TBCB,30,350,04-12-2015,100,90,88,35,36,Approved,0,100,150,195,52.5,78.75,1,Complete,100,70,72,87.5,91.25,1,OnTime,100,100,125,52.5,,95,1,,,,,,,,,,,,,,,,,,,,,,65.625
Strengthening of Transmission System beyond Vemagiri - Cudappah - Madhugiri 400 kV D/C (Quad Moose) Line,5,Erection/Construction,85,104.375,Line,400kV,"Andhra Pradesh, YSR Kadapa; Karnataka, Tumkur",480,TBCB,30,350,04-12-2015,100,90,88,35,36,Approved,0,100,150,195,52.5,78.75,1,Complete,100,70,72,87.5,91.25,1,OnTime,100,100,125,52.5,,95,1,100,120,135,70,77,98,1,,,,,,,,,,,,,,,65.625
Strengthening of Transmission System beyond Vemagiri - Cudappah - Madhugiri 400 kV D/C (Quad Moose) Line,6,Stringing/Cabling,87,105.775,Line,400kV,"Andhra Pradesh, YSR Kadapa; Karnataka, Tumkur",480,TBCB,30,350,04-12-2015,100,90,88,35,36,Approved,0,100,150,195,52.5,78.75,1,Complete,100,70,72,87.5,91.25,1,OnTime,100,100,125,52.5,,95,1,100,120,135,70,77,98,1,100,80,82,35,36.4,97,Hilly,,,,,,,,65.625
Strengthening of Transmission System beyond Vemagiri - Cudappah - Madhugiri 400 kV D/C (Quad Moose) Line,7,Testing & Commissioning,88,106.65,Line,400kV,"Andhra Pradesh, YSR Kadapa; Karnataka, Tumkur",480,TBCB,30,350,04-12-2015,100,90,88,35,36,Approved,0,100,150,195,52.5,78.75,1,Complete,100,70,72,87.5,91.25,1,OnTime,100,100,125,52.5,,95,1,100,120,135,70,77,98,1,100,80,82,35,36.4,97,Hilly,100,45,46,17.5,18.375,Successful,15-02-2019,65.625
Strengthening of Transmission System beyond Vemagiri - Vemagiri - Chilakaluripeta 765kV D/C Line,1,Planning/Engineering,2,2.24,Line,765kV,"Andhra Pradesh, Guntur",558,EPC,30,320,01-01-2025,100,90,92,32,34.24,Approved,1,,,,,,,,,,,,,,,,,,,,,,,,,,,,,,,,,,,,,,,,,,,
Strengthening of Transmission System beyond Vemagiri - Vemagiri - Chilakaluripeta 765kV D/C Line,2,Approvals & ROW,47,26.24,Line,765kV,"Andhra Pradesh, Guntur",558,EPC,30,320,01-01-2025,100,90,92,32,34.24,Approved,1,100,150,195,48,72,1,Complete,,,,,,,,,,,,,,,,,,,,,,,,,,,,,,,,,,,,
Strengthening of Transmission System beyond Vemagiri - Vemagiri - Chilakaluripeta 765kV D/C Line,3,Procurement/Supply,55,38.24,Line,765kV,"Andhra Pradesh, Guntur",558,EPC,30,320,01-01-2025,100,90,92,32,34.24,Approved,1,100,150,195,48,72,1,Complete,100,70,78,80,92,1,Delayed,,,,,,,,,,,,,,,,,,,,,,,,,,,,,
Strengthening of Transmission System beyond Vemagiri - Vemagiri - Chilakaluripeta 765kV D/C Line,4,Site Preparation/Civil,90,65.04,Line,765kV,"Andhra Pradesh, Guntur",558,EPC,30,320,01-01-2025,100,90,92,32,34.24,Approved,1,100,150,195,48,72,1,Complete,100,70,78,80,92,1,Delayed,100,100,135,48,64.8,96,1,,,,,,,,,,,,,,,,,,,,,,
Strengthening of Transmission System beyond Vemagiri - Vemagiri - Chilakaluripeta 765kV D/C Line,5,Erection/Construction,112,77.52,Line,765kV,"Andhra Pradesh, Guntur",558,EPC,30,320,01-01-2025,100,90,92,32,34.24,Approved,1,100,150,195,48,72,1,Complete,100,70,78,80,92,1,Delayed,100,100,135,48,64.8,96,1,100,120,142,64,76.48,97,1,,,,,,,,,,,,,,,
Strengthening of Transmission System beyond Vemagiri - Vemagiri - Chilakaluripeta 765kV D/C Line,6,Stringing/Cabling,130,80.72,Line,765kV,"Andhra Pradesh, Guntur",558,EPC,30,320,01-01-2025,100,90,92,32,34.24,Approved,1,100,150,195,48,72,1,Complete,100,70,78,80,92,1,Delayed,100,100,135,48,64.8,96,1,100,120,142,64,76.48,97,1,100,80,88,32,35.2,98,Flat,,,,,,,,
Strengthening of Transmission System beyond Vemagiri - Vemagiri - Chilakaluripeta 765kV D/C Line,7,Testing & Commissioning,135,82.32,Line,765kV,"Andhra Pradesh, Guntur",558,EPC,30,320,01-01-2025,100,90,92,32,34.24,Approved,1,100,150,195,48,72,1,Complete,100,70,78,80,92,1,Delayed,100,100,135,48,64.8,96,1,100,120,142,64,76.48,97,1,100,80,88,32,35.2,98,Flat,100,45,50,16,17.6,Successful,20-12-2025,
"System strengthening for IPPs in Chhattisgarh and other generation projects in western region - 2x315 MVA, 400/220 kV Morena substation",1,Planning/Engineering,-5,1,Substation,400kV,"Madhya Pradesh, Morena",630,EPC,24,350,01-01-2023,100,90,85,35,36,Approved,0,,,,,,,,,,,,,,,,,,,,,,,,,,,,,,,,,,,,,,,,,,,
"System strengthening for IPPs in Chhattisgarh and other generation projects in western region - 2x315 MVA, 400/220 kV Morena substation",2,Approvals & ROW,25,36,Substation,400kV,"Madhya Pradesh, Morena",630,EPC,24,350,01-01-2023,100,90,85,35,36,Approved,0,100,150,180,52.5,70,1,Complete,,,,,,,,,,,,,,,,,,,,,,,,,,,,,,,,,,,,
"System strengthening for IPPs in Chhattisgarh and other generation projects in western region - 2x315 MVA, 400/220 kV Morena substation",3,Procurement/Supply,30,44,Substation,400kV,"Madhya Pradesh, Morena",630,EPC,24,350,01-01-2023,100,90,85,35,36,Approved,0,100,150,180,52.5,70,1,Complete,100,60,65,87.5,95,1,OnTime,,,,,,,,,,,,,,,,,,,,,,,,,,,,,
"System strengthening for IPPs in Chhattisgarh and other generation projects in western region - 2x315 MVA, 400/220 kV Morena substation",4,Site Preparation/Civil,45,53,Substation,400kV,"Madhya Pradesh, Morena",630,EPC,24,350,01-01-2023,100,90,85,35,36,Approved,0,100,150,180,52.5,70,1,Complete,100,60,65,87.5,95,1,OnTime,100,90,105,52.5,62,95,1,,,,,,,,,,,,,,,,,,,,,,
"System strengthening for IPPs in Chhattisgarh and other generation projects in western region - 2x315 MVA, 400/220 kV Morena substation",5,Erection/Construction,60,61,Substation,400kV,"Madhya Pradesh, Morena",630,EPC,24,350,01-01-2023,100,90,85,35,36,Approved,0,100,150,180,52.5,70,1,Complete,100,60,65,87.5,95,1,OnTime,100,90,105,52.5,62,95,1,100,120,135,70,78,98,1,,,,,,,,,,,,,,,
"System strengthening for IPPs in Chhattisgarh and other generation projects in western region - 2x315 MVA, 400/220 kV Morena substation",6,Stringing/Cabling,63,63,Substation,400kV,"Madhya Pradesh, Morena",630,EPC,24,350,01-01-2023,100,90,85,35,36,Approved,0,100,150,180,52.5,70,1,Complete,100,60,65,87.5,95,1,OnTime,100,90,105,52.5,62,95,1,100,120,135,70,78,98,1,100,75,78,35,37,97,Flat,,,,,,,,
"System strengthening for IPPs in Chhattisgarh and other generation projects in western region - 2x315 MVA, 400/220 kV Morena substation",7,Testing & Commissioning,60,64,Substation,400kV,"Madhya Pradesh, Morena",630,EPC,24,350,01-01-2023,100,90,85,35,36,Approved,0,100,150,180,52.5,70,1,Complete,100,60,65,87.5,95,1,OnTime,100,90,105,52.5,62,95,1,100,120,135,70,78,98,1,100,75,78,35,37,97,Flat,100,45,42,17.5,18,Successful,15-12-2024,
System strengthening for IPPs in Chhattisgarh and other generation projects in western region - Champa (Pool) - Dharamjaygarh 765 kV S/C (Q) line,1,Planning/Engineering,-2,3,Line,765kV,"Chhattisgarh, Janjgir-Champa",150,EPC,24,350,01-01-2024,100,90,88,35,38,Approved,0,,,,,,,,,,,,,,,,,,,,,,,,,,,,,,,,,,,,,,,,,,,
System strengthening for IPPs in Chhattisgarh and other generation projects in western region - Champa (Pool) - Dharamjaygarh 765 kV S/C (Q) line,2,Approvals & ROW,43,88,Line,765kV,"Chhattisgarh, Janjgir-Champa",150,EPC,24,350,01-01-2024,100,90,88,35,38,Approved,0,100,150,195,52.5,85,1,Complete,,,,,,,,,,,,,,,,,,,,,,,,,,,,,,,,,,,,
System strengthening for IPPs in Chhattisgarh and other generation projects in western region - Champa (Pool) - Dharamjaygarh 765 kV S/C (Q) line,3,Procurement/Supply,51,103,Line,765kV,"Chhattisgarh, Janjgir-Champa",150,EPC,24,350,01-01-2024,100,90,88,35,38,Approved,0,100,150,195,52.5,85,1,Complete,100,70,78,87.5,102,1,Delayed,,,,,,,,,,,,,,,,,,,,,,,,,,,,,
System strengthening for IPPs in Chhattisgarh and other generation projects in western region - Champa (Pool) - Dharamjaygarh 765 kV S/C (Q) line,4,Site Preparation/Civil,76,121,Line,765kV,"Chhattisgarh, Janjgir-Champa",150,EPC,24,350,01-01-2024,100,90,88,35,38,Approved,0,100,150,195,52.5,85,1,Complete,100,70,78,87.5,102,1,Delayed,100,100,125,52.5,70,98,1,,,,,,,,,,,,,,,,,,,,,,
System strengthening for IPPs in Chhattisgarh and other generation projects in western region - Champa (Pool) - Dharamjaygarh 765 kV S/C (Q) line,5,Erection/Construction,91,133,Line,765kV,"Chhattisgarh, Janjgir-Champa",150,EPC,24,350,01-01-2024,100,90,88,35,38,Approved,0,100,150,195,52.5,85,1,Complete,100,70,78,87.5,102,1,Delayed,100,100,125,52.5,70,98,1,100,120,135,70,82,97,1,,,,,,,,,,,,,,,
System strengthening for IPPs in Chhattisgarh and other generation projects in western region - Champa (Pool) - Dharamjaygarh 765 kV S/C (Q) line,6,Stringing/Cabling,93,135,Line,765kV,"Chhattisgarh, Janjgir-Champa",150,EPC,24,350,01-01-2024,100,90,88,35,38,Approved,0,100,150,195,52.5,85,1,Complete,100,70,78,87.5,102,1,Delayed,100,100,125,52.5,70,98,1,100,120,135,70,82,97,1,100,80,82,35,37,99,Flat,,,,,,,,
System strengthening for IPPs in Chhattisgarh and other generation projects in western region - Champa (Pool) - Dharamjaygarh 765 kV S/C (Q) line,7,Testing & Commissioning,95,137,Line,765kV,"Chhattisgarh, Janjgir-Champa",150,EPC,24,350,01-01-2024,100,90,88,35,38,Approved,0,100,150,195,52.5,85,1,Complete,100,70,78,87.5,102,1,Delayed,100,100,125,52.5,70,98,1,100,120,135,70,82,97,1,100,80,82,35,37,99,Flat,100,45,47,17.5,19,Successful,15-12-2025,
System strengthening for IPPs in Chhattisgarh and other generation projects in western region - Gwalior - Morena 400 kV D/C (Q) line,1,Planning/Engineering,-5,2,Line,400kV,"Madhya Pradesh, Gwalior",120,EPC,24,320,01-01-2024,100,90,85,32,34,Approved,0,,,,,,,,,,,,,,,,,,,,,,,,,,,,,,,,,,,,,,,,,,,
System strengthening for IPPs in Chhattisgarh and other generation projects in western region - Gwalior - Morena 400 kV D/C (Q) line,2,Approvals & ROW,25,46,Line,400kV,"Madhya Pradesh, Gwalior",120,EPC,24,320,01-01-2024,100,90,85,32,34,Approved,0,100,150,180,48,72,1,Complete,,,,,,,,,,,,,,,,,,,,,,,,,,,,,,,,,,,,
System strengthening for IPPs in Chhattisgarh and other generation projects in western region - Gwalior - Morena 400 kV D/C (Q) line,3,Procurement/Supply,27,54,Line,400kV,"Madhya Pradesh, Gwalior",120,EPC,24,320,01-01-2024,100,90,85,32,34,Approved,0,100,150,180,48,72,1,Complete,100,60,62,80,88,1,OnTime,,,,,,,,,,,,,,,,,,,,,,,,,,,,,
System strengthening for IPPs in Chhattisgarh and other generation projects in western region - Gwalior - Morena 400 kV D/C (Q) line,4,Site Preparation/Civil,42,66,Line,400kV,"Madhya Pradesh, Gwalior",120,EPC,24,320,01-01-2024,100,90,85,32,34,Approved,0,100,150,180,48,72,1,Complete,100,60,62,80,88,1,OnTime,100,90,105,48,60,95,1,,,,,,,,,,,,,,,,,,,,,,
System strengthening for IPPs in Chhattisgarh and other generation projects in western region - Gwalior - Morena 400 kV D/C (Q) line,5,Erection/Construction,52,74,Line,400kV,"Madhya Pradesh, Gwalior",120,EPC,24,320,01-01-2024,100,90,85,32,34,Approved,0,100,150,180,48,72,1,Complete,100,60,62,80,88,1,OnTime,100,90,105,48,60,95,1,100,120,130,64,70,96,1,,,,,,,,,,,,,,,
System strengthening for IPPs in Chhattisgarh and other generation projects in western region - Gwalior - Morena 400 kV D/C (Q) line,6,Stringing/Cabling,53,75,Line,400kV,"Madhya Pradesh, Gwalior",120,EPC,24,320,01-01-2024,100,90,85,32,34,Approved,0,100,150,180,48,72,1,Complete,100,60,62,80,88,1,OnTime,100,90,105,48,60,95,1,100,120,130,64,70,96,1,100,75,76,32,33,98,Flat,,,,,,,,
System strengthening for IPPs in Chhattisgarh and other generation projects in western region - Gwalior - Morena 400 kV D/C (Q) line,7,Testing & Commissioning,54,76,Line,400kV,"Madhya Pradesh, Gwalior",120,EPC,24,320,01-01-2024,100,90,85,32,34,Approved,0,100,150,180,48,72,1,Complete,100,60,62,80,88,1,OnTime,100,90,105,48,60,95,1,100,120,130,64,70,96,1,100,75,76,32,33,98,Flat,100,45,46,16,17,Successful,15-12-2025,
System strengthening for IPPs in Chhattisgarh and other generation projects in western region - LILO of one ckt of Aurangabad - Padghe 765 kV D/C (hexa) line at Pune,1,Planning/Engineering,-2,1.4,Line,765kV,"Maharashtra, Pune",85,EPC,24,350,01-01-2024,100,90,88,35,36.4,Approved,0,,,,,,,,,,,,,,,,,,,,,,,,,,,,,,,,,,,,,,,,,,,
System strengthening for IPPs in Chhattisgarh and other generation projects in western region - LILO of one ckt of Aurangabad - Padghe 765 kV D/C (hexa) line at Pune,2,Approvals & ROW,13,27.65,Line,765kV,"Maharashtra, Pune",85,EPC,24,350,01-01-2024,100,90,88,35,36.4,Approved,0,100,150,165,52.5,78.75,1,Complete,,,,,,,,,,,,,,,,,,,,,,,,,,,,,,,,,,,,
System strengthening for IPPs in Chhattisgarh and other generation projects in western region - LILO of one ckt of Aurangabad - Padghe 765 kV D/C (hexa) line at Pune,3,Procurement/Supply,15,38.275,Line,765kV,"Maharashtra, Pune",85,EPC,24,350,01-01-2024,100,90,88,35,36.4,Approved,0,100,150,165,52.5,78.75,1,Complete,100,70,72,87.5,98.125,1,Delayed,,,,,,,,,,,,,,,,,,,,,,,,,,,,,
System strengthening for IPPs in Chhattisgarh and other generation projects in western region - LILO of one ckt of Aurangabad - Padghe 765 kV D/C (hexa) line at Pune,4,Site Preparation/Civil,30,52.525,Line,765kV,"Maharashtra, Pune",85,EPC,24,350,01-01-2024,100,90,88,35,36.4,Approved,0,100,150,165,52.5,78.75,1,Complete,100,70,72,87.5,98.125,1,Delayed,100,90,105,52.5,66.75,95,1,,,,,,,,,,,,,,,,,,,,,,
System strengthening for IPPs in Chhattisgarh and other generation projects in western region - LILO of one ckt of Aurangabad - Padghe 765 kV D/C (hexa) line at Pune,5,Erection/Construction,42,61.125,Line,765kV,"Maharashtra, Pune",85,EPC,24,350,01-01-2024,100,90,88,35,36.4,Approved,0,100,150,165,52.5,78.75,1,Complete,100,70,72,87.5,98.125,1,Delayed,100,90,105,52.5,66.75,95,1,100,120,132,70,79.8,96,1,,,,,,,,,,,,,,,
System strengthening for IPPs in Chhattisgarh and other generation projects in western region - LILO of one ckt of Aurangabad - Padghe 765 kV D/C (hexa) line at Pune,6,Stringing/Cabling,44,64.625,Line,765kV,"Maharashtra, Pune",85,EPC,24,350,01-01-2024,100,90,88,35,36.4,Approved,0,100,150,165,52.5,78.75,1,Complete,100,70,72,87.5,98.125,1,Delayed,100,90,105,52.5,66.75,95,1,100,120,132,70,79.8,96,1,100,80,82,35,38.5,98,Flat,,,,,,,,
System strengthening for IPPs in Chhattisgarh and other generation projects in western region - LILO of one ckt of Aurangabad - Padghe 765 kV D/C (hexa) line at Pune,7,Testing & Commissioning,45,65.5,Line,765kV,"Maharashtra, Pune",85,EPC,24,350,01-01-2024,100,90,88,35,36.4,Approved,0,100,150,165,52.5,78.75,1,Complete,100,70,72,87.5,98.125,1,Delayed,100,90,105,52.5,66.75,95,1,100,120,132,70,79.8,96,1,100,80,82,35,38.5,98,Flat,100,45,46,17.5,18.375,Successful,15-12-2025,
System strengthening for IPPs in Chhattisgarh and other generation projects in western region - Raigarh (Kotra) - Champa (Pool) 765 kV S/C (Q) line,1,Planning/Engineering,-2,1.4,Line,765kV,"Chhattisgarh, Raigarh",97,EPC,24,350,01-01-2023,100,90,88,35,36.4,Approved,0,,,,,,,,,,,,,,,,,,,,,,,,,,,,,,,,,,,,,,,,,,,
System strengthening for IPPs in Chhattisgarh and other generation projects in western region - Raigarh (Kotra) - Champa (Pool) 765 kV S/C (Q) line,2,Approvals & ROW,43,81.75,Line,765kV,"Chhattisgarh, Raigarh",97,EPC,24,350,01-01-2023,100,90,88,35,36.4,Approved,0,100,150,195,52.5,78.75,1,Complete,,,,,,,,,,,,,,,,,,,,,,,,,,,,,,,,,,,,
System strengthening for IPPs in Chhattisgarh and other generation projects in western region - Raigarh (Kotra) - Champa (Pool) 765 kV S/C (Q) line,3,Procurement/Supply,45,90,Line,765kV,"Chhattisgarh, Raigarh",97,EPC,24,350,01-01-2023,100,90,88,35,36.4,Approved,0,100,150,195,52.5,78.75,1,Complete,100,70,72,87.5,96.25,1,Delayed,,,,,,,,,,,,,,,,,,,,,,,,,,,,,
System strengthening for IPPs in Chhattisgarh and other generation projects in western region - Raigarh (Kotra) - Champa (Pool) 765 kV S/C (Q) line,4,Site Preparation/Civil,63,100.5,Line,765kV,"Chhattisgarh, Raigarh",97,EPC,24,350,01-01-2023,100,90,88,35,36.4,Approved,0,100,150,195,52.5,78.75,1,Complete,100,70,72,87.5,96.25,1,Delayed,100,90,108,52.5,63,95,1,,,,,,,,,,,,,,,,,,,,,,
System strengthening for IPPs in Chhattisgarh and other generation projects in western region - Raigarh (Kotra) - Champa (Pool) 765 kV S/C (Q) line,5,Erection/Construction,75,107.5,Line,765kV,"Chhattisgarh, Raigarh",97,EPC,24,350,01-01-2023,100,90,88,35,36.4,Approved,0,100,150,195,52.5,78.75,1,Complete,100,70,72,87.5,96.25,1,Delayed,100,90,108,52.5,63,95,1,100,120,132,70,77,96,1,,,,,,,,,,,,,,,
System strengthening for IPPs in Chhattisgarh and other generation projects in western region - Raigarh (Kotra) - Champa (Pool) 765 kV S/C (Q) line,6,Stringing/Cabling,77,109.25,Line,765kV,"Chhattisgarh, Raigarh",97,EPC,24,350,01-01-2023,100,90,88,35,36.4,Approved,0,100,150,195,52.5,78.75,1,Complete,100,70,72,87.5,96.25,1,Delayed,100,90,108,52.5,63,95,1,100,120,132,70,77,96,1,100,80,82,35,36.75,98,Forest,,,,,,,,
System strengthening for IPPs in Chhattisgarh and other generation projects in western region - Raigarh (Kotra) - Champa (Pool) 765 kV S/C (Q) line,7,Testing & Commissioning,78,110,Line,765kV,"Chhattisgarh, Raigarh",97,EPC,24,350,01-01-2023,100,90,88,35,36.4,Approved,0,100,150,195,52.5,78.75,1,Complete,100,70,72,87.5,96.25,1,Delayed,100,90,108,52.5,63,95,1,100,120,132,70,77,96,1,100,80,82,35,36.75,98,Forest,100,45,46,17.5,18.25,Successful,15-06-2024,
System strengthening for IPPs in Chhattisgarh and other generation projects in western region - Sasan UMPP- Vindhyachal Pooling Station 765 kV S/C (Q) line,1,Planning/Engineering,-2,2,Line,765kV,"Madhya Pradesh, Singrauli",120,EPC,24,280,01-01-2024,100,90,88,28,30,Approved,0,,,,,,,,,,,,,,,,,,,,,,,,,,,,,,,,,,,,,,,,,,,
System strengthening for IPPs in Chhattisgarh and other generation projects in western region - Sasan UMPP- Vindhyachal Pooling Station 765 kV S/C (Q) line,2,Approvals & ROW,28,35,Line,765kV,"Madhya Pradesh, Singrauli",120,EPC,24,280,01-01-2024,100,90,88,28,30,Approved,0,100,150,180,42,65,1,Complete,,,,,,,,,,,,,,,,,,,,,,,,,,,,,,,,,,,,
System strengthening for IPPs in Chhattisgarh and other generation projects in western region - Sasan UMPP- Vindhyachal Pooling Station 765 kV S/C (Q) line,3,Procurement/Supply,33,49,Line,765kV,"Madhya Pradesh, Singrauli",120,EPC,24,280,01-01-2024,100,90,88,28,30,Approved,0,100,150,180,42,65,1,Complete,100,70,75,70,82,1,Delayed,,,,,,,,,,,,,,,,,,,,,,,,,,,,,
System strengthening for IPPs in Chhattisgarh and other generation projects in western region - Sasan UMPP- Vindhyachal Pooling Station 765 kV S/C (Q) line,4,Site Preparation/Civil,53,66,Line,765kV,"Madhya Pradesh, Singrauli",120,EPC,24,280,01-01-2024,100,90,88,28,30,Approved,0,100,150,180,42,65,1,Complete,100,70,75,70,82,1,Delayed,100,90,110,42,55,95,1,,,,,,,,,,,,,,,,,,,,,,
System strengthening for IPPs in Chhattisgarh and other generation projects in western region - Sasan UMPP- Vindhyachal Pooling Station 765 kV S/C (Q) line,5,Erection/Construction,68,75,Line,765kV,"Madhya Pradesh, Singrauli",120,EPC,24,280,01-01-2024,100,90,88,28,30,Approved,0,100,150,180,42,65,1,Complete,100,70,75,70,82,1,Delayed,100,90,110,42,55,95,1,100,120,135,56,65,96,1,,,,,,,,,,,,,,,
System strengthening for IPPs in Chhattisgarh and other generation projects in western region - Sasan UMPP- Vindhyachal Pooling Station 765 kV S/C (Q) line,6,Stringing/Cabling,70,77,Line,765kV,"Madhya Pradesh, Singrauli",120,EPC,24,280,01-01-2024,100,90,88,28,30,Approved,0,100,150,180,42,65,1,Complete,100,70,75,70,82,1,Delayed,100,90,110,42,55,95,1,100,120,135,56,65,96,1,100,80,82,28,30,98,Forest,,,,,,,,
System strengthening for IPPs in Chhattisgarh and other generation projects in western region - Sasan UMPP- Vindhyachal Pooling Station 765 kV S/C (Q) line,7,Testing & Commissioning,71,78,Line,765kV,"Madhya Pradesh, Singrauli",120,EPC,24,280,01-01-2024,100,90,88,28,30,Approved,0,100,150,180,42,65,1,Complete,100,70,75,70,82,1,Delayed,100,90,110,42,55,95,1,100,120,135,56,65,96,1,100,80,82,28,30,98,Forest,100,45,46,14,15,Successful,15-10-2025,
System strengthening for IPPs in Chhattisgarh and other generation projects in western region - Vindhyachal STPS - IV & V-Vindhyachal pool 400 kV D/C (Q) line,1,Planning/Engineering,-2,2.1,Line,400kV,"Madhya Pradesh, Singrauli",180,EPC,24,280,01-01-2024,100,90,88,28,30.1,Approved,0,,,,,,,,,,,,,,,,,,,,,,,,,,,,,,,,,,,,,,,,,,,
System strengthening for IPPs in Chhattisgarh and other generation projects in western region - Vindhyachal STPS - IV & V-Vindhyachal pool 400 kV D/C (Q) line,2,Approvals & ROW,43,35.3,Line,400kV,"Madhya Pradesh, Singrauli",180,EPC,24,280,01-01-2024,100,90,88,28,30.1,Approved,0,100,150,195,42,65.2,1,Complete,,,,,,,,,,,,,,,,,,,,,,,,,,,,,,,,,,,,
System strengthening for IPPs in Chhattisgarh and other generation projects in western region - Vindhyachal STPS - IV & V-Vindhyachal pool 400 kV D/C (Q) line,3,Procurement/Supply,45,40.2,Line,400kV,"Madhya Pradesh, Singrauli",180,EPC,24,280,01-01-2024,100,90,88,28,30.1,Approved,0,100,150,195,42,65.2,1,Complete,100,70,72,70,74.9,1,OnTime,,,,,,,,,,,,,,,,,,,,,,,,,,,,,
System strengthening for IPPs in Chhattisgarh and other generation projects in western region - Vindhyachal STPS - IV & V-Vindhyachal pool 400 kV D/C (Q) line,4,Site Preparation/Civil,70,54.5,Line,400kV,"Madhya Pradesh, Singrauli",180,EPC,24,280,01-01-2024,100,90,88,28,30.1,Approved,0,100,150,195,42,65.2,1,Complete,100,70,72,70,74.9,1,OnTime,100,100,125,42,52.3,96,1,,,,,,,,,,,,,,,,,,,,,,
System strengthening for IPPs in Chhattisgarh and other generation projects in western region - Vindhyachal STPS - IV & V-Vindhyachal pool 400 kV D/C (Q) line,5,Erection/Construction,85,65.3,Line,400kV,"Madhya Pradesh, Singrauli",180,EPC,24,280,01-01-2024,100,90,88,28,30.1,Approved,0,100,150,195,42,65.2,1,Complete,100,70,72,70,74.9,1,OnTime,100,100,125,42,52.3,96,1,100,120,135,56,60.8,97,1,,,,,,,,,,,,,,,
System strengthening for IPPs in Chhattisgarh and other generation projects in western region - Vindhyachal STPS - IV & V-Vindhyachal pool 400 kV D/C (Q) line,6,Stringing/Cabling,87,66.8,Line,400kV,"Madhya Pradesh, Singrauli",180,EPC,24,280,01-01-2024,100,90,88,28,30.1,Approved,0,100,150,195,42,65.2,1,Complete,100,70,72,70,74.9,1,OnTime,100,100,125,42,52.3,96,1,100,120,135,56,60.8,97,1,100,80,82,28,29.5,98,Forest,,,,,,,,
System strengthening for IPPs in Chhattisgarh and other generation projects in western region - Vindhyachal STPS - IV & V-Vindhyachal pool 400 kV D/C (Q) line,7,Testing & Commissioning,88,68.5,Line,400kV,"Madhya Pradesh, Singrauli",180,EPC,24,280,01-01-2024,100,90,88,28,30.1,Approved,0,100,150,195,42,65.2,1,Complete,100,70,72,70,74.9,1,OnTime,100,100,125,42,52.3,96,1,100,120,135,56,60.8,97,1,100,80,82,28,29.5,98,Forest,100,45,46,14,14.7,Successful,15-12-2025,
Transmission System Strengthening associated with Vindhyachal- V - Vindhyachal Pooling Station - Jabalpur Pooling Station line 765 kV D/C line,1,Planning/Engineering,-2,3,Line,765kV,"Madhya Pradesh, Jabalpur",220,TBCB,24,2368,16-09-2025,100,90,88,237,240,Approved,0,,,,,,,,,,,,,,,,,,,,,,,,,,,,,,,,,,,,,,,,,,,
Transmission System Strengthening associated with Vindhyachal- V - Vindhyachal Pooling Station - Jabalpur Pooling Station line 765 kV D/C line,2,Approvals & ROW,43,228,Line,765kV,"Madhya Pradesh, Jabalpur",220,TBCB,24,2368,16-09-2025,100,90,88,237,240,Approved,0,100,150,195,355,520,1,Complete,,,,,,,,,,,,,,,,,,,,,,,,,,,,,,,,,,,,
Transmission System Strengthening associated with Vindhyachal- V - Vindhyachal Pooling Station - Jabalpur Pooling Station line 765 kV D/C line,3,Procurement/Supply,45,246,Line,765kV,"Madhya Pradesh, Jabalpur",220,TBCB,24,2368,16-09-2025,100,90,88,237,240,Approved,0,100,150,195,355,520,1,Complete,100,70,72,592,610,1,Delayed,,,,,,,,,,,,,,,,,,,,,,,,,,,,,
Transmission System Strengthening associated with Vindhyachal- V - Vindhyachal Pooling Station - Jabalpur Pooling Station line 765 kV D/C line,4,Site Preparation/Civil,63,364,Line,765kV,"Madhya Pradesh, Jabalpur",220,TBCB,24,2368,16-09-2025,100,90,88,237,240,Approved,0,100,150,195,355,520,1,Complete,100,70,72,592,610,1,Delayed,100,90,108,355,425,95,1,,,,,,,,,,,,,,,,,,,,,,
Transmission System Strengthening associated with Vindhyachal- V - Vindhyachal Pooling Station - Jabalpur Pooling Station line 765 kV D/C line,5,Erection/Construction,78,390,Line,765kV,"Madhya Pradesh, Jabalpur",220,TBCB,24,2368,16-09-2025,100,90,88,237,240,Approved,0,100,150,195,355,520,1,Complete,100,70,72,592,610,1,Delayed,100,90,108,355,425,95,1,100,120,135,474,500,96,1,,,,,,,,,,,,,,,
Transmission System Strengthening associated with Vindhyachal- V - Vindhyachal Pooling Station - Jabalpur Pooling Station line 765 kV D/C line,6,Stringing/Cabling,80,398,Line,765kV,"Madhya Pradesh, Jabalpur",220,TBCB,24,2368,16-09-2025,100,90,88,237,240,Approved,0,100,150,195,355,520,1,Complete,100,70,72,592,610,1,Delayed,100,90,108,355,425,95,1,100,120,135,474,500,96,1,100,80,82,237,245,98,Hilly,,,,,,,,
Transmission System Strengthening associated with Vindhyachal- V - Vindhyachal Pooling Station - Jabalpur Pooling Station line 765 kV D/C line,7,Testing & Commissioning,81,400,Line,765kV,"Madhya Pradesh, Jabalpur",220,TBCB,24,2368,16-09-2025,100,90,88,237,240,Approved,0,100,150,195,355,520,1,Complete,100,70,72,592,610,1,Delayed,100,90,108,355,425,95,1,100,120,135,474,500,96,1,100,80,82,237,245,98,Hilly,100,45,46,118,120,Successful,15-09-2027,
Transmission system associated with IPPs of Nagapattinam / Cuddalore Area- Package A - Salem - Madhugiri 765 kV S/C line,1,Planning/Engineering,-5,1,Line,765kV,"Tamil Nadu, Dharmapuri to Karnataka, Tumkur",220,TBCB,24,350,01-01-2017,100,90,85,35,36,Approved,0,,,,,,,,,,,,,,,,,,,,,,,,,,,,,,,,,,,,,,,,,,,
Transmission system associated with IPPs of Nagapattinam / Cuddalore Area- Package A - Salem - Madhugiri 765 kV S/C line,2,Approvals & ROW,25,40,Line,765kV,"Tamil Nadu, Dharmapuri to Karnataka, Tumkur",220,TBCB,24,350,01-01-2017,100,90,85,35,36,Approved,0,100,150,180,52.5,75,1,Complete,,,,,,,,,,,,,,,,,,,,,,,,,,,,,,,,,,,,
Transmission system associated with IPPs of Nagapattinam / Cuddalore Area- Package A - Salem - Madhugiri 765 kV S/C line,3,Procurement/Supply,30,48,Line,765kV,"Tamil Nadu, Dharmapuri to Karnataka, Tumkur",220,TBCB,24,350,01-01-2017,100,90,85,35,36,Approved,0,100,150,180,52.5,75,1,Complete,100,70,75,87.5,95,1,Delayed,,,,,,,,,,,,,,,,,,,,,,,,,,,,,
Transmission system associated with IPPs of Nagapattinam / Cuddalore Area- Package A - Salem - Madhugiri 765 kV S/C line,4,Site Preparation/Civil,45,61,Line,765kV,"Tamil Nadu, Dharmapuri to Karnataka, Tumkur",220,TBCB,24,350,01-01-2017,100,90,85,35,36,Approved,0,100,150,180,52.5,75,1,Complete,100,70,75,87.5,95,1,Delayed,100,90,105,52.5,65,95,1,,,,,,,,,,,,,,,,,,,,,,
Transmission system associated with IPPs of Nagapattinam / Cuddalore Area- Package A - Salem - Madhugiri 765 kV S/C line,5,Erection/Construction,60,69,Line,765kV,"Tamil Nadu, Dharmapuri to Karnataka, Tumkur",220,TBCB,24,350,01-01-2017,100,90,85,35,36,Approved,0,100,150,180,52.5,75,1,Complete,100,70,75,87.5,95,1,Delayed,100,90,105,52.5,65,95,1,100,120,135,70,78,98,1,,,,,,,,,,,,,,,
Transmission system associated with IPPs of Nagapattinam / Cuddalore Area- Package A - Salem - Madhugiri 765 kV S/C line,6,Stringing/Cabling,62,71,Line,765kV,"Tamil Nadu, Dharmapuri to Karnataka, Tumkur",220,TBCB,24,350,01-01-2017,100,90,85,35,36,Approved,0,100,150,180,52.5,75,1,Complete,100,70,75,87.5,95,1,Delayed,100,90,105,52.5,65,95,1,100,120,135,70,78,98,1,100,80,82,35,37,99,Flat,,,,,,,,
Transmission system associated with IPPs of Nagapattinam / Cuddalore Area- Package A - Salem - Madhugiri 765 kV S/C line,7,Testing & Commissioning,63,72,Line,765kV,"Tamil Nadu, Dharmapuri to Karnataka, Tumkur",220,TBCB,24,350,01-01-2017,100,90,85,35,36,Approved,0,100,150,180,52.5,75,1,Complete,100,70,75,87.5,95,1,Delayed,100,90,105,52.5,65,95,1,100,120,135,70,78,98,1,100,80,82,35,37,99,Flat,100,45,46,17.5,18,Successful,01-01-2019,
Transmission system strengthening in Indian system for transfer of power from new HEP's in Bhutan - Alipurduar (PG) - Siliguri (PG) 400 KV D/C line,1,Planning/Engineering,-2,1,Line,400kV,"West Bengal, Alipurduar",232,TBCB,24,350,01-01-2017,100,90,88,35,36,Approved,0,,,,,,,,,,,,,,,,,,,,,,,,,,,,,,,,,,,,,,,,,,,
Transmission system strengthening in Indian system for transfer of power from new HEP's in Bhutan - Alipurduar (PG) - Siliguri (PG) 400 KV D/C line,2,Approvals & ROW,68,50,Line,400kV,"West Bengal, Alipurduar",232,TBCB,24,350,01-01-2017,100,90,88,35,36,Approved,0,100,150,210,52.5,85,1,Complete,,,,,,,,,,,,,,,,,,,,,,,,,,,,,,,,,,,,
Transmission system strengthening in Indian system for transfer of power from new HEP's in Bhutan - Alipurduar (PG) - Siliguri (PG) 400 KV D/C line,3,Procurement/Supply,70,55,Line,400kV,"West Bengal, Alipurduar",232,TBCB,24,350,01-01-2017,100,90,88,35,36,Approved,0,100,150,210,52.5,85,1,Complete,100,70,72,87.5,92,1,OnTime,,,,,,,,,,,,,,,,,,,,,,,,,,,,,
Transmission system strengthening in Indian system for transfer of power from new HEP's in Bhutan - Alipurduar (PG) - Siliguri (PG) 400 KV D/C line,4,Site Preparation/Civil,95,71,Line,400kV,"West Bengal, Alipurduar",232,TBCB,24,350,01-01-2017,100,90,88,35,36,Approved,0,100,150,210,52.5,85,1,Complete,100,70,72,87.5,92,1,OnTime,100,100,125,52.5,68,98,1,,,,,,,,,,,,,,,,,,,,,,
Transmission system strengthening in Indian system for transfer of power from new HEP's in Bhutan - Alipurduar (PG) - Siliguri (PG) 400 KV D/C line,5,Erection/Construction,110,79,Line,400kV,"West Bengal, Alipurduar",232,TBCB,24,350,01-01-2017,100,90,88,35,36,Approved,0,100,150,210,52.5,85,1,Complete,100,70,72,87.5,92,1,OnTime,100,100,125,52.5,68,98,1,100,120,135,70,78,97,1,,,,,,,,,,,,,,,
Transmission system strengthening in Indian system for transfer of power from new HEP's in Bhutan - Alipurduar (PG) - Siliguri (PG) 400 KV D/C line,6,Stringing/Cabling,112,81,Line,400kV,"West Bengal, Alipurduar",232,TBCB,24,350,01-01-2017,100,90,88,35,36,Approved,0,100,150,210,52.5,85,1,Complete,100,70,72,87.5,92,1,OnTime,100,100,125,52.5,68,98,1,100,120,135,70,78,97,1,100,80,82,35,37,99,Forest,,,,,,,,
Transmission system strengthening in Indian system for transfer of power from new HEP's in Bhutan - Alipurduar (PG) - Siliguri (PG) 400 KV D/C line,7,Testing & Commissioning,113,82,Line,400kV,"West Bengal, Alipurduar",232,TBCB,24,350,01-01-2017,100,90,88,35,36,Approved,0,100,150,210,52.5,85,1,Complete,100,70,72,87.5,92,1,OnTime,100,100,125,52.5,68,98,1,100,120,135,70,78,97,1,100,80,82,35,37,99,Forest,100,45,46,17.5,18,Successful,20-01-2020,
Transmission system strengthening in Indian system for transfer of power from new HEP's in Bhutan - Kishanganj (PG) - Darbhanga (DMTCL) 400 KV D/C line,1,Planning/Engineering,-2,2,Line,400kV,"Bihar, Kishanganj",220,EPC,24,320,01-01-2023,100,90,88,32,34,Approved,0,,,,,,,,,,,,,,,,,,,,,,,,,,,,,,,,,,,,,,,,,,,
Transmission system strengthening in Indian system for transfer of power from new HEP's in Bhutan - Kishanganj (PG) - Darbhanga (DMTCL) 400 KV D/C line,2,Approvals & ROW,43,74,Line,400kV,"Bihar, Kishanganj",220,EPC,24,320,01-01-2023,100,90,88,32,34,Approved,0,100,150,195,48,72,1,Complete,,,,,,,,,,,,,,,,,,,,,,,,,,,,,,,,,,,,
Transmission system strengthening in Indian system for transfer of power from new HEP's in Bhutan - Kishanganj (PG) - Darbhanga (DMTCL) 400 KV D/C line,3,Procurement/Supply,45,130,Line,400kV,"Bihar, Kishanganj",220,EPC,24,320,01-01-2023,100,90,88,32,34,Approved,0,100,150,195,48,72,1,Complete,100,70,72,80,88,1,OnTime,,,,,,,,,,,,,,,,,,,,,,,,,,,,,
Transmission system strengthening in Indian system for transfer of power from new HEP's in Bhutan - Kishanganj (PG) - Darbhanga (DMTCL) 400 KV D/C line,4,Site Preparation/Civil,63,178,Line,400kV,"Bihar, Kishanganj",220,EPC,24,320,01-01-2023,100,90,88,32,34,Approved,0,100,150,195,48,72,1,Complete,100,70,72,80,88,1,OnTime,100,90,108,48,60,98,1,,,,,,,,,,,,,,,,,,,,,,
Transmission system strengthening in Indian system for transfer of power from new HEP's in Bhutan - Kishanganj (PG) - Darbhanga (DMTCL) 400 KV D/C line,5,Erection/Construction,75,226,Line,400kV,"Bihar, Kishanganj",220,EPC,24,320,01-01-2023,100,90,88,32,34,Approved,0,100,150,195,48,72,1,Complete,100,70,72,80,88,1,OnTime,100,90,108,48,60,98,1,100,120,132,64,72,96,1,,,,,,,,,,,,,,,
Transmission system strengthening in Indian system for transfer of power from new HEP's in Bhutan - Kishanganj (PG) - Darbhanga (DMTCL) 400 KV D/C line,6,Stringing/Cabling,77,260,Line,400kV,"Bihar, Kishanganj",220,EPC,24,320,01-01-2023,100,90,88,32,34,Approved,0,100,150,195,48,72,1,Complete,100,70,72,80,88,1,OnTime,100,90,108,48,60,98,1,100,120,132,64,72,96,1,100,80,82,32,34,98,Flat,,,,,,,,
Transmission system strengthening in Indian system for transfer of power from new HEP's in Bhutan - Kishanganj (PG) - Darbhanga (DMTCL) 400 KV D/C line,7,Testing & Commissioning,78,277,Line,400kV,"Bihar, Kishanganj",220,EPC,24,320,01-01-2023,100,90,88,32,34,Approved,0,100,150,195,48,72,1,Complete,100,70,72,80,88,1,OnTime,100,90,108,48,60,98,1,100,120,132,64,72,96,1,100,80,82,32,34,98,Flat,100,45,46,16,17,Successful,15-12-2025,
Connectivity system for Khargone TPP (2x660 MW) - LILO of one ckt of Khandwa - Rajgarh 400kV D/C line at Khargone TPP,1,Planning/Engineering,-5,0.7,Line,400kV,"Madhya Pradesh, Khargone",45,EPC,24,285,01-01-2024,100,90,85,28.5,29.2,Approved,0,,,,,,,,,,,,,,,,,,,,,,,,,,,,,,,,,,,,,,,,,,,
Connectivity system for Khargone TPP (2x660 MW) - LILO of one ckt of Khandwa - Rajgarh 400kV D/C line at Khargone TPP,2,Approvals & ROW,10,13.9,Line,400kV,"Madhya Pradesh, Khargone",45,EPC,24,285,01-01-2024,100,90,85,28.5,29.2,Approved,0,100,150,165,42.75,55.6,1,Complete,,,,,,,,,,,,,,,,,,,,,,,,,,,,,,,,,,,,
Connectivity system for Khargone TPP (2x660 MW) - LILO of one ckt of Khandwa - Rajgarh 400kV D/C line at Khargone TPP,3,Procurement/Supply,12,16.2,Line,400kV,"Madhya Pradesh, Khargone",45,EPC,24,285,01-01-2024,100,90,85,28.5,29.2,Approved,0,100,150,165,42.75,55.6,1,Complete,100,60,62,71.25,74.1,1,OnTime,,,,,,,,,,,,,,,,,,,,,,,,,,,,,
Connectivity system for Khargone TPP (2x660 MW) - LILO of one ckt of Khandwa - Rajgarh 400kV D/C line at Khargone TPP,4,Site Preparation/Civil,27,24.4,Line,400kV,"Madhya Pradesh, Khargone",45,EPC,24,285,01-01-2024,100,90,85,28.5,29.2,Approved,0,100,150,165,42.75,55.6,1,Complete,100,60,62,71.25,74.1,1,OnTime,100,90,105,42.75,50.2,98,1,,,,,,,,,,,,,,,,,,,,,,
Connectivity system for Khargone TPP (2x660 MW) - LILO of one ckt of Khandwa - Rajgarh 400kV D/C line at Khargone TPP,5,Erection/Construction,35,27.2,Line,400kV,"Madhya Pradesh, Khargone",45,EPC,24,285,01-01-2024,100,90,85,28.5,29.2,Approved,0,100,150,165,42.75,55.6,1,Complete,100,60,62,71.25,74.1,1,OnTime,100,90,105,42.75,50.2,98,1,100,120,128,57,59.8,97,1,,,,,,,,,,,,,,,
Connectivity system for Khargone TPP (2x660 MW) - LILO of one ckt of Khandwa - Rajgarh 400kV D/C line at Khargone TPP,6,Stringing/Cabling,36,27.8,Line,400kV,"Madhya Pradesh, Khargone",45,EPC,24,285,01-01-2024,100,90,85,28.5,29.2,Approved,0,100,150,165,42.75,55.6,1,Complete,100,60,62,71.25,74.1,1,OnTime,100,90,105,42.75,50.2,98,1,100,120,128,57,59.8,97,1,100,75,76,28.5,29.1,99,Flat,,,,,,,,
Connectivity system for Khargone TPP (2x660 MW) - LILO of one ckt of Khandwa - Rajgarh 400kV D/C line at Khargone TPP,7,Testing & Commissioning,37,28.3,Line,400kV,"Madhya Pradesh, Khargone",45,EPC,24,285,01-01-2024,100,90,85,28.5,29.2,Approved,0,100,150,165,42.75,55.6,1,Complete,100,60,62,71.25,74.1,1,OnTime,100,90,105,42.75,50.2,98,1,100,120,128,57,59.8,97,1,100,75,76,28.5,29.1,99,Flat,100,45,46,14.25,14.7,Successful,12-12-2025,
"Creation of new 400 kV GIS in Gurgaon area and Palwal as a part of ISTS - 2x500 MVA, 400/220 kV GIS at Kadarpur (Gurgaon)",1,Planning/Engineering,-2,1,Substation,400kV,"Haryana, Gurgaon",1000,TBCB,24,350,01-01-2023,100,90,88,35,36,Approved,0,,,,,,,,,,,,,,,,,,,,,,,,,,,,,,,,,,,,,,,,,,,
"Creation of new 400 kV GIS in Gurgaon area and Palwal as a part of ISTS - 2x500 MVA, 400/220 kV GIS at Kadarpur (Gurgaon)",2,Approvals & ROW,13,18.5,Substation,400kV,"Haryana, Gurgaon",1000,TBCB,24,350,01-01-2023,100,90,88,35,36,Approved,0,100,150,165,52.5,65,0,Complete,,,,,,,,,,,,,,,,,,,,,,,,,,,,,,,,,,,,
"Creation of new 400 kV GIS in Gurgaon area and Palwal as a part of ISTS - 2x500 MVA, 400/220 kV GIS at Kadarpur (Gurgaon)",3,Procurement/Supply,15,22.5,Substation,400kV,"Haryana, Gurgaon",1000,TBCB,24,350,01-01-2023,100,90,88,35,36,Approved,0,100,150,165,52.5,65,0,Complete,100,70,72,87.5,92,1,OnTime,,,,,,,,,,,,,,,,,,,,,,,,,,,,,
"Creation of new 400 kV GIS in Gurgaon area and Palwal as a part of ISTS - 2x500 MVA, 400/220 kV GIS at Kadarpur (Gurgaon)",4,Site Preparation/Civil,20,28,Substation,400kV,"Haryana, Gurgaon",1000,TBCB,24,350,01-01-2023,100,90,88,35,36,Approved,0,100,150,165,52.5,65,0,Complete,100,70,72,87.5,92,1,OnTime,100,90,95,52.5,58,98,1,,,,,,,,,,,,,,,,,,,,,,
"Creation of new 400 kV GIS in Gurgaon area and Palwal as a part of ISTS - 2x500 MVA, 400/220 kV GIS at Kadarpur (Gurgaon)",5,Erection/Construction,25,32,Substation,400kV,"Haryana, Gurgaon",1000,TBCB,24,350,01-01-2023,100,90,88,35,36,Approved,0,100,150,165,52.5,65,0,Complete,100,70,72,87.5,92,1,OnTime,100,90,95,52.5,58,98,1,100,120,125,70,74,100,1,,,,,,,,,,,,,,,
"Creation of new 400 kV GIS in Gurgaon area and Palwal as a part of ISTS - 2x500 MVA, 400/220 kV GIS at Kadarpur (Gurgaon)",6,Stringing/Cabling,27,33,Substation,400kV,"Haryana, Gurgaon",1000,TBCB,24,350,01-01-2023,100,90,88,35,36,Approved,0,100,150,165,52.5,65,0,Complete,100,70,72,87.5,92,1,OnTime,100,90,95,52.5,58,98,1,100,120,125,70,74,100,1,100,80,82,35,36,100,Flat,,,,,,,,
"Creation of new 400 kV GIS in Gurgaon area and Palwal as a part of ISTS - 2x500 MVA, 400/220 kV GIS at Kadarpur (Gurgaon)",7,Testing & Commissioning,28,34,Substation,400kV,"Haryana, Gurgaon",1000,TBCB,24,350,01-01-2023,100,90,88,35,36,Approved,0,100,150,165,52.5,65,0,Complete,100,70,72,87.5,92,1,OnTime,100,90,95,52.5,58,98,1,100,120,125,70,74,100,1,100,80,82,35,36,100,Flat,100,45,46,17.5,18,Successful,15-12-2024,
"Creation of new 400 kV GIS in Gurgaon area and Palwal as a part of ISTS - 2x500 MVA, 400/220 kV GIS at Prithala (Palwal)",1,Planning/Engineering,-5,1,Substation,400kV,"Haryana, Palwal",1000,TBCB,24,350,01-01-2023,100,90,85,35,36,Approved,0,,,,,,,,,,,,,,,,,,,,,,,,,,,,,,,,,,,,,,,,,,,
"Creation of new 400 kV GIS in Gurgaon area and Palwal as a part of ISTS - 2x500 MVA, 400/220 kV GIS at Prithala (Palwal)",2,Approvals & ROW,10,28,Substation,400kV,"Haryana, Palwal",1000,TBCB,24,350,01-01-2023,100,90,85,35,36,Approved,0,100,150,165,52.5,65,1,Complete,,,,,,,,,,,,,,,,,,,,,,,,,,,,,,,,,,,,
"Creation of new 400 kV GIS in Gurgaon area and Palwal as a part of ISTS - 2x500 MVA, 400/220 kV GIS at Prithala (Palwal)",3,Procurement/Supply,12,33,Substation,400kV,"Haryana, Palwal",1000,TBCB,24,350,01-01-2023,100,90,85,35,36,Approved,0,100,150,165,52.5,65,1,Complete,100,60,62,87.5,92,1,OnTime,,,,,,,,,,,,,,,,,,,,,,,,,,,,,
"Creation of new 400 kV GIS in Gurgaon area and Palwal as a part of ISTS - 2x500 MVA, 400/220 kV GIS at Prithala (Palwal)",4,Site Preparation/Civil,17,38,Substation,400kV,"Haryana, Palwal",1000,TBCB,24,350,01-01-2023,100,90,85,35,36,Approved,0,100,150,165,52.5,65,1,Complete,100,60,62,87.5,92,1,OnTime,100,90,95,52.5,57,98,1,,,,,,,,,,,,,,,,,,,,,,
"Creation of new 400 kV GIS in Gurgaon area and Palwal as a part of ISTS - 2x500 MVA, 400/220 kV GIS at Prithala (Palwal)",5,Erection/Construction,22,45,Substation,400kV,"Haryana, Palwal",1000,TBCB,24,350,01-01-2023,100,90,85,35,36,Approved,0,100,150,165,52.5,65,1,Complete,100,60,62,87.5,92,1,OnTime,100,90,95,52.5,57,98,1,100,120,125,70,74,100,1,,,,,,,,,,,,,,,
"Creation of new 400 kV GIS in Gurgaon area and Palwal as a part of ISTS - 2x500 MVA, 400/220 kV GIS at Prithala (Palwal)",6,Stringing/Cabling,23,46,Substation,400kV,"Haryana, Palwal",1000,TBCB,24,350,01-01-2023,100,90,85,35,36,Approved,0,100,150,165,52.5,65,1,Complete,100,60,62,87.5,92,1,OnTime,100,90,95,52.5,57,98,1,100,120,125,70,74,100,1,100,75,76,35,36,100,Flat,,,,,,,,
"Creation of new 400 kV GIS in Gurgaon area and Palwal as a part of ISTS - 2x500 MVA, 400/220 kV GIS at Prithala (Palwal)",7,Testing & Commissioning,24,47,Substation,400kV,"Haryana, Palwal",1000,TBCB,24,350,01-01-2023,100,90,85,35,36,Approved,0,100,150,165,52.5,65,1,Complete,100,60,62,87.5,92,1,OnTime,100,90,95,52.5,57,98,1,100,120,125,70,74,100,1,100,75,76,35,36,100,Flat,100,45,46,17.5,18,Successful,15-12-2024,
Eastern Region Strengthening Scheme-XXI - Darbhanga - Sitamarhi (New) 400kV D/C line,1,Planning/Engineering,-2,-0.8,Line,400kV,"Bihar, Darbhanga-Sitamarhi",120,TBCB,30,280,01-01-2023,100,90,88,28,27.2,Approved,0,,,,,,,,,,,,,,,,,,,,,,,,,,,,,,,,,,,,,,,,,,,
Eastern Region Strengthening Scheme-XXI - Darbhanga - Sitamarhi (New) 400kV D/C line,2,Approvals & ROW,13,28,Line,400kV,"Bihar, Darbhanga-Sitamarhi",120,TBCB,30,280,01-01-2023,100,90,88,28,27.2,Approved,0,100,150,165,42,58.8,1,Complete,,,,,,,,,,,,,,,,,,,,,,,,,,,,,,,,,,,,
Eastern Region Strengthening Scheme-XXI - Darbhanga - Sitamarhi (New) 400kV D/C line,3,Procurement/Supply,15,29.4,Line,400kV,"Bihar, Darbhanga-Sitamarhi",120,TBCB,30,280,01-01-2023,100,90,88,28,27.2,Approved,0,100,150,165,42,58.8,1,Complete,100,70,72,70,71.4,1,OnTime,,,,,,,,,,,,,,,,,,,,,,,,,,,,,
Eastern Region Strengthening Scheme-XXI - Darbhanga - Sitamarhi (New) 400kV D/C line,4,Site Preparation/Civil,30,35.7,Line,400kV,"Bihar, Darbhanga-Sitamarhi",120,TBCB,30,280,01-01-2023,100,90,88,28,27.2,Approved,0,100,150,165,42,58.8,1,Complete,100,70,72,70,71.4,1,OnTime,100,100,115,42,48.3,96,1,,,,,,,,,,,,,,,,,,,,,,
Eastern Region Strengthening Scheme-XXI - Darbhanga - Sitamarhi (New) 400kV D/C line,5,Erection/Construction,38,43.3,Line,400kV,"Bihar, Darbhanga-Sitamarhi",120,TBCB,30,280,01-01-2023,100,90,88,28,27.2,Approved,0,100,150,165,42,58.8,1,Complete,100,70,72,70,71.4,1,OnTime,100,100,115,42,48.3,96,1,100,120,128,56,59.6,97,1,,,,,,,,,,,,,,,
Eastern Region Strengthening Scheme-XXI - Darbhanga - Sitamarhi (New) 400kV D/C line,6,Stringing/Cabling,40,44.86,Line,400kV,"Bihar, Darbhanga-Sitamarhi",120,TBCB,30,280,01-01-2023,100,90,88,28,27.2,Approved,0,100,150,165,42,58.8,1,Complete,100,70,72,70,71.4,1,OnTime,100,100,115,42,48.3,96,1,100,120,128,56,59.6,97,1,100,80,82,28,28.56,98,Flat,,,,,,,,
Eastern Region Strengthening Scheme-XXI - Darbhanga - Sitamarhi (New) 400kV D/C line,7,Testing & Commissioning,41,45.07,Line,400kV,"Bihar, Darbhanga-Sitamarhi",120,TBCB,30,280,01-01-2023,100,90,88,28,27.2,Approved,0,100,150,165,42,58.8,1,Complete,100,70,72,70,71.4,1,OnTime,100,100,115,42,48.3,96,1,100,120,128,56,59.6,97,1,100,80,82,28,28.56,98,Flat,100,45,46,14,14.21,Successful,15-12-2024,
"Eastern Region Strengthening Scheme-XXI - Establishment of 400/220/132 kV, 2x500 MVA + 2x200 MVA S/s at Saharsa (New)",1,Planning/Engineering,-5,1,Substation,400kV,"Bihar, Saharsa",1600,TBCB,30,450,01-01-2018,100,90,85,45,46,Approved,0,,,,,,,,,,,,,,,,,,,,,,,,,,,,,,,,,,,,,,,,,,,
"Eastern Region Strengthening Scheme-XXI - Establishment of 400/220/132 kV, 2x500 MVA + 2x200 MVA S/s at Saharsa (New)",2,Approvals & ROW,25,44,Substation,400kV,"Bihar, Saharsa",1600,TBCB,30,450,01-01-2018,100,90,85,45,46,Approved,0,100,150,180,67.5,90,0,Complete,,,,,,,,,,,,,,,,,,,,,,,,,,,,,,,,,,,,
"Eastern Region Strengthening Scheme-XXI - Establishment of 400/220/132 kV, 2x500 MVA + 2x200 MVA S/s at Saharsa (New)",3,Procurement/Supply,35,52,Substation,400kV,"Bihar, Saharsa",1600,TBCB,30,450,01-01-2018,100,90,85,45,46,Approved,0,100,150,180,67.5,90,0,Complete,100,60,70,112.5,120,1,Delayed,,,,,,,,,,,,,,,,,,,,,,,,,,,,,
"Eastern Region Strengthening Scheme-XXI - Establishment of 400/220/132 kV, 2x500 MVA + 2x200 MVA S/s at Saharsa (New)",4,Site Preparation/Civil,50,60,Substation,400kV,"Bihar, Saharsa",1600,TBCB,30,450,01-01-2018,100,90,85,45,46,Approved,0,100,150,180,67.5,90,0,Complete,100,60,70,112.5,120,1,Delayed,100,90,105,67.5,75,99,1,,,,,,,,,,,,,,,,,,,,,,
"Eastern Region Strengthening Scheme-XXI - Establishment of 400/220/132 kV, 2x500 MVA + 2x200 MVA S/s at Saharsa (New)",5,Erection/Construction,65,68,Substation,400kV,"Bihar, Saharsa",1600,TBCB,30,450,01-01-2018,100,90,85,45,46,Approved,0,100,150,180,67.5,90,0,Complete,100,60,70,112.5,120,1,Delayed,100,90,105,67.5,75,99,1,100,120,135,90,98,98,1,,,,,,,,,,,,,,,
"Eastern Region Strengthening Scheme-XXI - Establishment of 400/220/132 kV, 2x500 MVA + 2x200 MVA S/s at Saharsa (New)",6,Stringing/Cabling,68,69,Substation,400kV,"Bihar, Saharsa",1600,TBCB,30,450,01-01-2018,100,90,85,45,46,Approved,0,100,150,180,67.5,90,0,Complete,100,60,70,112.5,120,1,Delayed,100,90,105,67.5,75,99,1,100,120,135,90,98,98,1,100,75,78,45,46,99,Flat,,,,,,,,
"Eastern Region Strengthening Scheme-XXI - Establishment of 400/220/132 kV, 2x500 MVA + 2x200 MVA S/s at Saharsa (New)",7,Testing & Commissioning,65,70,Substation,400kV,"Bihar, Saharsa",1600,TBCB,30,450,01-01-2018,100,90,85,45,46,Approved,0,100,150,180,67.5,90,0,Complete,100,60,70,112.5,120,1,Delayed,100,90,105,67.5,75,99,1,100,120,135,90,98,98,1,100,75,78,45,46,99,Flat,100,45,42,22.5,23,Successful,15-10-2021,
"Eastern Region Strengthening Scheme-XXI - Establishment of 400/220/132 kV, 2x500 MVA + 2x200 MVA S/s at Sitamarhi (New)",1,Planning/Engineering,-5,-2,Substation,400kV,"Bihar, Sitamarhi",1600,TBCB,24,620,17-01-2019,100,90,85,62,60,Approved,0,,,,,,,,,,,,,,,,,,,,,,,,,,,,,,,,,,,,,,,,,,,
"Eastern Region Strengthening Scheme-XXI - Establishment of 400/220/132 kV, 2x500 MVA + 2x200 MVA S/s at Sitamarhi (New)",2,Approvals & ROW,10,51,Substation,400kV,"Bihar, Sitamarhi",1600,TBCB,24,620,17-01-2019,100,90,85,62,60,Approved,0,100,150,165,93,115,0,Complete,,,,,,,,,,,,,,,,,,,,,,,,,,,,,,,,,,,,
"Eastern Region Strengthening Scheme-XXI - Establishment of 400/220/132 kV, 2x500 MVA + 2x200 MVA S/s at Sitamarhi (New)",3,Procurement/Supply,12,51,Substation,400kV,"Bihar, Sitamarhi",1600,TBCB,24,620,17-01-2019,100,90,85,62,60,Approved,0,100,150,165,93,115,0,Complete,100,60,62,155,152,1,OnTime,,,,,,,,,,,,,,,,,,,,,,,,,,,,,
"Eastern Region Strengthening Scheme-XXI - Establishment of 400/220/132 kV, 2x500 MVA + 2x200 MVA S/s at Sitamarhi (New)",4,Site Preparation/Civil,17,54,Substation,400kV,"Bihar, Sitamarhi",1600,TBCB,24,620,17-01-2019,100,90,85,62,60,Approved,0,100,150,165,93,115,0,Complete,100,60,62,155,152,1,OnTime,100,90,95,93,96,98,1,,,,,,,,,,,,,,,,,,,,,,
"Eastern Region Strengthening Scheme-XXI - Establishment of 400/220/132 kV, 2x500 MVA + 2x200 MVA S/s at Sitamarhi (New)",5,Erection/Construction,22,56,Substation,400kV,"Bihar, Sitamarhi",1600,TBCB,24,620,17-01-2019,100,90,85,62,60,Approved,0,100,150,165,93,115,0,Complete,100,60,62,155,152,1,OnTime,100,90,95,93,96,98,1,100,120,125,124,126,100,1,,,,,,,,,,,,,,,
"Eastern Region Strengthening Scheme-XXI - Establishment of 400/220/132 kV, 2x500 MVA + 2x200 MVA S/s at Sitamarhi (New)",6,Stringing/Cabling,19,55,Substation,400kV,"Bihar, Sitamarhi",1600,TBCB,24,620,17-01-2019,100,90,85,62,60,Approved,0,100,150,165,93,115,0,Complete,100,60,62,155,152,1,OnTime,100,90,95,93,96,98,1,100,120,125,124,126,100,1,100,75,72,62,61,100,Flat,,,,,,,,
"Eastern Region Strengthening Scheme-XXI - Establishment of 400/220/132 kV, 2x500 MVA + 2x200 MVA S/s at Sitamarhi (New)",7,Testing & Commissioning,17,56,Substation,400kV,"Bihar, Sitamarhi",1600,TBCB,24,620,17-01-2019,100,90,85,62,60,Approved,0,100,150,165,93,115,0,Complete,100,60,62,155,152,1,OnTime,100,90,95,93,96,98,1,100,120,125,124,126,100,1,100,75,72,62,61,100,Flat,100,45,43,31,32,Successful,15-05-2021,
Eastern Region Strengthening Scheme-XXI - Sitamarhi (New) - Motihari 400kV D/C line,1,Planning/Engineering,-5,-2,Line,400kV,"Bihar, Sitamarhi-East Champaran",152,TBCB,24,620,01-01-2019,100,90,85,62,60,Approved,0,,,,,,,,,,,,,,,,,,,,,,,,,,,,,,,,,,,,,,,,,,,
Eastern Region Strengthening Scheme-XXI - Sitamarhi (New) - Motihari 400kV D/C line,2,Approvals & ROW,25,65,Line,400kV,"Bihar, Sitamarhi-East Champaran",152,TBCB,24,620,01-01-2019,100,90,85,62,60,Approved,0,100,150,180,93,130,0,Complete,,,,,,,,,,,,,,,,,,,,,,,,,,,,,,,,,,,,
Eastern Region Strengthening Scheme-XXI - Sitamarhi (New) - Motihari 400kV D/C line,3,Procurement/Supply,27,69,Line,400kV,"Bihar, Sitamarhi-East Champaran",152,TBCB,24,620,01-01-2019,100,90,85,62,60,Approved,0,100,150,180,93,130,0,Complete,100,60,62,155,152,1,OnTime,,,,,,,,,,,,,,,,,,,,,,,,,,,,,
Eastern Region Strengthening Scheme-XXI - Sitamarhi (New) - Motihari 400kV D/C line,4,Site Preparation/Civil,32,77,Line,400kV,"Bihar, Sitamarhi-East Champaran",152,TBCB,24,620,01-01-2019,100,90,85,62,60,Approved,0,100,150,180,93,130,0,Complete,100,60,62,155,152,1,OnTime,100,90,95,93,95,98,1,,,,,,,,,,,,,,,,,,,,,,
Eastern Region Strengthening Scheme-XXI - Sitamarhi (New) - Motihari 400kV D/C line,5,Erection/Construction,37,88,Line,400kV,"Bihar, Sitamarhi-East Champaran",152,TBCB,24,620,01-01-2019,100,90,85,62,60,Approved,0,100,150,180,93,130,0,Complete,100,60,62,155,152,1,OnTime,100,90,95,93,95,98,1,100,120,125,124,125,97,1,,,,,,,,,,,,,,,
Eastern Region Strengthening Scheme-XXI - Sitamarhi (New) - Motihari 400kV D/C line,6,Stringing/Cabling,38,91,Line,400kV,"Bihar, Sitamarhi-East Champaran",152,TBCB,24,620,01-01-2019,100,90,85,62,60,Approved,0,100,150,180,93,130,0,Complete,100,60,62,155,152,1,OnTime,100,90,95,93,95,98,1,100,120,125,124,125,97,1,100,75,76,62,63,99,Flat,,,,,,,,
Eastern Region Strengthening Scheme-XXI - Sitamarhi (New) - Motihari 400kV D/C line,7,Testing & Commissioning,38,92,Line,400kV,"Bihar, Sitamarhi-East Champaran",152,TBCB,24,620,01-01-2019,100,90,85,62,60,Approved,0,100,150,180,93,130,0,Complete,100,60,62,155,152,1,OnTime,100,90,95,93,95,98,1,100,120,125,124,125,97,1,100,75,76,62,63,99,Flat,100,45,44,31,31,Successful,28-05-2021,
New WR-NR 765 kV Inter-Regional corridor - 765 kV D/C Vindhyachal Pooling Station- Varanasi D/C Transmission Line,1,Planning/Engineering,-2,3,Line,765kV,"Uttar Pradesh, Prayagraj; Madhya Pradesh, Singrauli",220,TBCB,24,2368,16-10-2025,100,90,88,237,240,Approved,0,,,,,,,,,,,,,,,,,,,,,,,,,,,,,,,,,,,,,,,,,,,
New WR-NR 765 kV Inter-Regional corridor - 765 kV D/C Vindhyachal Pooling Station- Varanasi D/C Transmission Line,2,Approvals & ROW,13,128,Line,765kV,"Uttar Pradesh, Prayagraj; Madhya Pradesh, Singrauli",220,TBCB,24,2368,16-10-2025,100,90,88,237,240,Approved,0,100,150,165,355,420,1,Complete,,,,,,,,,,,,,,,,,,,,,,,,,,,,,,,,,,,,
New WR-NR 765 kV Inter-Regional corridor - 765 kV D/C Vindhyachal Pooling Station- Varanasi D/C Transmission Line,3,Procurement/Supply,15,146,Line,765kV,"Uttar Pradesh, Prayagraj; Madhya Pradesh, Singrauli",220,TBCB,24,2368,16-10-2025,100,90,88,237,240,Approved,0,100,150,165,355,420,1,Complete,100,70,72,592,610,1,OnTime,,,,,,,,,,,,,,,,,,,,,,,,,,,,,
New WR-NR 765 kV Inter-Regional corridor - 765 kV D/C Vindhyachal Pooling Station- Varanasi D/C Transmission Line,4,Site Preparation/Civil,30,201,Line,765kV,"Uttar Pradesh, Prayagraj; Madhya Pradesh, Singrauli",220,TBCB,24,2368,16-10-2025,100,90,88,237,240,Approved,0,100,150,165,355,420,1,Complete,100,70,72,592,610,1,OnTime,100,100,115,355,410,95,1,,,,,,,,,,,,,,,,,,,,,,
New WR-NR 765 kV Inter-Regional corridor - 765 kV D/C Vindhyachal Pooling Station- Varanasi D/C Transmission Line,5,Erection/Construction,38,227,Line,765kV,"Uttar Pradesh, Prayagraj; Madhya Pradesh, Singrauli",220,TBCB,24,2368,16-10-2025,100,90,88,237,240,Approved,0,100,150,165,355,420,1,Complete,100,70,72,592,610,1,OnTime,100,100,115,355,410,95,1,100,120,128,474,500,96,1,,,,,,,,,,,,,,,
New WR-NR 765 kV Inter-Regional corridor - 765 kV D/C Vindhyachal Pooling Station- Varanasi D/C Transmission Line,6,Stringing/Cabling,40,235,Line,765kV,"Uttar Pradesh, Prayagraj; Madhya Pradesh, Singrauli",220,TBCB,24,2368,16-10-2025,100,90,88,237,240,Approved,0,100,150,165,355,420,1,Complete,100,70,72,592,610,1,OnTime,100,100,115,355,410,95,1,100,120,128,474,500,96,1,100,80,82,237,245,98,Flat,,,,,,,,
New WR-NR 765 kV Inter-Regional corridor - 765 kV D/C Vindhyachal Pooling Station- Varanasi D/C Transmission Line,7,Testing & Commissioning,41,237,Line,765kV,"Uttar Pradesh, Prayagraj; Madhya Pradesh, Singrauli",220,TBCB,24,2368,16-10-2025,100,90,88,237,240,Approved,0,100,150,165,355,420,1,Complete,100,70,72,592,610,1,OnTime,100,100,115,355,410,95,1,100,120,128,474,500,96,1,100,80,82,237,245,98,Flat,100,45,46,118,120,Successful,15-10-2026,
"North Eastern Region Strengthening Scheme (NERSS-VI) - Establishment of 400/220 kV, 2x500 MVA s/s at new Kohima",1,Planning/Engineering,-5,1,Substation,400kV,"Nagaland, Kohima",1000,TBCB,36,350,01-03-2017,100,90,85,35,36,Approved,0,,,,,,,,,,,,,,,,,,,,,,,,,,,,,,,,,,,,,,,,,,,
"North Eastern Region Strengthening Scheme (NERSS-VI) - Establishment of 400/220 kV, 2x500 MVA s/s at new Kohima",2,Approvals & ROW,40,84.75,Substation,400kV,"Nagaland, Kohima",1000,TBCB,36,350,01-03-2017,100,90,85,35,36,Approved,0,100,150,195,52.5,78.75,1,Complete,,,,,,,,,,,,,,,,,,,,,,,,,,,,,,,,,,,,
"North Eastern Region Strengthening Scheme (NERSS-VI) - Establishment of 400/220 kV, 2x500 MVA s/s at new Kohima",3,Procurement/Supply,42,89.25,Substation,400kV,"Nagaland, Kohima",1000,TBCB,36,350,01-03-2017,100,90,85,35,36,Approved,0,100,150,195,52.5,78.75,1,Complete,100,70,72,87.5,92.5,1,Delayed,,,,,,,,,,,,,,,,,,,,,,,,,,,,,
"North Eastern Region Strengthening Scheme (NERSS-VI) - Establishment of 400/220 kV, 2x500 MVA s/s at new Kohima",4,Site Preparation/Civil,72,105,Substation,400kV,"Nagaland, Kohima",1000,TBCB,36,350,01-03-2017,100,90,85,35,36,Approved,0,100,150,195,52.5,78.75,1,Complete,100,70,72,87.5,92.5,1,Delayed,100,100,130,52.5,67.75,98,1,,,,,,,,,,,,,,,,,,,,,,
"North Eastern Region Strengthening Scheme (NERSS-VI) - Establishment of 400/220 kV, 2x500 MVA s/s at new Kohima",5,Erection/Construction,87,108.75,Substation,400kV,"Nagaland, Kohima",1000,TBCB,36,350,01-03-2017,100,90,85,35,36,Approved,0,100,150,195,52.5,78.75,1,Complete,100,70,72,87.5,92.5,1,Delayed,100,100,130,52.5,67.75,98,1,100,120,135,70,74,100,1,,,,,,,,,,,,,,,
"North Eastern Region Strengthening Scheme (NERSS-VI) - Establishment of 400/220 kV, 2x500 MVA s/s at new Kohima",6,Stringing/Cabling,89,109.75,Substation,400kV,"Nagaland, Kohima",1000,TBCB,36,350,01-03-2017,100,90,85,35,36,Approved,0,100,150,195,52.5,78.75,1,Complete,100,70,72,87.5,92.5,1,Delayed,100,100,130,52.5,67.75,98,1,100,120,135,70,74,100,1,100,80,82,35,36,100,Hilly,,,,,,,,
"North Eastern Region Strengthening Scheme (NERSS-VI) - Establishment of 400/220 kV, 2x500 MVA s/s at new Kohima",7,Testing & Commissioning,90,110,Substation,400kV,"Nagaland, Kohima",1000,TBCB,36,350,01-03-2017,100,90,85,35,36,Approved,0,100,150,195,52.5,78.75,1,Complete,100,70,72,87.5,92.5,1,Delayed,100,100,130,52.5,67.75,98,1,100,120,135,70,74,100,1,100,80,82,35,36,100,Hilly,100,45,46,17.5,18,Successful,15-11-2020,
North Eastern Region Strengthening Scheme (NERSS-VI) - Imphal-New Kohima 400 kV D/C line,1,Planning/Engineering,2,3,Line,400kV,"Manipur, Imphal; Nagaland, Kohima",272,TBCB,36,850,01-03-2017,100,90,92,85,88,Approved,0,,,,,,,,,,,,,,,,,,,,,,,,,,,,,,,,,,,,,,,,,,,
North Eastern Region Strengthening Scheme (NERSS-VI) - Imphal-New Kohima 400 kV D/C line,2,Approvals & ROW,62,113,Line,400kV,"Manipur, Imphal; Nagaland, Kohima",272,TBCB,36,850,01-03-2017,100,90,92,85,88,Approved,0,100,150,210,128,200,1,Complete,,,,,,,,,,,,,,,,,,,,,,,,,,,,,,,,,,,,
North Eastern Region Strengthening Scheme (NERSS-VI) - Imphal-New Kohima 400 kV D/C line,3,Procurement/Supply,69,125,Line,400kV,"Manipur, Imphal; Nagaland, Kohima",272,TBCB,36,850,01-03-2017,100,90,92,85,88,Approved,0,100,150,210,128,200,1,Complete,100,75,82,213,225,1,Delayed,,,,,,,,,,,,,,,,,,,,,,,,,,,,,
North Eastern Region Strengthening Scheme (NERSS-VI) - Imphal-New Kohima 400 kV D/C line,4,Site Preparation/Civil,99,162,Line,400kV,"Manipur, Imphal; Nagaland, Kohima",272,TBCB,36,850,01-03-2017,100,90,92,85,88,Approved,0,100,150,210,128,200,1,Complete,100,75,82,213,225,1,Delayed,100,105,135,128,165,95,1,,,,,,,,,,,,,,,,,,,,,,
North Eastern Region Strengthening Scheme (NERSS-VI) - Imphal-New Kohima 400 kV D/C line,5,Erection/Construction,119,177,Line,400kV,"Manipur, Imphal; Nagaland, Kohima",272,TBCB,36,850,01-03-2017,100,90,92,85,88,Approved,0,100,150,210,128,200,1,Complete,100,75,82,213,225,1,Delayed,100,105,135,128,165,95,1,100,120,140,170,185,98,1,,,,,,,,,,,,,,,
North Eastern Region Strengthening Scheme (NERSS-VI) - Imphal-New Kohima 400 kV D/C line,6,Stringing/Cabling,124,182,Line,400kV,"Manipur, Imphal; Nagaland, Kohima",272,TBCB,36,850,01-03-2017,100,90,92,85,88,Approved,0,100,150,210,128,200,1,Complete,100,75,82,213,225,1,Delayed,100,105,135,128,165,95,1,100,120,140,170,185,98,1,100,80,85,85,90,99,Hilly,,,,,,,,
North Eastern Region Strengthening Scheme (NERSS-VI) - Imphal-New Kohima 400 kV D/C line,7,Testing & Commissioning,127,184,Line,400kV,"Manipur, Imphal; Nagaland, Kohima",272,TBCB,36,850,01-03-2017,100,90,92,85,88,Approved,0,100,150,210,128,200,1,Complete,100,75,82,213,225,1,Delayed,100,105,135,128,165,95,1,100,120,140,170,185,98,1,100,80,85,85,90,99,Hilly,100,45,48,43,45,Successful,15-11-2020,
Transmission System Associated with LTA applications from Rajasthan SEZ Part-D - Bikaner (PG) - Khetri S/S 765 kV D/C line,1,Planning/Engineering,-5,1,Line,765kV,"Rajasthan, Bikaner",480,TBCB,24,350,01-01-2020,100,90,85,35,36,Approved,0,,,,,,,,,,,,,,,,,,,,,,,,,,,,,,,,,,,,,,,,,,,
Transmission System Associated with LTA applications from Rajasthan SEZ Part-D - Bikaner (PG) - Khetri S/S 765 kV D/C line,2,Approvals & ROW,25,36.5,Line,765kV,"Rajasthan, Bikaner",480,TBCB,24,350,01-01-2020,100,90,85,35,36,Approved,0,100,150,180,52.5,70,1,Complete,,,,,,,,,,,,,,,,,,,,,,,,,,,,,,,,,,,,
Transmission System Associated with LTA applications from Rajasthan SEZ Part-D - Bikaner (PG) - Khetri S/S 765 kV D/C line,3,Procurement/Supply,30,43.5,Line,765kV,"Rajasthan, Bikaner",480,TBCB,24,350,01-01-2020,100,90,85,35,36,Approved,0,100,150,180,52.5,70,1,Complete,100,70,75,87.5,95,1,Delayed,,,,,,,,,,,,,,,,,,,,,,,,,,,,,
Transmission System Associated with LTA applications from Rajasthan SEZ Part-D - Bikaner (PG) - Khetri S/S 765 kV D/C line,4,Site Preparation/Civil,45,56,Line,765kV,"Rajasthan, Bikaner",480,TBCB,24,350,01-01-2020,100,90,85,35,36,Approved,0,100,150,180,52.5,70,1,Complete,100,70,75,87.5,95,1,Delayed,100,90,105,52.5,65,95,1,,,,,,,,,,,,,,,,,,,,,,
Transmission System Associated with LTA applications from Rajasthan SEZ Part-D - Bikaner (PG) - Khetri S/S 765 kV D/C line,5,Erection/Construction,60,64,Line,765kV,"Rajasthan, Bikaner",480,TBCB,24,350,01-01-2020,100,90,85,35,36,Approved,0,100,150,180,52.5,70,1,Complete,100,70,75,87.5,95,1,Delayed,100,90,105,52.5,65,95,1,100,120,135,70,78,98,1,,,,,,,,,,,,,,,
Transmission System Associated with LTA applications from Rajasthan SEZ Part-D - Bikaner (PG) - Khetri S/S 765 kV D/C line,6,Stringing/Cabling,62,66,Line,765kV,"Rajasthan, Bikaner",480,TBCB,24,350,01-01-2020,100,90,85,35,36,Approved,0,100,150,180,52.5,70,1,Complete,100,70,75,87.5,95,1,Delayed,100,90,105,52.5,65,95,1,100,120,135,70,78,98,1,100,80,82,35,37,99,Flat,,,,,,,,
Transmission System Associated with LTA applications from Rajasthan SEZ Part-D - Bikaner (PG) - Khetri S/S 765 kV D/C line,7,Testing & Commissioning,64,67.5,Line,765kV,"Rajasthan, Bikaner",480,TBCB,24,350,01-01-2020,100,90,85,35,36,Approved,0,100,150,180,52.5,70,1,Complete,100,70,75,87.5,95,1,Delayed,100,90,105,52.5,65,95,1,100,120,135,70,78,98,1,100,80,82,35,37,99,Flat,100,45,47,17.5,19,Successful,04-09-2021,
"Transmission System for Ultra Mega Solar Park in Fatehgarh, Distt. Jaisalmer Rajasthan - 765 kV Fatehgarh Pooling sub-station - Bhadla (PG) D/C line (to be operated at 400 kV)",1,Planning/Engineering,2,2.6,Line,400kV,"Rajasthan, Jaisalmer",180,TBCB,24,320,01-04-2018,100,90,92,32,34.6,Approved,1,,,,,,,,,,,,,,,,,,,,,,,,,,,,,,,,,,,,,,,,,,,
"Transmission System for Ultra Mega Solar Park in Fatehgarh, Distt. Jaisalmer Rajasthan - 765 kV Fatehgarh Pooling sub-station - Bhadla (PG) D/C line (to be operated at 400 kV)",2,Approvals & ROW,47,46.1,Line,400kV,"Rajasthan, Jaisalmer",180,TBCB,24,320,01-04-2018,100,90,92,32,34.6,Approved,1,100,150,195,48,72.5,1,Complete,,,,,,,,,,,,,,,,,,,,,,,,,,,,,,,,,,,,
"Transmission System for Ultra Mega Solar Park in Fatehgarh, Distt. Jaisalmer Rajasthan - 765 kV Fatehgarh Pooling sub-station - Bhadla (PG) D/C line (to be operated at 400 kV)",3,Procurement/Supply,49,53.1,Line,400kV,"Rajasthan, Jaisalmer",180,TBCB,24,320,01-04-2018,100,90,92,32,34.6,Approved,1,100,150,195,48,72.5,1,Complete,100,70,72,80,88,1,Delayed,,,,,,,,,,,,,,,,,,,,,,,,,,,,,
"Transmission System for Ultra Mega Solar Park in Fatehgarh, Distt. Jaisalmer Rajasthan - 765 kV Fatehgarh Pooling sub-station - Bhadla (PG) D/C line (to be operated at 400 kV)",4,Site Preparation/Civil,64,65.9,Line,400kV,"Rajasthan, Jaisalmer",180,TBCB,24,320,01-04-2018,100,90,92,32,34.6,Approved,1,100,150,195,48,72.5,1,Complete,100,70,72,80,88,1,Delayed,100,90,105,48,60.8,98,1,,,,,,,,,,,,,,,,,,,,,,
"Transmission System for Ultra Mega Solar Park in Fatehgarh, Distt. Jaisalmer Rajasthan - 765 kV Fatehgarh Pooling sub-station - Bhadla (PG) D/C line (to be operated at 400 kV)",5,Erection/Construction,79,78.7,Line,400kV,"Rajasthan, Jaisalmer",180,TBCB,24,320,01-04-2018,100,90,92,32,34.6,Approved,1,100,150,195,48,72.5,1,Complete,100,70,72,80,88,1,Delayed,100,90,105,48,60.8,98,1,100,120,135,64,72.8,97,1,,,,,,,,,,,,,,,
"Transmission System for Ultra Mega Solar Park in Fatehgarh, Distt. Jaisalmer Rajasthan - 765 kV Fatehgarh Pooling sub-station - Bhadla (PG) D/C line (to be operated at 400 kV)",6,Stringing/Cabling,81,80.9,Line,400kV,"Rajasthan, Jaisalmer",180,TBCB,24,320,01-04-2018,100,90,92,32,34.6,Approved,1,100,150,195,48,72.5,1,Complete,100,70,72,80,88,1,Delayed,100,90,105,48,60.8,98,1,100,120,135,64,72.8,97,1,100,80,82,32,34.2,99,Flat,,,,,,,,
"Transmission System for Ultra Mega Solar Park in Fatehgarh, Distt. Jaisalmer Rajasthan - 765 kV Fatehgarh Pooling sub-station - Bhadla (PG) D/C line (to be operated at 400 kV)",7,Testing & Commissioning,82,82,Line,400kV,"Rajasthan, Jaisalmer",180,TBCB,24,320,01-04-2018,100,90,92,32,34.6,Approved,1,100,150,195,48,72.5,1,Complete,100,70,72,80,88,1,Delayed,100,90,105,48,60.8,98,1,100,120,135,64,72.8,97,1,100,80,82,32,34.2,99,Flat,100,45,46,16,17.1,Successful,15-12-2019,
Transmission system associated with LTA applications from Rajasthan SEZ Part-A - Ajmer (PG)-Phagi (RVPN) 765kV D/C line,1,Planning/Engineering,-5,1,Line,765kV,"Rajasthan, Ajmer",268,TBCB,24,350,01-01-2019,100,90,85,35,36,Approved,0,,,,,,,,,,,,,,,,,,,,,,,,,,,,,,,,,,,,,,,,,,,
Transmission system associated with LTA applications from Rajasthan SEZ Part-A - Ajmer (PG)-Phagi (RVPN) 765kV D/C line,2,Approvals & ROW,40,84.75,Line,765kV,"Rajasthan, Ajmer",268,TBCB,24,350,01-01-2019,100,90,85,35,36,Approved,0,100,150,195,52.5,78.75,1,Complete,,,,,,,,,,,,,,,,,,,,,,,,,,,,,,,,,,,,
Transmission system associated with LTA applications from Rajasthan SEZ Part-A - Ajmer (PG)-Phagi (RVPN) 765kV D/C line,3,Procurement/Supply,45,89.25,Line,765kV,"Rajasthan, Ajmer",268,TBCB,24,350,01-01-2019,100,90,85,35,36,Approved,0,100,150,195,52.5,78.75,1,Complete,100,60,65,87.5,92.5,1,Delayed,,,,,,,,,,,,,,,,,,,,,,,,,,,,,
Transmission system associated with LTA applications from Rajasthan SEZ Part-A - Ajmer (PG)-Phagi (RVPN) 765kV D/C line,4,Site Preparation/Civil,60,99.75,Line,765kV,"Rajasthan, Ajmer",268,TBCB,24,350,01-01-2019,100,90,85,35,36,Approved,0,100,150,195,52.5,78.75,1,Complete,100,60,65,87.5,92.5,1,Delayed,100,90,105,52.5,63,95,1,,,,,,,,,,,,,,,,,,,,,,
Transmission system associated with LTA applications from Rajasthan SEZ Part-A - Ajmer (PG)-Phagi (RVPN) 765kV D/C line,5,Erection/Construction,75,106.75,Line,765kV,"Rajasthan, Ajmer",268,TBCB,24,350,01-01-2019,100,90,85,35,36,Approved,0,100,150,195,52.5,78.75,1,Complete,100,60,65,87.5,92.5,1,Delayed,100,90,105,52.5,63,95,1,100,120,135,70,77,98,1,,,,,,,,,,,,,,,
Transmission system associated with LTA applications from Rajasthan SEZ Part-A - Ajmer (PG)-Phagi (RVPN) 765kV D/C line,6,Stringing/Cabling,78,109.55,Line,765kV,"Rajasthan, Ajmer",268,TBCB,24,350,01-01-2019,100,90,85,35,36,Approved,0,100,150,195,52.5,78.75,1,Complete,100,60,65,87.5,92.5,1,Delayed,100,90,105,52.5,63,95,1,100,120,135,70,77,98,1,100,75,78,35,37.8,99,Flat,,,,,,,,
Transmission system associated with LTA applications from Rajasthan SEZ Part-A - Ajmer (PG)-Phagi (RVPN) 765kV D/C line,7,Testing & Commissioning,79,110.3,Line,765kV,"Rajasthan, Ajmer",268,TBCB,24,350,01-01-2019,100,90,85,35,36,Approved,0,100,150,195,52.5,78.75,1,Complete,100,60,65,87.5,92.5,1,Delayed,100,90,105,52.5,63,95,1,100,120,135,70,77,98,1,100,75,78,35,37.8,99,Flat,100,45,46,17.5,18.25,Successful,06-05-2021,
Transmission system associated with LTA applications from Rajasthan SEZ Part-B - Fatehgarh-II- Bhadla-II 765kV D/c line,1,Planning/Engineering,-2,1.6,Line,765kV,"Rajasthan, Jaisalmer",374,TBCB,30,320,01-01-2020,100,90,88,32,33.6,Approved,1,,,,,,,,,,,,,,,,,,,,,,,,,,,,,,,,,,,,,,,,,,,
Transmission system associated with LTA applications from Rajasthan SEZ Part-B - Fatehgarh-II- Bhadla-II 765kV D/c line,2,Approvals & ROW,43,25.6,Line,765kV,"Rajasthan, Jaisalmer",374,TBCB,30,320,01-01-2020,100,90,88,32,33.6,Approved,1,100,150,195,48,72,1,Complete,,,,,,,,,,,,,,,,,,,,,,,,,,,,,,,,,,,,
Transmission system associated with LTA applications from Rajasthan SEZ Part-B - Fatehgarh-II- Bhadla-II 765kV D/c line,3,Procurement/Supply,48,37.6,Line,765kV,"Rajasthan, Jaisalmer",374,TBCB,30,320,01-01-2020,100,90,88,32,33.6,Approved,1,100,150,195,48,72,1,Complete,100,70,75,80,92,1,Delayed,,,,,,,,,,,,,,,,,,,,,,,,,,,,,
Transmission system associated with LTA applications from Rajasthan SEZ Part-B - Fatehgarh-II- Bhadla-II 765kV D/c line,4,Site Preparation/Civil,73,49.6,Line,765kV,"Rajasthan, Jaisalmer",374,TBCB,30,320,01-01-2020,100,90,88,32,33.6,Approved,1,100,150,195,48,72,1,Complete,100,70,75,80,92,1,Delayed,100,100,125,48,60,96,1,,,,,,,,,,,,,,,,,,,,,,
Transmission system associated with LTA applications from Rajasthan SEZ Part-B - Fatehgarh-II- Bhadla-II 765kV D/c line,5,Erection/Construction,88,56.8,Line,765kV,"Rajasthan, Jaisalmer",374,TBCB,30,320,01-01-2020,100,90,88,32,33.6,Approved,1,100,150,195,48,72,1,Complete,100,70,75,80,92,1,Delayed,100,100,125,48,60,96,1,100,120,135,64,71.2,97,1,,,,,,,,,,,,,,,
Transmission system associated with LTA applications from Rajasthan SEZ Part-B - Fatehgarh-II- Bhadla-II 765kV D/c line,6,Stringing/Cabling,90,59.2,Line,765kV,"Rajasthan, Jaisalmer",374,TBCB,30,320,01-01-2020,100,90,88,32,33.6,Approved,1,100,150,195,48,72,1,Complete,100,70,75,80,92,1,Delayed,100,100,125,48,60,96,1,100,120,135,64,71.2,97,1,100,80,82,32,34.4,98,Flat,,,,,,,,
Transmission system associated with LTA applications from Rajasthan SEZ Part-B - Fatehgarh-II- Bhadla-II 765kV D/c line,7,Testing & Commissioning,91,60.8,Line,765kV,"Rajasthan, Jaisalmer",374,TBCB,30,320,01-01-2020,100,90,88,32,33.6,Approved,1,100,150,195,48,72,1,Complete,100,70,75,80,92,1,Delayed,100,100,125,48,60,96,1,100,120,135,64,71.2,97,1,100,80,82,32,34.4,98,Flat,100,45,46,16,17.6,Successful,15-12-2022,
Transmission system associated with LTA applications from Rajasthan SEZ Part-C - Khetri-Jhatikara 765kV D/c line,1,Planning/Engineering,2,1.35,Line,765kV,"Rajasthan, Jhunjhunu",220,TBCB,24,450,01-09-2019,100,90,92,45,46.35,Approved,0,,,,,,,,,,,,,,,,,,,,,,,,,,,,,,,,,,,,,,,,,,,
Transmission system associated with LTA applications from Rajasthan SEZ Part-C - Khetri-Jhatikara 765kV D/c line,2,Approvals & ROW,47,81.125,Line,765kV,"Rajasthan, Jhunjhunu",220,TBCB,24,450,01-09-2019,100,90,92,45,46.35,Approved,0,100,150,195,67.5,92.775,1,Complete,,,,,,,,,,,,,,,,,,,,,,,,,,,,,,,,,,,,
Transmission system associated with LTA applications from Rajasthan SEZ Part-C - Khetri-Jhatikara 765kV D/c line,3,Procurement/Supply,49,87.25,Line,765kV,"Rajasthan, Jhunjhunu",220,TBCB,24,450,01-09-2019,100,90,92,45,46.35,Approved,0,100,150,195,67.5,92.775,1,Complete,100,70,72,112.5,118.125,1,Delayed,,,,,,,,,,,,,,,,,,,,,,,,,,,,,
Transmission system associated with LTA applications from Rajasthan SEZ Part-C - Khetri-Jhatikara 765kV D/c line,4,Site Preparation/Civil,67,100.75,Line,765kV,"Rajasthan, Jhunjhunu",220,TBCB,24,450,01-09-2019,100,90,92,45,46.35,Approved,0,100,150,195,67.5,92.775,1,Complete,100,70,72,112.5,118.125,1,Delayed,100,90,108,67.5,81,96,1,,,,,,,,,,,,,,,,,,,,,,
Transmission system associated with LTA applications from Rajasthan SEZ Part-C - Khetri-Jhatikara 765kV D/c line,5,Erection/Construction,79,109.75,Line,765kV,"Rajasthan, Jhunjhunu",220,TBCB,24,450,01-09-2019,100,90,92,45,46.35,Approved,0,100,150,195,67.5,92.775,1,Complete,100,70,72,112.5,118.125,1,Delayed,100,90,108,67.5,81,96,1,100,120,132,90,99,97,1,,,,,,,,,,,,,,,
Transmission system associated with LTA applications from Rajasthan SEZ Part-C - Khetri-Jhatikara 765kV D/c line,6,Stringing/Cabling,81,111.55,Line,765kV,"Rajasthan, Jhunjhunu",220,TBCB,24,450,01-09-2019,100,90,92,45,46.35,Approved,0,100,150,195,67.5,92.775,1,Complete,100,70,72,112.5,118.125,1,Delayed,100,90,108,67.5,81,96,1,100,120,132,90,99,97,1,100,80,82,45,46.8,98,Hilly,,,,,,,,
Transmission system associated with LTA applications from Rajasthan SEZ Part-C - Khetri-Jhatikara 765kV D/c line,7,Testing & Commissioning,82,112.725,Line,765kV,"Rajasthan, Jhunjhunu",220,TBCB,24,450,01-09-2019,100,90,92,45,46.35,Approved,0,100,150,195,67.5,92.775,1,Complete,100,70,72,112.5,118.125,1,Delayed,100,90,108,67.5,81,96,1,100,120,132,90,99,97,1,100,80,82,45,46.8,98,Hilly,100,45,46,22.5,23.175,Successful,04-10-2021,
Transmission system associated with LTA applications from Rajasthan SEZ Part-C - Khetri-Sikar (PG) 400kV D/c line,1,Planning/Engineering,-5,-0.45,Line,400kV,"Rajasthan, Jhunjhunu-Sikar-Churu",78.1,TBCB,24,136.5,01-09-2019,100,90,85,13.65,13.2,Approved,0,,,,,,,,,,,,,,,,,,,,,,,,,,,,,,,,,,,,,,,,,,,
Transmission system associated with LTA applications from Rajasthan SEZ Part-C - Khetri-Sikar (PG) 400kV D/c line,2,Approvals & ROW,40,32.32,Line,400kV,"Rajasthan, Jhunjhunu-Sikar-Churu",78.1,TBCB,24,136.5,01-09-2019,100,90,85,13.65,13.2,Approved,0,100,150,195,20.48,32.77,1,Complete,,,,,,,,,,,,,,,,,,,,,,,,,,,,,,,,,,,,
Transmission system associated with LTA applications from Rajasthan SEZ Part-C - Khetri-Sikar (PG) 400kV D/c line,3,Procurement/Supply,42,33.22,Line,400kV,"Rajasthan, Jhunjhunu-Sikar-Churu",78.1,TBCB,24,136.5,01-09-2019,100,90,85,13.65,13.2,Approved,0,100,150,195,20.48,32.77,1,Complete,100,60,62,34.13,34.9,1,OnTime,,,,,,,,,,,,,,,,,,,,,,,,,,,,,
Transmission system associated with LTA applications from Rajasthan SEZ Part-C - Khetri-Sikar (PG) 400kV D/c line,4,Site Preparation/Civil,60,37.3,Line,400kV,"Rajasthan, Jhunjhunu-Sikar-Churu",78.1,TBCB,24,136.5,01-09-2019,100,90,85,13.65,13.2,Approved,0,100,150,195,20.48,32.77,1,Complete,100,60,62,34.13,34.9,1,OnTime,100,90,108,20.48,24.58,98,1,,,,,,,,,,,,,,,,,,,,,,
Transmission system associated with LTA applications from Rajasthan SEZ Part-C - Khetri-Sikar (PG) 400kV D/c line,5,Erection/Construction,72,38.96,Line,400kV,"Rajasthan, Jhunjhunu-Sikar-Churu",78.1,TBCB,24,136.5,01-09-2019,100,90,85,13.65,13.2,Approved,0,100,150,195,20.48,32.77,1,Complete,100,60,62,34.13,34.9,1,OnTime,100,90,108,20.48,24.58,98,1,100,120,132,27.3,29.03,97,1,,,,,,,,,,,,,,,
Transmission system associated with LTA applications from Rajasthan SEZ Part-C - Khetri-Sikar (PG) 400kV D/c line,6,Stringing/Cabling,75,39.4,Line,400kV,"Rajasthan, Jhunjhunu-Sikar-Churu",78.1,TBCB,24,136.5,01-09-2019,100,90,85,13.65,13.2,Approved,0,100,150,195,20.48,32.77,1,Complete,100,60,62,34.13,34.9,1,OnTime,100,90,108,20.48,24.58,98,1,100,120,132,27.3,29.03,97,1,100,75,78,13.65,14.09,99,Flat,,,,,,,,
Transmission system associated with LTA applications from Rajasthan SEZ Part-C - Khetri-Sikar (PG) 400kV D/c line,7,Testing & Commissioning,76,39.92,Line,400kV,"Rajasthan, Jhunjhunu-Sikar-Churu",78.1,TBCB,24,136.5,01-09-2019,100,90,85,13.65,13.2,Approved,0,100,150,195,20.48,32.77,1,Complete,100,60,62,34.13,34.9,1,OnTime,100,90,108,20.48,24.58,98,1,100,120,132,27.3,29.03,97,1,100,75,78,13.65,14.09,99,Flat,100,45,46,6.83,6.97,Successful,04-10-2021,
"Transmission system for NER System Strengthening Scheme-II (Part-B) and V (NER-IIB & V) - 2x315 MVA, 400/132 kV S/S at P.K. Bari",1,Planning/Engineering,-2,3,Substation,400kV,"Assam, Kamrup",630,EPC,24,350,01-01-2024,100,90,88,35,38,Approved,0,,,,,,,,,,,,,,,,,,,,,,,,,,,,,,,,,,,,,,,,,,,
"Transmission system for NER System Strengthening Scheme-II (Part-B) and V (NER-IIB & V) - 2x315 MVA, 400/132 kV S/S at P.K. Bari",2,Approvals & ROW,53,88,Substation,400kV,"Assam, Kamrup",630,EPC,24,350,01-01-2024,100,90,88,35,38,Approved,0,100,150,195,52.5,85,1,Complete,,,,,,,,,,,,,,,,,,,,,,,,,,,,,,,,,,,,
"Transmission system for NER System Strengthening Scheme-II (Part-B) and V (NER-IIB & V) - 2x315 MVA, 400/132 kV S/S at P.K. Bari",3,Procurement/Supply,55,99,Substation,400kV,"Assam, Kamrup",630,EPC,24,350,01-01-2024,100,90,88,35,38,Approved,0,100,150,195,52.5,85,1,Complete,100,70,72,87.5,98,1,OnTime,,,,,,,,,,,,,,,,,,,,,,,,,,,,,
"Transmission system for NER System Strengthening Scheme-II (Part-B) and V (NER-IIB & V) - 2x315 MVA, 400/132 kV S/S at P.K. Bari",4,Site Preparation/Civil,80,115,Substation,400kV,"Assam, Kamrup",630,EPC,24,350,01-01-2024,100,90,88,35,38,Approved,0,100,150,195,52.5,85,1,Complete,100,70,72,87.5,98,1,OnTime,100,100,125,52.5,68,98,1,,,,,,,,,,,,,,,,,,,,,,
"Transmission system for NER System Strengthening Scheme-II (Part-B) and V (NER-IIB & V) - 2x315 MVA, 400/132 kV S/S at P.K. Bari",5,Erection/Construction,95,127,Substation,400kV,"Assam, Kamrup",630,EPC,24,350,01-01-2024,100,90,88,35,38,Approved,0,100,150,195,52.5,85,1,Complete,100,70,72,87.5,98,1,OnTime,100,100,125,52.5,68,98,1,100,120,135,70,82,97,1,,,,,,,,,,,,,,,
"Transmission system for NER System Strengthening Scheme-II (Part-B) and V (NER-IIB & V) - 2x315 MVA, 400/132 kV S/S at P.K. Bari",6,Stringing/Cabling,97,131,Substation,400kV,"Assam, Kamrup",630,EPC,24,350,01-01-2024,100,90,88,35,38,Approved,0,100,150,195,52.5,85,1,Complete,100,70,72,87.5,98,1,OnTime,100,100,125,52.5,68,98,1,100,120,135,70,82,97,1,100,80,82,35,39,99,Forest,,,,,,,,
"Transmission system for NER System Strengthening Scheme-II (Part-B) and V (NER-IIB & V) - 2x315 MVA, 400/132 kV S/S at P.K. Bari",7,Testing & Commissioning,98,133,Substation,400kV,"Assam, Kamrup",630,EPC,24,350,01-01-2024,100,90,88,35,38,Approved,0,100,150,195,52.5,85,1,Complete,100,70,72,87.5,98,1,OnTime,100,100,125,52.5,68,98,1,100,120,135,70,82,97,1,100,80,82,35,39,99,Forest,100,45,46,17.5,19,Successful,03-07-2025,
"Transmission system for NER System Strengthening Scheme-II (Part-B) and V (NER-IIB & V) - 2x315 MVA, 400/132 kV S/S at Surajmaninagar",1,Planning/Engineering,-2,1,Substation,400kV,"Tripura, West Tripura",630,TBCB,24,350,01-01-2024,100,90,88,35,36,Approved,0,,,,,,,,,,,,,,,,,,,,,,,,,,,,,,,,,,,,,,,,,,,
"Transmission system for NER System Strengthening Scheme-II (Part-B) and V (NER-IIB & V) - 2x315 MVA, 400/132 kV S/S at Surajmaninagar",2,Approvals & ROW,43,82.75,Substation,400kV,"Tripura, West Tripura",630,TBCB,24,350,01-01-2024,100,90,88,35,36,Approved,0,100,150,195,52.5,78.75,1,Complete,,,,,,,,,,,,,,,,,,,,,,,,,,,,,,,,,,,,
"Transmission system for NER System Strengthening Scheme-II (Part-B) and V (NER-IIB & V) - 2x315 MVA, 400/132 kV S/S at Surajmaninagar",3,Procurement/Supply,45,87.75,Substation,400kV,"Tripura, West Tripura",630,TBCB,24,350,01-01-2024,100,90,88,35,36,Approved,0,100,150,195,52.5,78.75,1,Complete,100,70,72,87.5,92.5,1,OnTime,,,,,,,,,,,,,,,,,,,,,,,,,,,,,
"Transmission system for NER System Strengthening Scheme-II (Part-B) and V (NER-IIB & V) - 2x315 MVA, 400/132 kV S/S at Surajmaninagar",4,Site Preparation/Civil,70,102.5,Substation,400kV,"Tripura, West Tripura",630,TBCB,24,350,01-01-2024,100,90,88,35,36,Approved,0,100,150,195,52.5,78.75,1,Complete,100,70,72,87.5,92.5,1,OnTime,100,100,125,52.5,67.75,98,1,,,,,,,,,,,,,,,,,,,,,,
"Transmission system for NER System Strengthening Scheme-II (Part-B) and V (NER-IIB & V) - 2x315 MVA, 400/132 kV S/S at Surajmaninagar",5,Erection/Construction,82,109,Substation,400kV,"Tripura, West Tripura",630,TBCB,24,350,01-01-2024,100,90,88,35,36,Approved,0,100,150,195,52.5,78.75,1,Complete,100,70,72,87.5,92.5,1,OnTime,100,100,125,52.5,67.75,98,1,100,120,132,70,75.5,95,1,,,,,,,,,,,,,,,
"Transmission system for NER System Strengthening Scheme-II (Part-B) and V (NER-IIB & V) - 2x315 MVA, 400/132 kV S/S at Surajmaninagar",6,Stringing/Cabling,84,111.25,Substation,400kV,"Tripura, West Tripura",630,TBCB,24,350,01-01-2024,100,90,88,35,36,Approved,0,100,150,195,52.5,78.75,1,Complete,100,70,72,87.5,92.5,1,OnTime,100,100,125,52.5,67.75,98,1,100,120,132,70,75.5,95,1,100,80,82,35,36.75,98,Flat,,,,,,,,
"Transmission system for NER System Strengthening Scheme-II (Part-B) and V (NER-IIB & V) - 2x315 MVA, 400/132 kV S/S at Surajmaninagar",7,Testing & Commissioning,85,111.75,Substation,400kV,"Tripura, West Tripura",630,TBCB,24,350,01-01-2024,100,90,88,35,36,Approved,0,100,150,195,52.5,78.75,1,Complete,100,70,72,87.5,92.5,1,OnTime,100,100,125,52.5,67.75,98,1,100,120,132,70,75.5,95,1,100,80,82,35,36.75,98,Flat,100,45,46,17.5,18,Successful,15-12-2025,
Transmission system for NER System Strengthening Scheme-II (Part-B) and V (NER-IIB & V) - AGTPP (NEEPCO) - P.K. Bari (TSECL) 132 kV D/c line,1,Planning/Engineering,2,1.7,Line,400kV,"Tripura, Dhalai",85,EPC,24,185,01-01-2023,100,90,92,18.5,20.2,Approved,0,,,,,,,,,,,,,,,,,,,,,,,,,,,,,,,,,,,,,,,,,,,
Transmission system for NER System Strengthening Scheme-II (Part-B) and V (NER-IIB & V) - AGTPP (NEEPCO) - P.K. Bari (TSECL) 132 kV D/c line,2,Approvals & ROW,47,36.8,Line,400kV,"Tripura, Dhalai",85,EPC,24,185,01-01-2023,100,90,92,18.5,20.2,Approved,0,100,150,195,27.8,42.3,1,Complete,,,,,,,,,,,,,,,,,,,,,,,,,,,,,,,,,,,,
Transmission system for NER System Strengthening Scheme-II (Part-B) and V (NER-IIB & V) - AGTPP (NEEPCO) - P.K. Bari (TSECL) 132 kV D/c line,3,Procurement/Supply,49,39.6,Line,400kV,"Tripura, Dhalai",85,EPC,24,185,01-01-2023,100,90,92,18.5,20.2,Approved,0,100,150,195,27.8,42.3,1,Complete,100,70,72,46.3,49.1,1,OnTime,,,,,,,,,,,,,,,,,,,,,,,,,,,,,
Transmission system for NER System Strengthening Scheme-II (Part-B) and V (NER-IIB & V) - AGTPP (NEEPCO) - P.K. Bari (TSECL) 132 kV D/c line,4,Site Preparation/Civil,74,48.2,Line,400kV,"Tripura, Dhalai",85,EPC,24,185,01-01-2023,100,90,92,18.5,20.2,Approved,0,100,150,195,27.8,42.3,1,Complete,100,70,72,46.3,49.1,1,OnTime,100,100,125,27.8,36.1,96,1,,,,,,,,,,,,,,,,,,,,,,
Transmission system for NER System Strengthening Scheme-II (Part-B) and V (NER-IIB & V) - AGTPP (NEEPCO) - P.K. Bari (TSECL) 132 kV D/c line,5,Erection/Construction,86,51.5,Line,400kV,"Tripura, Dhalai",85,EPC,24,185,01-01-2023,100,90,92,18.5,20.2,Approved,0,100,150,195,27.8,42.3,1,Complete,100,70,72,46.3,49.1,1,OnTime,100,100,125,27.8,36.1,96,1,100,120,132,37,40.3,97,1,,,,,,,,,,,,,,,
Transmission system for NER System Strengthening Scheme-II (Part-B) and V (NER-IIB & V) - AGTPP (NEEPCO) - P.K. Bari (TSECL) 132 kV D/c line,6,Stringing/Cabling,88,52.4,Line,400kV,"Tripura, Dhalai",85,EPC,24,185,01-01-2023,100,90,92,18.5,20.2,Approved,0,100,150,195,27.8,42.3,1,Complete,100,70,72,46.3,49.1,1,OnTime,100,100,125,27.8,36.1,96,1,100,120,132,37,40.3,97,1,100,80,82,18.5,19.4,98,Hilly,,,,,,,,
Transmission system for NER System Strengthening Scheme-II (Part-B) and V (NER-IIB & V) - AGTPP (NEEPCO) - P.K. Bari (TSECL) 132 kV D/c line,7,Testing & Commissioning,89,52.9,Line,400kV,"Tripura, Dhalai",85,EPC,24,185,01-01-2023,100,90,92,18.5,20.2,Approved,0,100,150,195,27.8,42.3,1,Complete,100,70,72,46.3,49.1,1,OnTime,100,100,125,27.8,36.1,96,1,100,120,132,37,40.3,97,1,100,80,82,18.5,19.4,98,Hilly,100,45,46,9.3,9.8,Successful,15-12-2024,
Transmission system for NER System Strengthening Scheme-II (Part-B) and V (NER-IIB & V) - Biswanath Chariyalli (PG) - Itanagar 132kV D/c (Zebra) line,1,Planning/Engineering,2,2.7,Line,132kV,"Arunachal Pradesh, Papum Pare",120,TBCB,24,180,01-01-2018,100,90,92,18,20.7,Approved,0,,,,,,,,,,,,,,,,,,,,,,,,,,,,,,,,,,,,,,,,,,,
Transmission system for NER System Strengthening Scheme-II (Part-B) and V (NER-IIB & V) - Biswanath Chariyalli (PG) - Itanagar 132kV D/c (Zebra) line,2,Approvals & ROW,62,50.6,Line,132kV,"Arunachal Pradesh, Papum Pare",120,TBCB,24,180,01-01-2018,100,90,92,18,20.7,Approved,0,100,150,210,27,45.9,1,Complete,,,,,,,,,,,,,,,,,,,,,,,,,,,,,,,,,,,,
Transmission system for NER System Strengthening Scheme-II (Part-B) and V (NER-IIB & V) - Biswanath Chariyalli (PG) - Itanagar 132kV D/c (Zebra) line,3,Procurement/Supply,65,54.1,Line,132kV,"Arunachal Pradesh, Papum Pare",120,TBCB,24,180,01-01-2018,100,90,92,18,20.7,Approved,0,100,150,210,27,45.9,1,Complete,100,75,78,45,49.5,1,Delayed,,,,,,,,,,,,,,,,,,,,,,,,,,,,,
Transmission system for NER System Strengthening Scheme-II (Part-B) and V (NER-IIB & V) - Biswanath Chariyalli (PG) - Itanagar 132kV D/c (Zebra) line,4,Site Preparation/Civil,95,65.9,Line,132kV,"Arunachal Pradesh, Papum Pare",120,TBCB,24,180,01-01-2018,100,90,92,18,20.7,Approved,0,100,150,210,27,45.9,1,Complete,100,75,78,45,49.5,1,Delayed,100,90,120,27,37.8,95,1,,,,,,,,,,,,,,,,,,,,,,
Transmission system for NER System Strengthening Scheme-II (Part-B) and V (NER-IIB & V) - Biswanath Chariyalli (PG) - Itanagar 132kV D/c (Zebra) line,5,Erection/Construction,110,76.4,Line,132kV,"Arunachal Pradesh, Papum Pare",120,TBCB,24,180,01-01-2018,100,90,92,18,20.7,Approved,0,100,150,210,27,45.9,1,Complete,100,75,78,45,49.5,1,Delayed,100,90,120,27,37.8,95,1,100,120,135,36,40.5,96,1,,,,,,,,,,,,,,,
Transmission system for NER System Strengthening Scheme-II (Part-B) and V (NER-IIB & V) - Biswanath Chariyalli (PG) - Itanagar 132kV D/c (Zebra) line,6,Stringing/Cabling,112,78.2,Line,132kV,"Arunachal Pradesh, Papum Pare",120,TBCB,24,180,01-01-2018,100,90,92,18,20.7,Approved,0,100,150,210,27,45.9,1,Complete,100,75,78,45,49.5,1,Delayed,100,90,120,27,37.8,95,1,100,120,135,36,40.5,96,1,100,80,82,18,19.8,98,Hilly,,,,,,,,
Transmission system for NER System Strengthening Scheme-II (Part-B) and V (NER-IIB & V) - Biswanath Chariyalli (PG) - Itanagar 132kV D/c (Zebra) line,7,Testing & Commissioning,113,79.1,Line,132kV,"Arunachal Pradesh, Papum Pare",120,TBCB,24,180,01-01-2018,100,90,92,18,20.7,Approved,0,100,150,210,27,45.9,1,Complete,100,75,78,45,49.5,1,Delayed,100,90,120,27,37.8,95,1,100,120,135,36,40.5,96,1,100,80,82,18,19.8,98,Hilly,100,45,46,9,9.9,Successful,15-03-2021,
Transmission system for NER System Strengthening Scheme-II (Part-B) and V (NER-IIB & V) - Silchar (PG)-Misa (PG) 400kV D/c (Q) line,1,Planning/Engineering,-5,1,Line,400kV,"Assam, Cachar",356,TBCB,44,350,30-11-2020,100,90,85,35,36,Approved,0,,,,,,,,,,,,,,,,,,,,,,,,,,,,,,,,,,,,,,,,,,,
Transmission system for NER System Strengthening Scheme-II (Part-B) and V (NER-IIB & V) - Silchar (PG)-Misa (PG) 400kV D/c (Q) line,2,Approvals & ROW,55,51,Line,400kV,"Assam, Cachar",356,TBCB,44,350,30-11-2020,100,90,85,35,36,Approved,0,100,150,210,52.5,85,1,Complete,,,,,,,,,,,,,,,,,,,,,,,,,,,,,,,,,,,,
Transmission system for NER System Strengthening Scheme-II (Part-B) and V (NER-IIB & V) - Silchar (PG)-Misa (PG) 400kV D/c (Q) line,3,Procurement/Supply,57,55.5,Line,400kV,"Assam, Cachar",356,TBCB,44,350,30-11-2020,100,90,85,35,36,Approved,0,100,150,210,52.5,85,1,Complete,100,70,72,87.5,92,1,OnTime,,,,,,,,,,,,,,,,,,,,,,,,,,,,,
Transmission system for NER System Strengthening Scheme-II (Part-B) and V (NER-IIB & V) - Silchar (PG)-Misa (PG) 400kV D/c (Q) line,4,Site Preparation/Civil,87,71,Line,400kV,"Assam, Cachar",356,TBCB,44,350,30-11-2020,100,90,85,35,36,Approved,0,100,150,210,52.5,85,1,Complete,100,70,72,87.5,92,1,OnTime,100,100,130,52.5,68,95,1,,,,,,,,,,,,,,,,,,,,,,
Transmission system for NER System Strengthening Scheme-II (Part-B) and V (NER-IIB & V) - Silchar (PG)-Misa (PG) 400kV D/c (Q) line,5,Erection/Construction,102,86.5,Line,400kV,"Assam, Cachar",356,TBCB,44,350,30-11-2020,100,90,85,35,36,Approved,0,100,150,210,52.5,85,1,Complete,100,70,72,87.5,92,1,OnTime,100,100,130,52.5,68,95,1,100,120,135,70,78,97,1,,,,,,,,,,,,,,,
Transmission system for NER System Strengthening Scheme-II (Part-B) and V (NER-IIB & V) - Silchar (PG)-Misa (PG) 400kV D/c (Q) line,6,Stringing/Cabling,104,88.5,Line,400kV,"Assam, Cachar",356,TBCB,44,350,30-11-2020,100,90,85,35,36,Approved,0,100,150,210,52.5,85,1,Complete,100,70,72,87.5,92,1,OnTime,100,100,130,52.5,68,95,1,100,120,135,70,78,97,1,100,80,82,35,37,98,Forest,,,,,,,,
Transmission system for NER System Strengthening Scheme-II (Part-B) and V (NER-IIB & V) - Silchar (PG)-Misa (PG) 400kV D/c (Q) line,7,Testing & Commissioning,105,89,Line,400kV,"Assam, Cachar",356,TBCB,44,350,30-11-2020,100,90,85,35,36,Approved,0,100,150,210,52.5,85,1,Complete,100,70,72,87.5,92,1,OnTime,100,100,130,52.5,68,95,1,100,120,135,70,78,97,1,100,80,82,35,37,98,Forest,100,45,46,17.5,18,Successful,27-02-2025,
Transmission system for NER System Strengthening Scheme-II (Part-B) and V (NER-IIB & V) - Surajmaninagar - P. K. Bari 400 kV D/C line,1,Planning/Engineering,-5,1.4,Line,400kV,"Tripura, West Tripura",59.57,TBCB,24,350,01-03-2017,100,90,85,35,36.4,Approved,0,,,,,,,,,,,,,,,,,,,,,,,,,,,,,,,,,,,,,,,,,,,
Transmission system for NER System Strengthening Scheme-II (Part-B) and V (NER-IIB & V) - Surajmaninagar - P. K. Bari 400 kV D/C line,2,Approvals & ROW,40,81.75,Line,400kV,"Tripura, West Tripura",59.57,TBCB,24,350,01-03-2017,100,90,85,35,36.4,Approved,0,100,150,195,52.5,78.75,1,Complete,,,,,,,,,,,,,,,,,,,,,,,,,,,,,,,,,,,,
Transmission system for NER System Strengthening Scheme-II (Part-B) and V (NER-IIB & V) - Surajmaninagar - P. K. Bari 400 kV D/C line,3,Procurement/Supply,42,86.5,Line,400kV,"Tripura, West Tripura",59.57,TBCB,24,350,01-03-2017,100,90,85,35,36.4,Approved,0,100,150,195,52.5,78.75,1,Complete,100,60,62,87.5,92.25,1,OnTime,,,,,,,,,,,,,,,,,,,,,,,,,,,,,
Transmission system for NER System Strengthening Scheme-II (Part-B) and V (NER-IIB & V) - Surajmaninagar - P. K. Bari 400 kV D/C line,4,Site Preparation/Civil,60,96.75,Line,400kV,"Tripura, West Tripura",59.57,TBCB,24,350,01-03-2017,100,90,85,35,36.4,Approved,0,100,150,195,52.5,78.75,1,Complete,100,60,62,87.5,92.25,1,OnTime,100,90,108,52.5,63,98,1,,,,,,,,,,,,,,,,,,,,,,
Transmission system for NER System Strengthening Scheme-II (Part-B) and V (NER-IIB & V) - Surajmaninagar - P. K. Bari 400 kV D/C line,5,Erection/Construction,75,103.75,Line,400kV,"Tripura, West Tripura",59.57,TBCB,24,350,01-03-2017,100,90,85,35,36.4,Approved,0,100,150,195,52.5,78.75,1,Complete,100,60,62,87.5,92.25,1,OnTime,100,90,108,52.5,63,98,1,100,120,135,70,77,99,1,,,,,,,,,,,,,,,
Transmission system for NER System Strengthening Scheme-II (Part-B) and V (NER-IIB & V) - Surajmaninagar - P. K. Bari 400 kV D/C line,6,Stringing/Cabling,78,105.5,Line,400kV,"Tripura, West Tripura",59.57,TBCB,24,350,01-03-2017,100,90,85,35,36.4,Approved,0,100,150,195,52.5,78.75,1,Complete,100,60,62,87.5,92.25,1,OnTime,100,90,108,52.5,63,98,1,100,120,135,70,77,99,1,100,75,78,35,36.75,99,Flat,,,,,,,,
Transmission system for NER System Strengthening Scheme-II (Part-B) and V (NER-IIB & V) - Surajmaninagar - P. K. Bari 400 kV D/C line,7,Testing & Commissioning,81,106.25,Line,400kV,"Tripura, West Tripura",59.57,TBCB,24,350,01-03-2017,100,90,85,35,36.4,Approved,0,100,150,195,52.5,78.75,1,Complete,100,60,62,87.5,92.25,1,OnTime,100,90,108,52.5,63,98,1,100,120,135,70,77,99,1,100,75,78,35,36.75,99,Flat,100,45,48,17.5,18.25,Successful,31-03-2021,
(WRSS-21) Part-A-Transmission System Strengthening for Relieving Over Loadings Observed in Gujarat Intra-State System Due to Re-injections in Bhuj PS - Bhuj PS - Lakadia PS 765 kV D/C line,1,Planning/Engineering,-5,1.4,Line,765kV,"Gujarat, Kutch",220,TBCB,30,350,01-08-2019,100,90,85,35,36.4,Approved,0,,,,,,,,,,,,,,,,,,,,,,,,,,,,,,,,,,,,,,,,,,,
(WRSS-21) Part-A-Transmission System Strengthening for Relieving Over Loadings Observed in Gujarat Intra-State System Due to Re-injections in Bhuj PS - Bhuj PS - Lakadia PS 765 kV D/C line,2,Approvals & ROW,40,81.75,Line,765kV,"Gujarat, Kutch",220,TBCB,30,350,01-08-2019,100,90,85,35,36.4,Approved,0,100,150,195,52.5,78.75,1,Complete,,,,,,,,,,,,,,,,,,,,,,,,,,,,,,,,,,,,
(WRSS-21) Part-A-Transmission System Strengthening for Relieving Over Loadings Observed in Gujarat Intra-State System Due to Re-injections in Bhuj PS - Bhuj PS - Lakadia PS 765 kV D/C line,3,Procurement/Supply,48,178.5,Line,765kV,"Gujarat, Kutch",220,TBCB,30,350,01-08-2019,100,90,85,35,36.4,Approved,0,100,150,195,52.5,78.75,1,Complete,100,70,78,87.5,98.75,1,Delayed,,,,,,,,,,,,,,,,,,,,,,,,,,,,,
(WRSS-21) Part-A-Transmission System Strengthening for Relieving Over Loadings Observed in Gujarat Intra-State System Due to Re-injections in Bhuj PS - Bhuj PS - Lakadia PS 765 kV D/C line,4,Site Preparation/Civil,73,250.125,Line,765kV,"Gujarat, Kutch",220,TBCB,30,350,01-08-2019,100,90,85,35,36.4,Approved,0,100,150,195,52.5,78.75,1,Complete,100,70,78,87.5,98.75,1,Delayed,100,100,125,52.5,71.625,98,1,,,,,,,,,,,,,,,,,,,,,,
(WRSS-21) Part-A-Transmission System Strengthening for Relieving Over Loadings Observed in Gujarat Intra-State System Due to Re-injections in Bhuj PS - Bhuj PS - Lakadia PS 765 kV D/C line,5,Erection/Construction,91,334.125,Line,765kV,"Gujarat, Kutch",220,TBCB,30,350,01-08-2019,100,90,85,35,36.4,Approved,0,100,150,195,52.5,78.75,1,Complete,100,70,78,87.5,98.75,1,Delayed,100,100,125,52.5,71.625,98,1,100,120,138,70,84,96,1,,,,,,,,,,,,,,,
(WRSS-21) Part-A-Transmission System Strengthening for Relieving Over Loadings Observed in Gujarat Intra-State System Due to Re-injections in Bhuj PS - Bhuj PS - Lakadia PS 765 kV D/C line,6,Stringing/Cabling,93,357.625,Line,765kV,"Gujarat, Kutch",220,TBCB,30,350,01-08-2019,100,90,85,35,36.4,Approved,0,100,150,195,52.5,78.75,1,Complete,100,70,78,87.5,98.75,1,Delayed,100,100,125,52.5,71.625,98,1,100,120,138,70,84,96,1,100,80,82,35,38.5,98,Flat,,,,,,,,
(WRSS-21) Part-A-Transmission System Strengthening for Relieving Over Loadings Observed in Gujarat Intra-State System Due to Re-injections in Bhuj PS - Bhuj PS - Lakadia PS 765 kV D/C line,7,Testing & Commissioning,94,378.375,Line,765kV,"Gujarat, Kutch",220,TBCB,30,350,01-08-2019,100,90,85,35,36.4,Approved,0,100,150,195,52.5,78.75,1,Complete,100,70,78,87.5,98.75,1,Delayed,100,100,125,52.5,71.625,98,1,100,120,138,70,84,96,1,100,80,82,35,38.5,98,Flat,100,45,46,17.5,18.25,Successful,15-12-2021,
"(WRSS-21) Part-A-Trasnsmission System Strengthening for Relieving Over Loadings Observed in Gujarat Intra-State System Due to Re-injections in Bhuj PS - Establishment of 2x1500 MVA, 765/400 kV Lakadia PS with 765 kV (1x330 MVAR) & 420 kV (1x125 MVAR) bus reactor",1,Planning/Engineering,-2,2,Substation,765kV,"Gujarat, Kutch",3000,TBCB,24,850,01-08-2019,100,90,88,85,87,Approved,0,,,,,,,,,,,,,,,,,,,,,,,,,,,,,,,,,,,,,,,,,,,
"(WRSS-21) Part-A-Trasnsmission System Strengthening for Relieving Over Loadings Observed in Gujarat Intra-State System Due to Re-injections in Bhuj PS - Establishment of 2x1500 MVA, 765/400 kV Lakadia PS with 765 kV (1x330 MVAR) & 420 kV (1x125 MVAR) bus reactor",2,Approvals & ROW,13,82,Substation,765kV,"Gujarat, Kutch",3000,TBCB,24,850,01-08-2019,100,90,88,85,87,Approved,0,100,150,165,127.5,170,1,Complete,,,,,,,,,,,,,,,,,,,,,,,,,,,,,,,,,,,,
"(WRSS-21) Part-A-Trasnsmission System Strengthening for Relieving Over Loadings Observed in Gujarat Intra-State System Due to Re-injections in Bhuj PS - Establishment of 2x1500 MVA, 765/400 kV Lakadia PS with 765 kV (1x330 MVAR) & 420 kV (1x125 MVAR) bus reactor",3,Procurement/Supply,18,95,Substation,765kV,"Gujarat, Kutch",3000,TBCB,24,850,01-08-2019,100,90,88,85,87,Approved,0,100,150,165,127.5,170,1,Complete,100,70,75,212.5,225,1,Delayed,,,,,,,,,,,,,,,,,,,,,,,,,,,,,
"(WRSS-21) Part-A-Trasnsmission System Strengthening for Relieving Over Loadings Observed in Gujarat Intra-State System Due to Re-injections in Bhuj PS - Establishment of 2x1500 MVA, 765/400 kV Lakadia PS with 765 kV (1x330 MVAR) & 420 kV (1x125 MVAR) bus reactor",4,Site Preparation/Civil,33,118,Substation,765kV,"Gujarat, Kutch",3000,TBCB,24,850,01-08-2019,100,90,88,85,87,Approved,0,100,150,165,127.5,170,1,Complete,100,70,75,212.5,225,1,Delayed,100,90,105,127.5,150,98,1,,,,,,,,,,,,,,,,,,,,,,
"(WRSS-21) Part-A-Trasnsmission System Strengthening for Relieving Over Loadings Observed in Gujarat Intra-State System Due to Re-injections in Bhuj PS - Establishment of 2x1500 MVA, 765/400 kV Lakadia PS with 765 kV (1x330 MVAR) & 420 kV (1x125 MVAR) bus reactor",5,Erection/Construction,43,130,Substation,765kV,"Gujarat, Kutch",3000,TBCB,24,850,01-08-2019,100,90,88,85,87,Approved,0,100,150,165,127.5,170,1,Complete,100,70,75,212.5,225,1,Delayed,100,90,105,127.5,150,98,1,100,120,130,170,182,100,1,,,,,,,,,,,,,,,
"(WRSS-21) Part-A-Trasnsmission System Strengthening for Relieving Over Loadings Observed in Gujarat Intra-State System Due to Re-injections in Bhuj PS - Establishment of 2x1500 MVA, 765/400 kV Lakadia PS with 765 kV (1x330 MVAR) & 420 kV (1x125 MVAR) bus reactor",6,Stringing/Cabling,45,133,Substation,765kV,"Gujarat, Kutch",3000,TBCB,24,850,01-08-2019,100,90,88,85,87,Approved,0,100,150,165,127.5,170,1,Complete,100,70,75,212.5,225,1,Delayed,100,90,105,127.5,150,98,1,100,120,130,170,182,100,1,100,80,82,85,88,100,Flat,,,,,,,,
"(WRSS-21) Part-A-Trasnsmission System Strengthening for Relieving Over Loadings Observed in Gujarat Intra-State System Due to Re-injections in Bhuj PS - Establishment of 2x1500 MVA, 765/400 kV Lakadia PS with 765 kV (1x330 MVAR) & 420 kV (1x125 MVAR) bus reactor",7,Testing & Commissioning,47,136,Substation,765kV,"Gujarat, Kutch",3000,TBCB,24,850,01-08-2019,100,90,88,85,87,Approved,0,100,150,165,127.5,170,1,Complete,100,70,75,212.5,225,1,Delayed,100,90,105,127.5,150,98,1,100,120,130,170,182,100,1,100,80,82,85,88,100,Flat,100,45,47,42.5,45,Successful,15-12-2020,
(WRSS-21) Part-A-Trasnsmission System Strengthening for Relieving Over Loadings Observed in Gujarat Intra-State System Due to Re-injections in Bhuj PS - LILO of Bhachau - EPGL line 400 kV D/C (triple) line at Lakadia PS,1,Planning/Engineering,-5,-1,Line,400kV,"Gujarat, Kutch",20,TBCB,24,250,01-08-2019,100,90,85,25,24,Approved,0,,,,,,,,,,,,,,,,,,,,,,,,,,,,,,,,,,,,,,,,,,,
(WRSS-21) Part-A-Trasnsmission System Strengthening for Relieving Over Loadings Observed in Gujarat Intra-State System Due to Re-injections in Bhuj PS - LILO of Bhachau - EPGL line 400 kV D/C (triple) line at Lakadia PS,2,Approvals & ROW,10,27,Line,400kV,"Gujarat, Kutch",20,TBCB,24,250,01-08-2019,100,90,85,25,24,Approved,0,100,150,165,37.5,52,1,Complete,,,,,,,,,,,,,,,,,,,,,,,,,,,,,,,,,,,,
(WRSS-21) Part-A-Trasnsmission System Strengthening for Relieving Over Loadings Observed in Gujarat Intra-State System Due to Re-injections in Bhuj PS - LILO of Bhachau - EPGL line 400 kV D/C (triple) line at Lakadia PS,3,Procurement/Supply,12,30,Line,400kV,"Gujarat, Kutch",20,TBCB,24,250,01-08-2019,100,90,85,25,24,Approved,0,100,150,165,37.5,52,1,Complete,100,60,62,62.5,65,1,OnTime,,,,,,,,,,,,,,,,,,,,,,,,,,,,,
(WRSS-21) Part-A-Trasnsmission System Strengthening for Relieving Over Loadings Observed in Gujarat Intra-State System Due to Re-injections in Bhuj PS - LILO of Bhachau - EPGL line 400 kV D/C (triple) line at Lakadia PS,4,Site Preparation/Civil,27,41,Line,400kV,"Gujarat, Kutch",20,TBCB,24,250,01-08-2019,100,90,85,25,24,Approved,0,100,150,165,37.5,52,1,Complete,100,60,62,62.5,65,1,OnTime,100,90,105,37.5,48,98,1,,,,,,,,,,,,,,,,,,,,,,
(WRSS-21) Part-A-Trasnsmission System Strengthening for Relieving Over Loadings Observed in Gujarat Intra-State System Due to Re-injections in Bhuj PS - LILO of Bhachau - EPGL line 400 kV D/C (triple) line at Lakadia PS,5,Erection/Construction,32,43,Line,400kV,"Gujarat, Kutch",20,TBCB,24,250,01-08-2019,100,90,85,25,24,Approved,0,100,150,165,37.5,52,1,Complete,100,60,62,62.5,65,1,OnTime,100,90,105,37.5,48,98,1,100,120,125,50,52,97,1,,,,,,,,,,,,,,,
(WRSS-21) Part-A-Trasnsmission System Strengthening for Relieving Over Loadings Observed in Gujarat Intra-State System Due to Re-injections in Bhuj PS - LILO of Bhachau - EPGL line 400 kV D/C (triple) line at Lakadia PS,6,Stringing/Cabling,29,42,Line,400kV,"Gujarat, Kutch",20,TBCB,24,250,01-08-2019,100,90,85,25,24,Approved,0,100,150,165,37.5,52,1,Complete,100,60,62,62.5,65,1,OnTime,100,90,105,37.5,48,98,1,100,120,125,50,52,97,1,100,75,72,25,24,99,Flat,,,,,,,,
(WRSS-21) Part-A-Trasnsmission System Strengthening for Relieving Over Loadings Observed in Gujarat Intra-State System Due to Re-injections in Bhuj PS - LILO of Bhachau - EPGL line 400 kV D/C (triple) line at Lakadia PS,7,Testing & Commissioning,26,43,Line,400kV,"Gujarat, Kutch",20,TBCB,24,250,01-08-2019,100,90,85,25,24,Approved,0,100,150,165,37.5,52,1,Complete,100,60,62,62.5,65,1,OnTime,100,90,105,37.5,48,98,1,100,120,125,50,52,97,1,100,75,72,25,24,99,Flat,100,45,42,12.5,13,Successful,15-12-2020,
"Connectivity system for Khargone TPP (2x660 MW) - Establishment of 2x1500MVA, 765/400kV, pooling station at Khandwa",1,Planning/Engineering,-2,1,Substation,765kV,"Madhya Pradesh, Khandwa",3000,TBCB,24,450,01-01-2020,100,90,88,45,46,Approved,0,,,,,,,,,,,,,,,,,,,,,,,,,,,,,,,,,,,,,,,,,,,
"Connectivity system for Khargone TPP (2x660 MW) - Establishment of 2x1500MVA, 765/400kV, pooling station at Khandwa",2,Approvals & ROW,13,19,Substation,765kV,"Madhya Pradesh, Khandwa",3000,TBCB,24,450,01-01-2020,100,90,88,45,46,Approved,0,100,150,165,67.5,85,1,Complete,,,,,,,,,,,,,,,,,,,,,,,,,,,,,,,,,,,,
"Connectivity system for Khargone TPP (2x660 MW) - Establishment of 2x1500MVA, 765/400kV, pooling station at Khandwa",3,Procurement/Supply,15,25,Substation,765kV,"Madhya Pradesh, Khandwa",3000,TBCB,24,450,01-01-2020,100,90,88,45,46,Approved,0,100,150,165,67.5,85,1,Complete,100,70,72,112.5,118,1,Delayed,,,,,,,,,,,,,,,,,,,,,,,,,,,,,
"Connectivity system for Khargone TPP (2x660 MW) - Establishment of 2x1500MVA, 765/400kV, pooling station at Khandwa",4,Site Preparation/Civil,30,36,Substation,765kV,"Madhya Pradesh, Khandwa",3000,TBCB,24,450,01-01-2020,100,90,88,45,46,Approved,0,100,150,165,67.5,85,1,Complete,100,70,72,112.5,118,1,Delayed,100,100,115,67.5,78,98,1,,,,,,,,,,,,,,,,,,,,,,
"Connectivity system for Khargone TPP (2x660 MW) - Establishment of 2x1500MVA, 765/400kV, pooling station at Khandwa",5,Erection/Construction,38,43,Substation,765kV,"Madhya Pradesh, Khandwa",3000,TBCB,24,450,01-01-2020,100,90,88,45,46,Approved,0,100,150,165,67.5,85,1,Complete,100,70,72,112.5,118,1,Delayed,100,100,115,67.5,78,98,1,100,120,128,90,97,97,1,,,,,,,,,,,,,,,
"Connectivity system for Khargone TPP (2x660 MW) - Establishment of 2x1500MVA, 765/400kV, pooling station at Khandwa",6,Stringing/Cabling,40,44,Substation,765kV,"Madhya Pradesh, Khandwa",3000,TBCB,24,450,01-01-2020,100,90,88,45,46,Approved,0,100,150,165,67.5,85,1,Complete,100,70,72,112.5,118,1,Delayed,100,100,115,67.5,78,98,1,100,120,128,90,97,97,1,100,80,82,45,46,99,Flat,,,,,,,,
"Connectivity system for Khargone TPP (2x660 MW) - Establishment of 2x1500MVA, 765/400kV, pooling station at Khandwa",7,Testing & Commissioning,41,45,Substation,765kV,"Madhya Pradesh, Khandwa",3000,TBCB,24,450,01-01-2020,100,90,88,45,46,Approved,0,100,150,165,67.5,85,1,Complete,100,70,72,112.5,118,1,Delayed,100,100,115,67.5,78,98,1,100,120,128,90,97,97,1,100,80,82,45,46,99,Flat,100,45,46,22.5,23,Successful,15-12-2021,
Connectivity system for Khargone TPP (2x660 MW) - Khandwa Pool - Indore 765kV D/C line,1,Planning/Engineering,-2,2,Line,765kV,"Madhya Pradesh, Khargone",220,EPC,24,320,01-01-2024,100,90,88,32,34,Approved,0,,,,,,,,,,,,,,,,,,,,,,,,,,,,,,,,,,,,,,,,,,,
Connectivity system for Khargone TPP (2x660 MW) - Khandwa Pool - Indore 765kV D/C line,2,Approvals & ROW,28,74,Line,765kV,"Madhya Pradesh, Khargone",220,EPC,24,320,01-01-2024,100,90,88,32,34,Approved,0,100,150,180,48,72,1,Complete,,,,,,,,,,,,,,,,,,,,,,,,,,,,,,,,,,,,
Connectivity system for Khargone TPP (2x660 MW) - Khandwa Pool - Indore 765kV D/C line,3,Procurement/Supply,33,134,Line,765kV,"Madhya Pradesh, Khargone",220,EPC,24,320,01-01-2024,100,90,88,32,34,Approved,0,100,150,180,48,72,1,Complete,100,70,75,80,92,1,Delayed,,,,,,,,,,,,,,,,,,,,,,,,,,,,,
Connectivity system for Khargone TPP (2x660 MW) - Khandwa Pool - Indore 765kV D/C line,4,Site Preparation/Civil,53,182,Line,765kV,"Madhya Pradesh, Khargone",220,EPC,24,320,01-01-2024,100,90,88,32,34,Approved,0,100,150,180,48,72,1,Complete,100,70,75,80,92,1,Delayed,100,90,110,48,60,98,1,,,,,,,,,,,,,,,,,,,,,,
Connectivity system for Khargone TPP (2x660 MW) - Khandwa Pool - Indore 765kV D/C line,5,Erection/Construction,68,227,Line,765kV,"Madhya Pradesh, Khargone",220,EPC,24,320,01-01-2024,100,90,88,32,34,Approved,0,100,150,180,48,72,1,Complete,100,70,75,80,92,1,Delayed,100,90,110,48,60,98,1,100,120,135,64,75,96,1,,,,,,,,,,,,,,,
Connectivity system for Khargone TPP (2x660 MW) - Khandwa Pool - Indore 765kV D/C line,6,Stringing/Cabling,70,230,Line,765kV,"Madhya Pradesh, Khargone",220,EPC,24,320,01-01-2024,100,90,88,32,34,Approved,0,100,150,180,48,72,1,Complete,100,70,75,80,92,1,Delayed,100,90,110,48,60,98,1,100,120,135,64,75,96,1,100,80,82,32,35,98,Flat,,,,,,,,
Connectivity system for Khargone TPP (2x660 MW) - Khandwa Pool - Indore 765kV D/C line,7,Testing & Commissioning,71,231,Line,765kV,"Madhya Pradesh, Khargone",220,EPC,24,320,01-01-2024,100,90,88,32,34,Approved,0,100,150,180,48,72,1,Complete,100,70,75,80,92,1,Delayed,100,90,110,48,60,98,1,100,120,135,64,75,96,1,100,80,82,32,35,98,Flat,100,45,46,16,17,Successful,15-10-2025,
Development of Additional Inter regional AC link for import into Southern region i.e Warora-Warangal and Chilakaluripeta - Hyderabad - Kurnool 765 kV link - Warangal (New) - Warangal (existing) 400 kV (quad) D/C line,1,Planning/Engineering,-2,1,Line,765kV,"Maharashtra, Chandrapur; Telangana, Warangal; Andhra Pradesh, Kurnool",1756,TBCB,30,350,01-04-2016,100,90,88,35,36,Approved,0,,,,,,,,,,,,,,,,,,,,,,,,,,,,,,,,,,,,,,,,,,,
Development of Additional Inter regional AC link for import into Southern region i.e Warora-Warangal and Chilakaluripeta - Hyderabad - Kurnool 765 kV link - Warangal (New) - Warangal (existing) 400 kV (quad) D/C line,2,Approvals & ROW,28,36.5,Line,765kV,"Maharashtra, Chandrapur; Telangana, Warangal; Andhra Pradesh, Kurnool",1756,TBCB,30,350,01-04-2016,100,90,88,35,36,Approved,0,100,150,180,52.5,70,1,Complete,,,,,,,,,,,,,,,,,,,,,,,,,,,,,,,,,,,,
Development of Additional Inter regional AC link for import into Southern region i.e Warora-Warangal and Chilakaluripeta - Hyderabad - Kurnool 765 kV link - Warangal (New) - Warangal (existing) 400 kV (quad) D/C line,3,Procurement/Supply,33,43.5,Line,765kV,"Maharashtra, Chandrapur; Telangana, Warangal; Andhra Pradesh, Kurnool",1756,TBCB,30,350,01-04-2016,100,90,88,35,36,Approved,0,100,150,180,52.5,70,1,Complete,100,70,75,87.5,95,1,Delayed,,,,,,,,,,,,,,,,,,,,,,,,,,,,,
Development of Additional Inter regional AC link for import into Southern region i.e Warora-Warangal and Chilakaluripeta - Hyderabad - Kurnool 765 kV link - Warangal (New) - Warangal (existing) 400 kV (quad) D/C line,4,Site Preparation/Civil,53,55.5,Line,765kV,"Maharashtra, Chandrapur; Telangana, Warangal; Andhra Pradesh, Kurnool",1756,TBCB,30,350,01-04-2016,100,90,88,35,36,Approved,0,100,150,180,52.5,70,1,Complete,100,70,75,87.5,95,1,Delayed,100,90,110,52.5,65,95,1,,,,,,,,,,,,,,,,,,,,,,
Development of Additional Inter regional AC link for import into Southern region i.e Warora-Warangal and Chilakaluripeta - Hyderabad - Kurnool 765 kV link - Warangal (New) - Warangal (existing) 400 kV (quad) D/C line,5,Erection/Construction,68,63.5,Line,765kV,"Maharashtra, Chandrapur; Telangana, Warangal; Andhra Pradesh, Kurnool",1756,TBCB,30,350,01-04-2016,100,90,88,35,36,Approved,0,100,150,180,52.5,70,1,Complete,100,70,75,87.5,95,1,Delayed,100,90,110,52.5,65,95,1,100,120,135,70,78,98,1,,,,,,,,,,,,,,,
Development of Additional Inter regional AC link for import into Southern region i.e Warora-Warangal and Chilakaluripeta - Hyderabad - Kurnool 765 kV link - Warangal (New) - Warangal (existing) 400 kV (quad) D/C line,6,Stringing/Cabling,70,65.5,Line,765kV,"Maharashtra, Chandrapur; Telangana, Warangal; Andhra Pradesh, Kurnool",1756,TBCB,30,350,01-04-2016,100,90,88,35,36,Approved,0,100,150,180,52.5,70,1,Complete,100,70,75,87.5,95,1,Delayed,100,90,110,52.5,65,95,1,100,120,135,70,78,98,1,100,80,82,35,37,99,Flat,,,,,,,,
Development of Additional Inter regional AC link for import into Southern region i.e Warora-Warangal and Chilakaluripeta - Hyderabad - Kurnool 765 kV link - Warangal (New) - Warangal (existing) 400 kV (quad) D/C line,7,Testing & Commissioning,71,66,Line,765kV,"Maharashtra, Chandrapur; Telangana, Warangal; Andhra Pradesh, Kurnool",1756,TBCB,30,350,01-04-2016,100,90,88,35,36,Approved,0,100,150,180,52.5,70,1,Complete,100,70,75,87.5,95,1,Delayed,100,90,110,52.5,65,95,1,100,120,135,70,78,98,1,100,80,82,35,37,99,Flat,100,45,46,17.5,18,Successful,19-10-2023,
Development of Additional Inter regional AC link for import into Southern region i.e Warora-Warangal and Chilakaluripeta - Hyderabad - Kurnool 765 kV link - Warora (Pool) - Warangal (New) 765 kV D/C line with 240 MVAR switchable line reactor at both ends,1,Planning/Engineering,-2,1,Line,765kV,"Maharashtra, Chandrapur; Telangana, Warangal; Andhra Pradesh, Kurnool",665,TBCB,30,350,01-04-2016,100,90,88,35,36,Approved,1,,,,,,,,,,,,,,,,,,,,,,,,,,,,,,,,,,,,,,,,,,,
Development of Additional Inter regional AC link for import into Southern region i.e Warora-Warangal and Chilakaluripeta - Hyderabad - Kurnool 765 kV link - Warora (Pool) - Warangal (New) 765 kV D/C line with 240 MVAR switchable line reactor at both ends,2,Approvals & ROW,43,82.75,Line,765kV,"Maharashtra, Chandrapur; Telangana, Warangal; Andhra Pradesh, Kurnool",665,TBCB,30,350,01-04-2016,100,90,88,35,36,Approved,1,100,150,195,52.5,78.75,1,Complete,,,,,,,,,,,,,,,,,,,,,,,,,,,,,,,,,,,,
Development of Additional Inter regional AC link for import into Southern region i.e Warora-Warangal and Chilakaluripeta - Hyderabad - Kurnool 765 kV link - Warora (Pool) - Warangal (New) 765 kV D/C line with 240 MVAR switchable line reactor at both ends,3,Procurement/Supply,50,93,Line,765kV,"Maharashtra, Chandrapur; Telangana, Warangal; Andhra Pradesh, Kurnool",665,TBCB,30,350,01-04-2016,100,90,88,35,36,Approved,1,100,150,195,52.5,78.75,1,Complete,100,75,82,87.5,98.25,1,Delayed,,,,,,,,,,,,,,,,,,,,,,,,,,,,,
Development of Additional Inter regional AC link for import into Southern region i.e Warora-Warangal and Chilakaluripeta - Hyderabad - Kurnool 765 kV link - Warora (Pool) - Warangal (New) 765 kV D/C line with 240 MVAR switchable line reactor at both ends,4,Site Preparation/Civil,75,109,Line,765kV,"Maharashtra, Chandrapur; Telangana, Warangal; Andhra Pradesh, Kurnool",665,TBCB,30,350,01-04-2016,100,90,88,35,36,Approved,1,100,150,195,52.5,78.75,1,Complete,100,75,82,87.5,98.25,1,Delayed,100,100,125,52.5,67.75,95,1,,,,,,,,,,,,,,,,,,,,,,
Development of Additional Inter regional AC link for import into Southern region i.e Warora-Warangal and Chilakaluripeta - Hyderabad - Kurnool 765 kV link - Warora (Pool) - Warangal (New) 765 kV D/C line with 240 MVAR switchable line reactor at both ends,5,Erection/Construction,90,116,Line,765kV,"Maharashtra, Chandrapur; Telangana, Warangal; Andhra Pradesh, Kurnool",665,TBCB,30,350,01-04-2016,100,90,88,35,36,Approved,1,100,150,195,52.5,78.75,1,Complete,100,75,82,87.5,98.25,1,Delayed,100,100,125,52.5,67.75,95,1,100,120,135,70,77,98,1,,,,,,,,,,,,,,,
Development of Additional Inter regional AC link for import into Southern region i.e Warora-Warangal and Chilakaluripeta - Hyderabad - Kurnool 765 kV link - Warora (Pool) - Warangal (New) 765 kV D/C line with 240 MVAR switchable line reactor at both ends,6,Stringing/Cabling,95,119.55,Line,765kV,"Maharashtra, Chandrapur; Telangana, Warangal; Andhra Pradesh, Kurnool",665,TBCB,30,350,01-04-2016,100,90,88,35,36,Approved,1,100,150,195,52.5,78.75,1,Complete,100,75,82,87.5,98.25,1,Delayed,100,100,125,52.5,67.75,95,1,100,120,135,70,77,98,1,100,80,85,35,37.8,99,Flat,,,,,,,,
Development of Additional Inter regional AC link for import into Southern region i.e Warora-Warangal and Chilakaluripeta - Hyderabad - Kurnool 765 kV link - Warora (Pool) - Warangal (New) 765 kV D/C line with 240 MVAR switchable line reactor at both ends,7,Testing & Commissioning,97,120.25,Line,765kV,"Maharashtra, Chandrapur; Telangana, Warangal; Andhra Pradesh, Kurnool",665,TBCB,30,350,01-04-2016,100,90,88,35,36,Approved,1,100,150,195,52.5,78.75,1,Complete,100,75,82,87.5,98.25,1,Delayed,100,100,125,52.5,67.75,95,1,100,120,135,70,77,98,1,100,80,85,35,37.8,99,Flat,100,45,47,17.5,18.7,Successful,19-10-2023,
"Eastern Region Strengthening Scheme-XVIII - 2x1500 MVA, 765/400 kV Substation at Jeerat (New)",1,Planning/Engineering,2,28,Substation,765kV,"West Bengal, Paschim Medinipur",3000,TBCB,30,3500,21-02-2017,100,90,92,350,378,Approved,1,,,,,,,,,,,,,,,,,,,,,,,,,,,,,,,,,,,,,,,,,,,
"Eastern Region Strengthening Scheme-XVIII - 2x1500 MVA, 765/400 kV Substation at Jeerat (New)",2,Approvals & ROW,47,492,Substation,765kV,"West Bengal, Paschim Medinipur",3000,TBCB,30,3500,21-02-2017,100,90,92,350,378,Approved,1,100,150,195,525,819,1,Complete,,,,,,,,,,,,,,,,,,,,,,,,,,,,,,,,,,,,
"Eastern Region Strengthening Scheme-XVIII - 2x1500 MVA, 765/400 kV Substation at Jeerat (New)",3,Procurement/Supply,54,583,Substation,765kV,"West Bengal, Paschim Medinipur",3000,TBCB,30,3500,21-02-2017,100,90,92,350,378,Approved,1,100,150,195,525,819,1,Complete,100,75,82,875,966,1,Delayed,,,,,,,,,,,,,,,,,,,,,,,,,,,,,
"Eastern Region Strengthening Scheme-XVIII - 2x1500 MVA, 765/400 kV Substation at Jeerat (New)",4,Site Preparation/Civil,76,793,Substation,765kV,"West Bengal, Paschim Medinipur",3000,TBCB,30,3500,21-02-2017,100,90,92,350,378,Approved,1,100,150,195,525,819,1,Complete,100,75,82,875,966,1,Delayed,100,90,112,525,735,98,1,,,,,,,,,,,,,,,,,,,,,,
"Eastern Region Strengthening Scheme-XVIII - 2x1500 MVA, 765/400 kV Substation at Jeerat (New)",5,Erection/Construction,94,991,Substation,765kV,"West Bengal, Paschim Medinipur",3000,TBCB,30,3500,21-02-2017,100,90,92,350,378,Approved,1,100,150,195,525,819,1,Complete,100,75,82,875,966,1,Delayed,100,90,112,525,735,98,1,100,120,138,700,798,97,1,,,,,,,,,,,,,,,
"Eastern Region Strengthening Scheme-XVIII - 2x1500 MVA, 765/400 kV Substation at Jeerat (New)",6,Stringing/Cabling,99,1026,Substation,765kV,"West Bengal, Paschim Medinipur",3000,TBCB,30,3500,21-02-2017,100,90,92,350,378,Approved,1,100,150,195,525,819,1,Complete,100,75,82,875,966,1,Delayed,100,90,112,525,735,98,1,100,120,138,700,798,97,1,100,80,85,350,385,99,Flat,,,,,,,,
"Eastern Region Strengthening Scheme-XVIII - 2x1500 MVA, 765/400 kV Substation at Jeerat (New)",7,Testing & Commissioning,102,1053,Substation,765kV,"West Bengal, Paschim Medinipur",3000,TBCB,30,3500,21-02-2017,100,90,92,350,378,Approved,1,100,150,195,525,819,1,Complete,100,75,82,875,966,1,Delayed,100,90,112,525,735,98,1,100,120,138,700,798,97,1,100,80,85,350,385,99,Flat,100,45,48,175,187,Successful,01-10-2022,
"Eastern Region Strengthening Scheme-XVIII - 2x1500 MVA, 765/400 kV Substation at Medinipur",1,Planning/Engineering,2,8,Substation,765kV,"West Bengal, Paschim Medinipur",3000,TBCB,30,800,17-11-2016,100,90,92,80,88,Approved,0,,,,,,,,,,,,,,,,,,,,,,,,,,,,,,,,,,,,,,,,,,,
"Eastern Region Strengthening Scheme-XVIII - 2x1500 MVA, 765/400 kV Substation at Medinipur",2,Approvals & ROW,62,168,Substation,765kV,"West Bengal, Paschim Medinipur",3000,TBCB,30,800,17-11-2016,100,90,92,80,88,Approved,0,100,150,210,120,180,1,Complete,,,,,,,,,,,,,,,,,,,,,,,,,,,,,,,,,,,,
"Eastern Region Strengthening Scheme-XVIII - 2x1500 MVA, 765/400 kV Substation at Medinipur",3,Procurement/Supply,69,198,Substation,765kV,"West Bengal, Paschim Medinipur",3000,TBCB,30,800,17-11-2016,100,90,92,80,88,Approved,0,100,150,210,120,180,1,Complete,100,75,82,200,230,1,Delayed,,,,,,,,,,,,,,,,,,,,,,,,,,,,,
"Eastern Region Strengthening Scheme-XVIII - 2x1500 MVA, 765/400 kV Substation at Medinipur",4,Site Preparation/Civil,94,228,Substation,765kV,"West Bengal, Paschim Medinipur",3000,TBCB,30,800,17-11-2016,100,90,92,80,88,Approved,0,100,150,210,120,180,1,Complete,100,75,82,200,230,1,Delayed,100,100,125,120,150,95,1,,,,,,,,,,,,,,,,,,,,,,
"Eastern Region Strengthening Scheme-XVIII - 2x1500 MVA, 765/400 kV Substation at Medinipur",5,Erection/Construction,109,253,Substation,765kV,"West Bengal, Paschim Medinipur",3000,TBCB,30,800,17-11-2016,100,90,92,80,88,Approved,0,100,150,210,120,180,1,Complete,100,75,82,200,230,1,Delayed,100,100,125,120,150,95,1,100,120,135,160,185,98,1,,,,,,,,,,,,,,,
"Eastern Region Strengthening Scheme-XVIII - 2x1500 MVA, 765/400 kV Substation at Medinipur",6,Stringing/Cabling,114,265,Substation,765kV,"West Bengal, Paschim Medinipur",3000,TBCB,30,800,17-11-2016,100,90,92,80,88,Approved,0,100,150,210,120,180,1,Complete,100,75,82,200,230,1,Delayed,100,100,125,120,150,95,1,100,120,135,160,185,98,1,100,80,85,80,92,97,Flat,,,,,,,,
"Eastern Region Strengthening Scheme-XVIII - 2x1500 MVA, 765/400 kV Substation at Medinipur",7,Testing & Commissioning,117,270,Substation,765kV,"West Bengal, Paschim Medinipur",3000,TBCB,30,800,17-11-2016,100,90,92,80,88,Approved,0,100,150,210,120,180,1,Complete,100,75,82,200,230,1,Delayed,100,100,125,120,150,95,1,100,120,135,160,185,98,1,100,80,85,80,92,97,Flat,100,45,48,40,45,Successful,15-04-2022,
Eastern Region Strengthening Scheme-XVIII - LILO of Jeerat (WBSETCL) - Subhasgram (PG) 400kV at Rajarhat,1,Planning/Engineering,-5,1.8,Line,400kV,"West Bengal, North 24 Parganas",25,EPC,24,180,01-01-2021,100,90,85,18,19.8,Approved,0,,,,,,,,,,,,,,,,,,,,,,,,,,,,,,,,,,,,,,,,,,,
Eastern Region Strengthening Scheme-XVIII - LILO of Jeerat (WBSETCL) - Subhasgram (PG) 400kV at Rajarhat,2,Approvals & ROW,40,49.7,Line,400kV,"West Bengal, North 24 Parganas",25,EPC,24,180,01-01-2021,100,90,85,18,19.8,Approved,0,100,150,195,27,45.9,0,Complete,,,,,,,,,,,,,,,,,,,,,,,,,,,,,,,,,,,,
Eastern Region Strengthening Scheme-XVIII - LILO of Jeerat (WBSETCL) - Subhasgram (PG) 400kV at Rajarhat,3,Procurement/Supply,42,99.2,Line,400kV,"West Bengal, North 24 Parganas",25,EPC,24,180,01-01-2021,100,90,85,18,19.8,Approved,0,100,150,195,27,45.9,0,Complete,100,60,62,45,49.5,1,OnTime,,,,,,,,,,,,,,,,,,,,,,,,,,,,,
Eastern Region Strengthening Scheme-XVIII - LILO of Jeerat (WBSETCL) - Subhasgram (PG) 400kV at Rajarhat,4,Site Preparation/Civil,57,131.6,Line,400kV,"West Bengal, North 24 Parganas",25,EPC,24,180,01-01-2021,100,90,85,18,19.8,Approved,0,100,150,195,27,45.9,0,Complete,100,60,62,45,49.5,1,OnTime,100,90,105,27,32.4,98,1,,,,,,,,,,,,,,,,,,,,,,
Eastern Region Strengthening Scheme-XVIII - LILO of Jeerat (WBSETCL) - Subhasgram (PG) 400kV at Rajarhat,5,Erection/Construction,67,171.2,Line,400kV,"West Bengal, North 24 Parganas",25,EPC,24,180,01-01-2021,100,90,85,18,19.8,Approved,0,100,150,195,27,45.9,0,Complete,100,60,62,45,49.5,1,OnTime,100,90,105,27,32.4,98,1,100,120,130,36,39.6,96,1,,,,,,,,,,,,,,,
Eastern Region Strengthening Scheme-XVIII - LILO of Jeerat (WBSETCL) - Subhasgram (PG) 400kV at Rajarhat,6,Stringing/Cabling,68,191,Line,400kV,"West Bengal, North 24 Parganas",25,EPC,24,180,01-01-2021,100,90,85,18,19.8,Approved,0,100,150,195,27,45.9,0,Complete,100,60,62,45,49.5,1,OnTime,100,90,105,27,32.4,98,1,100,120,130,36,39.6,96,1,100,75,76,18,19.8,98,Flat,,,,,,,,
Eastern Region Strengthening Scheme-XVIII - LILO of Jeerat (WBSETCL) - Subhasgram (PG) 400kV at Rajarhat,7,Testing & Commissioning,69,200.9,Line,400kV,"West Bengal, North 24 Parganas",25,EPC,24,180,01-01-2021,100,90,85,18,19.8,Approved,0,100,150,195,27,45.9,0,Complete,100,60,62,45,49.5,1,OnTime,100,90,105,27,32.4,98,1,100,120,130,36,39.6,96,1,100,75,76,18,19.8,98,Flat,100,45,46,9,9.9,Successful,15-12-2022,
Eastern Region Strengthening Scheme-XVIII - Medinipur - Jeerat (New) 765kV D/C line,1,Planning/Engineering,-2,5,Line,765kV,"West Bengal, Paschim Medinipur",200,TBCB,30,1200,17-11-2016,100,90,88,120,125,Approved,0,,,,,,,,,,,,,,,,,,,,,,,,,,,,,,,,,,,,,,,,,,,
Eastern Region Strengthening Scheme-XVIII - Medinipur - Jeerat (New) 765kV D/C line,2,Approvals & ROW,43,155,Line,765kV,"West Bengal, Paschim Medinipur",200,TBCB,30,1200,17-11-2016,100,90,88,120,125,Approved,0,100,150,195,180,270,1,Complete,,,,,,,,,,,,,,,,,,,,,,,,,,,,,,,,,,,,
Eastern Region Strengthening Scheme-XVIII - Medinipur - Jeerat (New) 765kV D/C line,3,Procurement/Supply,48,185,Line,765kV,"West Bengal, Paschim Medinipur",200,TBCB,30,1200,17-11-2016,100,90,88,120,125,Approved,0,100,150,195,180,270,1,Complete,100,70,75,300,330,1,Delayed,,,,,,,,,,,,,,,,,,,,,,,,,,,,,
Eastern Region Strengthening Scheme-XVIII - Medinipur - Jeerat (New) 765kV D/C line,4,Site Preparation/Civil,70,230,Line,765kV,"West Bengal, Paschim Medinipur",200,TBCB,30,1200,17-11-2016,100,90,88,120,125,Approved,0,100,150,195,180,270,1,Complete,100,70,75,300,330,1,Delayed,100,90,112,180,225,98,1,,,,,,,,,,,,,,,,,,,,,,
Eastern Region Strengthening Scheme-XVIII - Medinipur - Jeerat (New) 765kV D/C line,5,Erection/Construction,85,260,Line,765kV,"West Bengal, Paschim Medinipur",200,TBCB,30,1200,17-11-2016,100,90,88,120,125,Approved,0,100,150,195,180,270,1,Complete,100,70,75,300,330,1,Delayed,100,90,112,180,225,98,1,100,120,135,240,270,97,1,,,,,,,,,,,,,,,
Eastern Region Strengthening Scheme-XVIII - Medinipur - Jeerat (New) 765kV D/C line,6,Stringing/Cabling,87,272,Line,765kV,"West Bengal, Paschim Medinipur",200,TBCB,30,1200,17-11-2016,100,90,88,120,125,Approved,0,100,150,195,180,270,1,Complete,100,70,75,300,330,1,Delayed,100,90,112,180,225,98,1,100,120,135,240,270,97,1,100,80,82,120,132,99,Flat,,,,,,,,
Eastern Region Strengthening Scheme-XVIII - Medinipur - Jeerat (New) 765kV D/C line,7,Testing & Commissioning,89,278,Line,765kV,"West Bengal, Paschim Medinipur",200,TBCB,30,1200,17-11-2016,100,90,88,120,125,Approved,0,100,150,195,180,270,1,Complete,100,70,75,300,330,1,Delayed,100,90,112,180,225,98,1,100,120,135,240,270,97,1,100,80,82,120,132,99,Flat,100,45,47,60,66,Successful,15-10-2022,
"Transmission System for Jam Khambaliya Pooling Station and Interconnection of Jam Khambaliya Pooling Station for Providing Connectivity to RE Projects - 1x500 MVA, 400/220 ICT at CGPL Mundra switchyard",1,Planning/Engineering,-5,0.7,Substation,400kV,"Gujarat, Jamnagar",500,TBCB,24,328,01-09-2022,100,90,85,32.8,33.5,Approved,0,,,,,,,,,,,,,,,,,,,,,,,,,,,,,,,,,,,,,,,,,,,
"Transmission System for Jam Khambaliya Pooling Station and Interconnection of Jam Khambaliya Pooling Station for Providing Connectivity to RE Projects - 1x500 MVA, 400/220 ICT at CGPL Mundra switchyard",2,Approvals & ROW,10,6.5,Substation,400kV,"Gujarat, Jamnagar",500,TBCB,24,328,01-09-2022,100,90,85,32.8,33.5,Approved,0,100,150,165,49.2,58,0,Complete,,,,,,,,,,,,,,,,,,,,,,,,,,,,,,,,,,,,
"Transmission System for Jam Khambaliya Pooling Station and Interconnection of Jam Khambaliya Pooling Station for Providing Connectivity to RE Projects - 1x500 MVA, 400/220 ICT at CGPL Mundra switchyard",3,Procurement/Supply,12,8.8,Substation,400kV,"Gujarat, Jamnagar",500,TBCB,24,328,01-09-2022,100,90,85,32.8,33.5,Approved,0,100,150,165,49.2,58,0,Complete,100,60,62,82,84.5,1,OnTime,,,,,,,,,,,,,,,,,,,,,,,,,,,,,
"Transmission System for Jam Khambaliya Pooling Station and Interconnection of Jam Khambaliya Pooling Station for Providing Connectivity to RE Projects - 1x500 MVA, 400/220 ICT at CGPL Mundra switchyard",4,Site Preparation/Civil,17,10.7,Substation,400kV,"Gujarat, Jamnagar",500,TBCB,24,328,01-09-2022,100,90,85,32.8,33.5,Approved,0,100,150,165,49.2,58,0,Complete,100,60,62,82,84.5,1,OnTime,100,90,95,49.2,51.2,98,1,,,,,,,,,,,,,,,,,,,,,,
"Transmission System for Jam Khambaliya Pooling Station and Interconnection of Jam Khambaliya Pooling Station for Providing Connectivity to RE Projects - 1x500 MVA, 400/220 ICT at CGPL Mundra switchyard",5,Erection/Construction,25,13,Substation,400kV,"Gujarat, Jamnagar",500,TBCB,24,328,01-09-2022,100,90,85,32.8,33.5,Approved,0,100,150,165,49.2,58,0,Complete,100,60,62,82,84.5,1,OnTime,100,90,95,49.2,51.2,98,1,100,120,128,65.6,68,95,1,,,,,,,,,,,,,,,
"Transmission System for Jam Khambaliya Pooling Station and Interconnection of Jam Khambaliya Pooling Station for Providing Connectivity to RE Projects - 1x500 MVA, 400/220 ICT at CGPL Mundra switchyard",6,Stringing/Cabling,26,13.9,Substation,400kV,"Gujarat, Jamnagar",500,TBCB,24,328,01-09-2022,100,90,85,32.8,33.5,Approved,0,100,150,165,49.2,58,0,Complete,100,60,62,82,84.5,1,OnTime,100,90,95,49.2,51.2,98,1,100,120,128,65.6,68,95,1,100,75,76,32.8,33.2,98,Flat,,,,,,,,
"Transmission System for Jam Khambaliya Pooling Station and Interconnection of Jam Khambaliya Pooling Station for Providing Connectivity to RE Projects - 1x500 MVA, 400/220 ICT at CGPL Mundra switchyard",7,Testing & Commissioning,27,14.4,Substation,400kV,"Gujarat, Jamnagar",500,TBCB,24,328,01-09-2022,100,90,85,32.8,33.5,Approved,0,100,150,165,49.2,58,0,Complete,100,60,62,82,84.5,1,OnTime,100,90,95,49.2,51.2,98,1,100,120,128,65.6,68,95,1,100,75,76,32.8,33.2,98,Flat,100,45,46,16.4,16.8,Successful,05-05-2024,
"Transmission System for Jam Khambaliya Pooling Station and Interconnection of Jam Khambaliya Pooling Station for Providing Connectivity to RE Projects - Establishment of 4x500 MVA, 400/220 kV Jam Khambhaliya PS (GIS)",1,Planning/Engineering,-2,-3,Substation,400kV,"Gujarat, Devbhoomi Dwarka",2000,TBCB,30,850,01-01-2022,100,90,88,85,82,Approved,0,,,,,,,,,,,,,,,,,,,,,,,,,,,,,,,,,,,,,,,,,,,
"Transmission System for Jam Khambaliya Pooling Station and Interconnection of Jam Khambaliya Pooling Station for Providing Connectivity to RE Projects - Establishment of 4x500 MVA, 400/220 kV Jam Khambhaliya PS (GIS)",2,Approvals & ROW,13,85,Substation,400kV,"Gujarat, Devbhoomi Dwarka",2000,TBCB,30,850,01-01-2022,100,90,88,85,82,Approved,0,100,150,165,127.5,170,0,Complete,,,,,,,,,,,,,,,,,,,,,,,,,,,,,,,,,,,,
"Transmission System for Jam Khambaliya Pooling Station and Interconnection of Jam Khambaliya Pooling Station for Providing Connectivity to RE Projects - Establishment of 4x500 MVA, 400/220 kV Jam Khambhaliya PS (GIS)",3,Procurement/Supply,15,88,Substation,400kV,"Gujarat, Devbhoomi Dwarka",2000,TBCB,30,850,01-01-2022,100,90,88,85,82,Approved,0,100,150,165,127.5,170,0,Complete,100,70,72,212.5,215,1,OnTime,,,,,,,,,,,,,,,,,,,,,,,,,,,,,
"Transmission System for Jam Khambaliya Pooling Station and Interconnection of Jam Khambaliya Pooling Station for Providing Connectivity to RE Projects - Establishment of 4x500 MVA, 400/220 kV Jam Khambhaliya PS (GIS)",4,Site Preparation/Civil,20,96,Substation,400kV,"Gujarat, Devbhoomi Dwarka",2000,TBCB,30,850,01-01-2022,100,90,88,85,82,Approved,0,100,150,165,127.5,170,0,Complete,100,70,72,212.5,215,1,OnTime,100,90,95,127.5,135,98,1,,,,,,,,,,,,,,,,,,,,,,
"Transmission System for Jam Khambaliya Pooling Station and Interconnection of Jam Khambaliya Pooling Station for Providing Connectivity to RE Projects - Establishment of 4x500 MVA, 400/220 kV Jam Khambhaliya PS (GIS)",5,Erection/Construction,28,104,Substation,400kV,"Gujarat, Devbhoomi Dwarka",2000,TBCB,30,850,01-01-2022,100,90,88,85,82,Approved,0,100,150,165,127.5,170,0,Complete,100,70,72,212.5,215,1,OnTime,100,90,95,127.5,135,98,1,100,120,128,170,178,100,1,,,,,,,,,,,,,,,
"Transmission System for Jam Khambaliya Pooling Station and Interconnection of Jam Khambaliya Pooling Station for Providing Connectivity to RE Projects - Establishment of 4x500 MVA, 400/220 kV Jam Khambhaliya PS (GIS)",6,Stringing/Cabling,30,106,Substation,400kV,"Gujarat, Devbhoomi Dwarka",2000,TBCB,30,850,01-01-2022,100,90,88,85,82,Approved,0,100,150,165,127.5,170,0,Complete,100,70,72,212.5,215,1,OnTime,100,90,95,127.5,135,98,1,100,120,128,170,178,100,1,100,80,82,85,87,100,Flat,,,,,,,,
"Transmission System for Jam Khambaliya Pooling Station and Interconnection of Jam Khambaliya Pooling Station for Providing Connectivity to RE Projects - Establishment of 4x500 MVA, 400/220 kV Jam Khambhaliya PS (GIS)",7,Testing & Commissioning,31,107,Substation,400kV,"Gujarat, Devbhoomi Dwarka",2000,TBCB,30,850,01-01-2022,100,90,88,85,82,Approved,0,100,150,165,127.5,170,0,Complete,100,70,72,212.5,215,1,OnTime,100,90,95,127.5,135,98,1,100,120,128,170,178,100,1,100,80,82,85,87,100,Flat,100,45,46,42.5,44,Successful,05-05-2024,
"Transmission System for Karur Pooling Station (at a location in between Karur Wind zone and Tiruppur wind zone) - 2x500 MVA, 400/230 kV Karur",1,Planning/Engineering,-2,1,Substation,400kV,"Tamil Nadu, Karur",1000,TBCB,24,350,01-01-2024,100,90,88,35,36,Approved,0,,,,,,,,,,,,,,,,,,,,,,,,,,,,,,,,,,,,,,,,,,,
"Transmission System for Karur Pooling Station (at a location in between Karur Wind zone and Tiruppur wind zone) - 2x500 MVA, 400/230 kV Karur",2,Approvals & ROW,23,36,Substation,400kV,"Tamil Nadu, Karur",1000,TBCB,24,350,01-01-2024,100,90,88,35,36,Approved,0,100,150,165,52.5,70,1,Complete,,,,,,,,,,,,,,,,,,,,,,,,,,,,,,,,,,,,
"Transmission System for Karur Pooling Station (at a location in between Karur Wind zone and Tiruppur wind zone) - 2x500 MVA, 400/230 kV Karur",3,Procurement/Supply,25,41,Substation,400kV,"Tamil Nadu, Karur",1000,TBCB,24,350,01-01-2024,100,90,88,35,36,Approved,0,100,150,165,52.5,70,1,Complete,100,60,62,87.5,92,1,OnTime,,,,,,,,,,,,,,,,,,,,,,,,,,,,,
"Transmission System for Karur Pooling Station (at a location in between Karur Wind zone and Tiruppur wind zone) - 2x500 MVA, 400/230 kV Karur",4,Site Preparation/Civil,40,54,Substation,400kV,"Tamil Nadu, Karur",1000,TBCB,24,350,01-01-2024,100,90,88,35,36,Approved,0,100,150,165,52.5,70,1,Complete,100,60,62,87.5,92,1,OnTime,100,90,105,52.5,65,98,1,,,,,,,,,,,,,,,,,,,,,,
"Transmission System for Karur Pooling Station (at a location in between Karur Wind zone and Tiruppur wind zone) - 2x500 MVA, 400/230 kV Karur",5,Erection/Construction,48,59,Substation,400kV,"Tamil Nadu, Karur",1000,TBCB,24,350,01-01-2024,100,90,88,35,36,Approved,0,100,150,165,52.5,70,1,Complete,100,60,62,87.5,92,1,OnTime,100,90,105,52.5,65,98,1,100,120,128,70,75,97,1,,,,,,,,,,,,,,,
"Transmission System for Karur Pooling Station (at a location in between Karur Wind zone and Tiruppur wind zone) - 2x500 MVA, 400/230 kV Karur",6,Stringing/Cabling,49,60,Substation,400kV,"Tamil Nadu, Karur",1000,TBCB,24,350,01-01-2024,100,90,88,35,36,Approved,0,100,150,165,52.5,70,1,Complete,100,60,62,87.5,92,1,OnTime,100,90,105,52.5,65,98,1,100,120,128,70,75,97,1,100,75,76,35,36,99,Flat,,,,,,,,
"Transmission System for Karur Pooling Station (at a location in between Karur Wind zone and Tiruppur wind zone) - 2x500 MVA, 400/230 kV Karur",7,Testing & Commissioning,50,61,Substation,400kV,"Tamil Nadu, Karur",1000,TBCB,24,350,01-01-2024,100,90,88,35,36,Approved,0,100,150,165,52.5,70,1,Complete,100,60,62,87.5,92,1,OnTime,100,90,105,52.5,65,98,1,100,120,128,70,75,97,1,100,75,76,35,36,99,Flat,100,45,46,17.5,18,Successful,15-12-2024,
"Transmission System for Transmission System Associated with RE Generations at Bhuj-II, Dwarka & - Lakadia PS- Banaskantha PS 765kV D/c line",1,Planning/Engineering,2,5.5,Line,765kV,"Gujarat, Kutch-Banaskantha",250,TBCB,24,645,01-07-2019,100,90,92,64.5,70,Approved,1,,,,,,,,,,,,,,,,,,,,,,,,,,,,,,,,,,,,,,,,,,,
"Transmission System for Transmission System Associated with RE Generations at Bhuj-II, Dwarka & - Lakadia PS- Banaskantha PS 765kV D/c line",2,Approvals & ROW,62,120.5,Line,765kV,"Gujarat, Kutch-Banaskantha",250,TBCB,24,645,01-07-2019,100,90,92,64.5,70,Approved,1,100,150,210,96.75,160,1,Complete,,,,,,,,,,,,,,,,,,,,,,,,,,,,,,,,,,,,
"Transmission System for Transmission System Associated with RE Generations at Bhuj-II, Dwarka & - Lakadia PS- Banaskantha PS 765kV D/c line",3,Procurement/Supply,72,138.5,Line,765kV,"Gujarat, Kutch-Banaskantha",250,TBCB,24,645,01-07-2019,100,90,92,64.5,70,Approved,1,100,150,210,96.75,160,1,Complete,100,75,85,161.25,180,1,Delayed,,,,,,,,,,,,,,,,,,,,,,,,,,,,,
"Transmission System for Transmission System Associated with RE Generations at Bhuj-II, Dwarka & - Lakadia PS- Banaskantha PS 765kV D/c line",4,Site Preparation/Civil,87,156.5,Line,765kV,"Gujarat, Kutch-Banaskantha",250,TBCB,24,645,01-07-2019,100,90,92,64.5,70,Approved,1,100,150,210,96.75,160,1,Complete,100,75,85,161.25,180,1,Delayed,100,90,105,96.75,115,95,1,,,,,,,,,,,,,,,,,,,,,,
"Transmission System for Transmission System Associated with RE Generations at Bhuj-II, Dwarka & - Lakadia PS- Banaskantha PS 765kV D/c line",5,Erection/Construction,102,172.5,Line,765kV,"Gujarat, Kutch-Banaskantha",250,TBCB,24,645,01-07-2019,100,90,92,64.5,70,Approved,1,100,150,210,96.75,160,1,Complete,100,75,85,161.25,180,1,Delayed,100,90,105,96.75,115,95,1,100,120,135,129,145,96,1,,,,,,,,,,,,,,,
"Transmission System for Transmission System Associated with RE Generations at Bhuj-II, Dwarka & - Lakadia PS- Banaskantha PS 765kV D/c line",6,Stringing/Cabling,104,178.5,Line,765kV,"Gujarat, Kutch-Banaskantha",250,TBCB,24,645,01-07-2019,100,90,92,64.5,70,Approved,1,100,150,210,96.75,160,1,Complete,100,75,85,161.25,180,1,Delayed,100,90,105,96.75,115,95,1,100,120,135,129,145,96,1,100,80,82,64.5,70,98,Flat,,,,,,,,
"Transmission System for Transmission System Associated with RE Generations at Bhuj-II, Dwarka & - Lakadia PS- Banaskantha PS 765kV D/c line",7,Testing & Commissioning,107,183,Line,765kV,"Gujarat, Kutch-Banaskantha",250,TBCB,24,645,01-07-2019,100,90,92,64.5,70,Approved,1,100,150,210,96.75,160,1,Complete,100,75,85,161.25,180,1,Delayed,100,90,105,96.75,115,95,1,100,120,135,129,145,96,1,100,80,82,64.5,70,98,Flat,100,45,48,32.25,35,Successful,15-12-2021,
"Transmission system associated with LTA applications from Rajasthan SEZ Part-F, Phase-II - Bikaner II- Khetri 400kV 2XD/C line (Twin HTLS)",1,Planning/Engineering,-2,2,Line,400kV,"Rajasthan, Churu to Jhunjhunu",220,EPC,24,320,01-01-2023,100,90,88,32,34,Approved,0,,,,,,,,,,,,,,,,,,,,,,,,,,,,,,,,,,,,,,,,,,,
"Transmission system associated with LTA applications from Rajasthan SEZ Part-F, Phase-II - Bikaner II- Khetri 400kV 2XD/C line (Twin HTLS)",2,Approvals & ROW,43,74,Line,400kV,"Rajasthan, Churu to Jhunjhunu",220,EPC,24,320,01-01-2023,100,90,88,32,34,Approved,0,100,150,195,48,72,1,Complete,,,,,,,,,,,,,,,,,,,,,,,,,,,,,,,,,,,,
"Transmission system associated with LTA applications from Rajasthan SEZ Part-F, Phase-II - Bikaner II- Khetri 400kV 2XD/C line (Twin HTLS)",3,Procurement/Supply,45,130,Line,400kV,"Rajasthan, Churu to Jhunjhunu",220,EPC,24,320,01-01-2023,100,90,88,32,34,Approved,0,100,150,195,48,72,1,Complete,100,70,72,80,88,1,OnTime,,,,,,,,,,,,,,,,,,,,,,,,,,,,,
"Transmission system associated with LTA applications from Rajasthan SEZ Part-F, Phase-II - Bikaner II- Khetri 400kV 2XD/C line (Twin HTLS)",4,Site Preparation/Civil,60,158,Line,400kV,"Rajasthan, Churu to Jhunjhunu",220,EPC,24,320,01-01-2023,100,90,88,32,34,Approved,0,100,150,195,48,72,1,Complete,100,70,72,80,88,1,OnTime,100,90,105,48,60,98,1,,,,,,,,,,,,,,,,,,,,,,
"Transmission system associated with LTA applications from Rajasthan SEZ Part-F, Phase-II - Bikaner II- Khetri 400kV 2XD/C line (Twin HTLS)",5,Erection/Construction,72,186,Line,400kV,"Rajasthan, Churu to Jhunjhunu",220,EPC,24,320,01-01-2023,100,90,88,32,34,Approved,0,100,150,195,48,72,1,Complete,100,70,72,80,88,1,OnTime,100,90,105,48,60,98,1,100,120,132,64,72,97,1,,,,,,,,,,,,,,,
"Transmission system associated with LTA applications from Rajasthan SEZ Part-F, Phase-II - Bikaner II- Khetri 400kV 2XD/C line (Twin HTLS)",6,Stringing/Cabling,74,199,Line,400kV,"Rajasthan, Churu to Jhunjhunu",220,EPC,24,320,01-01-2023,100,90,88,32,34,Approved,0,100,150,195,48,72,1,Complete,100,70,72,80,88,1,OnTime,100,90,105,48,60,98,1,100,120,132,64,72,97,1,100,80,82,32,35,99,Flat,,,,,,,,
"Transmission system associated with LTA applications from Rajasthan SEZ Part-F, Phase-II - Bikaner II- Khetri 400kV 2XD/C line (Twin HTLS)",7,Testing & Commissioning,75,216,Line,400kV,"Rajasthan, Churu to Jhunjhunu",220,EPC,24,320,01-01-2023,100,90,88,32,34,Approved,0,100,150,195,48,72,1,Complete,100,70,72,80,88,1,OnTime,100,90,105,48,60,98,1,100,120,132,64,72,97,1,100,80,82,32,35,99,Flat,100,45,46,16,17,Successful,15-12-2024,
"Transmission system associated with LTA applications from Rajasthan SEZ Part-F, Phase-II - Khetri - Bhiwadi 400kV D/C line (Twin HTLS)",1,Planning/Engineering,-2,1,Line,400kV,"Rajasthan, Jhunjhunu-Churu",220,TBCB,24,350,01-01-2023,100,90,88,35,36,Approved,0,,,,,,,,,,,,,,,,,,,,,,,,,,,,,,,,,,,,,,,,,,,
"Transmission system associated with LTA applications from Rajasthan SEZ Part-F, Phase-II - Khetri - Bhiwadi 400kV D/C line (Twin HTLS)",2,Approvals & ROW,13,78.5,Line,400kV,"Rajasthan, Jhunjhunu-Churu",220,TBCB,24,350,01-01-2023,100,90,88,35,36,Approved,0,100,150,165,52.5,72,1,Complete,,,,,,,,,,,,,,,,,,,,,,,,,,,,,,,,,,,,
"Transmission system associated with LTA applications from Rajasthan SEZ Part-F, Phase-II - Khetri - Bhiwadi 400kV D/C line (Twin HTLS)",3,Procurement/Supply,15,82.5,Line,400kV,"Rajasthan, Jhunjhunu-Churu",220,TBCB,24,350,01-01-2023,100,90,88,35,36,Approved,0,100,150,165,52.5,72,1,Complete,100,70,72,87.5,92,1,OnTime,,,,,,,,,,,,,,,,,,,,,,,,,,,,,
"Transmission system associated with LTA applications from Rajasthan SEZ Part-F, Phase-II - Khetri - Bhiwadi 400kV D/C line (Twin HTLS)",4,Site Preparation/Civil,30,95,Line,400kV,"Rajasthan, Jhunjhunu-Churu",220,TBCB,24,350,01-01-2023,100,90,88,35,36,Approved,0,100,150,165,52.5,72,1,Complete,100,70,72,87.5,92,1,OnTime,100,90,105,52.5,65,98,1,,,,,,,,,,,,,,,,,,,,,,
"Transmission system associated with LTA applications from Rajasthan SEZ Part-F, Phase-II - Khetri - Bhiwadi 400kV D/C line (Twin HTLS)",5,Erection/Construction,38,103,Line,400kV,"Rajasthan, Jhunjhunu-Churu",220,TBCB,24,350,01-01-2023,100,90,88,35,36,Approved,0,100,150,165,52.5,72,1,Complete,100,70,72,87.5,92,1,OnTime,100,90,105,52.5,65,98,1,100,120,128,70,78,96,1,,,,,,,,,,,,,,,
"Transmission system associated with LTA applications from Rajasthan SEZ Part-F, Phase-II - Khetri - Bhiwadi 400kV D/C line (Twin HTLS)",6,Stringing/Cabling,40,105,Line,400kV,"Rajasthan, Jhunjhunu-Churu",220,TBCB,24,350,01-01-2023,100,90,88,35,36,Approved,0,100,150,165,52.5,72,1,Complete,100,70,72,87.5,92,1,OnTime,100,90,105,52.5,65,98,1,100,120,128,70,78,96,1,100,80,82,35,37,98,Flat,,,,,,,,
"Transmission system associated with LTA applications from Rajasthan SEZ Part-F, Phase-II - Khetri - Bhiwadi 400kV D/C line (Twin HTLS)",7,Testing & Commissioning,41,105.5,Line,400kV,"Rajasthan, Jhunjhunu-Churu",220,TBCB,24,350,01-01-2023,100,90,88,35,36,Approved,0,100,150,165,52.5,72,1,Complete,100,70,72,87.5,92,1,OnTime,100,90,105,52.5,65,98,1,100,120,128,70,78,96,1,100,80,82,35,37,98,Flat,100,45,46,17.5,18,Successful,15-12-2024,
WRSS-21 Part-B-Transmission System Strengthening for Relieving Over Loadings Observed in Gujarat Intra-State System Due to RE-injections in Bhuj - Lakadia - Vadodara 765kV D/c line,1,Planning/Engineering,-5,-15,Line,765kV,"Gujarat, Kutch to Vadodara",325,TBCB,18,3024,01-08-2019,100,90,85,302,287,Approved,0,,,,,,,,,,,,,,,,,,,,,,,,,,,,,,,,,,,,,,,,,,,
WRSS-21 Part-B-Transmission System Strengthening for Relieving Over Loadings Observed in Gujarat Intra-State System Due to RE-injections in Bhuj - Lakadia - Vadodara 765kV D/c line,2,Approvals & ROW,25,315,Line,765kV,"Gujarat, Kutch to Vadodara",325,TBCB,18,3024,01-08-2019,100,90,85,302,287,Approved,0,100,150,180,454,727,1,Complete,,,,,,,,,,,,,,,,,,,,,,,,,,,,,,,,,,,,
WRSS-21 Part-B-Transmission System Strengthening for Relieving Over Loadings Observed in Gujarat Intra-State System Due to RE-injections in Bhuj - Lakadia - Vadodara 765kV D/c line,3,Procurement/Supply,32,318,Line,765kV,"Gujarat, Kutch to Vadodara",325,TBCB,18,3024,01-08-2019,100,90,85,302,287,Approved,0,100,150,180,454,727,1,Complete,100,75,82,756,759,1,Delayed,,,,,,,,,,,,,,,,,,,,,,,,,,,,,
WRSS-21 Part-B-Transmission System Strengthening for Relieving Over Loadings Observed in Gujarat Intra-State System Due to RE-injections in Bhuj - Lakadia - Vadodara 765kV D/c line,4,Site Preparation/Civil,47,363,Line,765kV,"Gujarat, Kutch to Vadodara",325,TBCB,18,3024,01-08-2019,100,90,85,302,287,Approved,0,100,150,180,454,727,1,Complete,100,75,82,756,759,1,Delayed,100,90,105,454,499,95,1,,,,,,,,,,,,,,,,,,,,,,
WRSS-21 Part-B-Transmission System Strengthening for Relieving Over Loadings Observed in Gujarat Intra-State System Due to RE-injections in Bhuj - Lakadia - Vadodara 765kV D/c line,5,Erection/Construction,62,366,Line,765kV,"Gujarat, Kutch to Vadodara",325,TBCB,18,3024,01-08-2019,100,90,85,302,287,Approved,0,100,150,180,454,727,1,Complete,100,75,82,756,759,1,Delayed,100,90,105,454,499,95,1,100,120,135,605,608,98,1,,,,,,,,,,,,,,,
WRSS-21 Part-B-Transmission System Strengthening for Relieving Over Loadings Observed in Gujarat Intra-State System Due to RE-injections in Bhuj - Lakadia - Vadodara 765kV D/c line,6,Stringing/Cabling,64,366,Line,765kV,"Gujarat, Kutch to Vadodara",325,TBCB,18,3024,01-08-2019,100,90,85,302,287,Approved,0,100,150,180,454,727,1,Complete,100,75,82,756,759,1,Delayed,100,90,105,454,499,95,1,100,120,135,605,608,98,1,100,80,82,302,302,99,Flat,,,,,,,,
WRSS-21 Part-B-Transmission System Strengthening for Relieving Over Loadings Observed in Gujarat Intra-State System Due to RE-injections in Bhuj - Lakadia - Vadodara 765kV D/c line,7,Testing & Commissioning,65,367,Line,765kV,"Gujarat, Kutch to Vadodara",325,TBCB,18,3024,01-08-2019,100,90,85,302,287,Approved,0,100,150,180,454,727,1,Complete,100,75,82,756,759,1,Delayed,100,90,105,454,499,95,1,100,120,135,605,608,98,1,100,80,82,302,302,99,Flat,100,45,46,151,152,Successful,15-02-2021,
Common Transmission system for phase-II generation projects in Orissa and immediate evacuation system for OPGC project (Orissa) - OPGC TPS-Jharsuguda 400 kV D/C (triple) line,1,Planning/Engineering,-3,-1.3,Line,400kV,"Odisha, Jharsuguda",245,EPC,28,285,01-01-2023,100,85,82,28.5,27.2,Approved,0,,,,,,,,,,,,,,,,,,,,,,,,,,,,,,,,,,,,,,,,,,,
Common Transmission system for phase-II generation projects in Orissa and immediate evacuation system for OPGC project (Orissa) - OPGC TPS-Jharsuguda 400 kV D/C (triple) line,2,Approvals & ROW,34,24.7,Line,400kV,"Odisha, Jharsuguda",245,EPC,28,285,01-01-2023,100,85,82,28.5,27.2,Approved,0,100,155,192,42.8,68.5,1,Complete,,,,,,,,,,,,,,,,,,,,,,,,,,,,,,,,,,,,
Common Transmission system for phase-II generation projects in Orissa and immediate evacuation system for OPGC project (Orissa) - OPGC TPS-Jharsuguda 400 kV D/C (triple) line,3,Procurement/Supply,36,29.4,Line,400kV,"Odisha, Jharsuguda",245,EPC,28,285,01-01-2023,100,85,82,28.5,27.2,Approved,0,100,155,192,42.8,68.5,1,Complete,100,68,70,71.3,76.2,1,OnTime,,,,,,,,,,,,,,,,,,,,,,,,,,,,,
Common Transmission system for phase-II generation projects in Orissa and immediate evacuation system for OPGC project (Orissa) - OPGC TPS-Jharsuguda 400 kV D/C (triple) line,4,Site Preparation/Civil,59,42.7,Line,400kV,"Odisha, Jharsuguda",245,EPC,28,285,01-01-2023,100,85,82,28.5,27.2,Approved,0,100,155,192,42.8,68.5,1,Complete,100,68,70,71.3,76.2,1,OnTime,100,95,118,42.8,55.6,96,1,,,,,,,,,,,,,,,,,,,,,,
Common Transmission system for phase-II generation projects in Orissa and immediate evacuation system for OPGC project (Orissa) - OPGC TPS-Jharsuguda 400 kV D/C (triple) line,5,Erection/Construction,72,48.4,Line,400kV,"Odisha, Jharsuguda",245,EPC,28,285,01-01-2023,100,85,82,28.5,27.2,Approved,0,100,155,192,42.8,68.5,1,Complete,100,68,70,71.3,76.2,1,OnTime,100,95,118,42.8,55.6,96,1,100,125,138,57,62.7,97,1,,,,,,,,,,,,,,,
Common Transmission system for phase-II generation projects in Orissa and immediate evacuation system for OPGC project (Orissa) - OPGC TPS-Jharsuguda 400 kV D/C (triple) line,6,Stringing/Cabling,74,50,Line,400kV,"Odisha, Jharsuguda",245,EPC,28,285,01-01-2023,100,85,82,28.5,27.2,Approved,0,100,155,192,42.8,68.5,1,Complete,100,68,70,71.3,76.2,1,OnTime,100,95,118,42.8,55.6,96,1,100,125,138,57,62.7,97,1,100,78,80,28.5,30.1,98,Forest,,,,,,,,
Common Transmission system for phase-II generation projects in Orissa and immediate evacuation system for OPGC project (Orissa) - OPGC TPS-Jharsuguda 400 kV D/C (triple) line,7,Testing & Commissioning,76,51.2,Line,400kV,"Odisha, Jharsuguda",245,EPC,28,285,01-01-2023,100,85,82,28.5,27.2,Approved,0,100,155,192,42.8,68.5,1,Complete,100,68,70,71.3,76.2,1,OnTime,100,95,118,42.8,55.6,96,1,100,125,138,57,62.7,97,1,100,78,80,28.5,30.1,98,Forest,100,42,44,14.3,15.2,Successful,15-12-2024,
Connectivity system for Khargone TPP (2x660 MW) - Khandwa Pool - Dhule 765 kV D/C line,1,Planning/Engineering,-2,-7,Line,765kV,"Madhya Pradesh, Khargone",285,TBCB,28,2850,01-01-2024,100,90,88,285,278,Approved,0,,,,,,,,,,,,,,,,,,,,,,,,,,,,,,,,,,,,,,,,,,,
Connectivity system for Khargone TPP (2x660 MW) - Khandwa Pool - Dhule 765 kV D/C line,2,Approvals & ROW,23,271,Line,765kV,"Madhya Pradesh, Khargone",285,TBCB,28,2850,01-01-2024,100,90,88,285,278,Approved,0,100,150,165,427.5,556,1,Complete,,,,,,,,,,,,,,,,,,,,,,,,,,,,,,,,,,,,
Connectivity system for Khargone TPP (2x660 MW) - Khandwa Pool - Dhule 765 kV D/C line,3,Procurement/Supply,25,285,Line,765kV,"Madhya Pradesh, Khargone",285,TBCB,28,2850,01-01-2024,100,90,88,285,278,Approved,0,100,150,165,427.5,556,1,Complete,100,70,72,712.5,726,1,Delayed,,,,,,,,,,,,,,,,,,,,,,,,,,,,,
Connectivity system for Khargone TPP (2x660 MW) - Khandwa Pool - Dhule 765 kV D/C line,4,Site Preparation/Civil,50,513,Line,765kV,"Madhya Pradesh, Khargone",285,TBCB,28,2850,01-01-2024,100,90,88,285,278,Approved,0,100,150,165,427.5,556,1,Complete,100,70,72,712.5,726,1,Delayed,100,100,125,427.5,513,96,1,,,,,,,,,,,,,,,,,,,,,,
Connectivity system for Khargone TPP (2x660 MW) - Khandwa Pool - Dhule 765 kV D/C line,5,Erection/Construction,65,827,Line,765kV,"Madhya Pradesh, Khargone",285,TBCB,28,2850,01-01-2024,100,90,88,285,278,Approved,0,100,150,165,427.5,556,1,Complete,100,70,72,712.5,726,1,Delayed,100,100,125,427.5,513,96,1,100,120,135,570,599,97,1,,,,,,,,,,,,,,,
Connectivity system for Khargone TPP (2x660 MW) - Khandwa Pool - Dhule 765 kV D/C line,6,Stringing/Cabling,67,833,Line,765kV,"Madhya Pradesh, Khargone",285,TBCB,28,2850,01-01-2024,100,90,88,285,278,Approved,0,100,150,165,427.5,556,1,Complete,100,70,72,712.5,726,1,Delayed,100,100,125,427.5,513,96,1,100,120,135,570,599,97,1,100,80,82,285,291,98,Flat,,,,,,,,
Connectivity system for Khargone TPP (2x660 MW) - Khandwa Pool - Dhule 765 kV D/C line,7,Testing & Commissioning,68,836,Line,765kV,"Madhya Pradesh, Khargone",285,TBCB,28,2850,01-01-2024,100,90,88,285,278,Approved,0,100,150,165,427.5,556,1,Complete,100,70,72,712.5,726,1,Delayed,100,100,125,427.5,513,96,1,100,120,135,570,599,97,1,100,80,82,285,291,98,Flat,100,45,46,142.5,145,Successful,17-10-2024,
Connectivity system for Khargone TPP (2x660 MW) - Khargone TPP - Khandwa pool 400 kV D/C (Quad) line,1,Planning/Engineering,-2,0.7,Line,400kV,"Madhya Pradesh, Khargone",185,EPC,24,285,01-01-2024,100,90,88,28.5,29.2,Approved,0,,,,,,,,,,,,,,,,,,,,,,,,,,,,,,,,,,,,,,,,,,,
Connectivity system for Khargone TPP (2x660 MW) - Khargone TPP - Khandwa pool 400 kV D/C (Quad) line,2,Approvals & ROW,23,36.9,Line,400kV,"Madhya Pradesh, Khargone",185,EPC,24,285,01-01-2024,100,90,88,28.5,29.2,Approved,0,100,150,175,42.8,58.2,1,Complete,,,,,,,,,,,,,,,,,,,,,,,,,,,,,,,,,,,,
Connectivity system for Khargone TPP (2x660 MW) - Khargone TPP - Khandwa pool 400 kV D/C (Quad) line,3,Procurement/Supply,25,43.9,Line,400kV,"Madhya Pradesh, Khargone",185,EPC,24,285,01-01-2024,100,90,88,28.5,29.2,Approved,0,100,150,175,42.8,58.2,1,Complete,100,70,72,71.3,76.5,1,OnTime,,,,,,,,,,,,,,,,,,,,,,,,,,,,,
Connectivity system for Khargone TPP (2x660 MW) - Khargone TPP - Khandwa pool 400 kV D/C (Quad) line,4,Site Preparation/Civil,50,71.3,Line,400kV,"Madhya Pradesh, Khargone",185,EPC,24,285,01-01-2024,100,90,88,28.5,29.2,Approved,0,100,150,175,42.8,58.2,1,Complete,100,70,72,71.3,76.5,1,OnTime,100,100,125,42.8,54.6,96,1,,,,,,,,,,,,,,,,,,,,,,
Connectivity system for Khargone TPP (2x660 MW) - Khargone TPP - Khandwa pool 400 kV D/C (Quad) line,5,Erection/Construction,65,94,Line,400kV,"Madhya Pradesh, Khargone",185,EPC,24,285,01-01-2024,100,90,88,28.5,29.2,Approved,0,100,150,175,42.8,58.2,1,Complete,100,70,72,71.3,76.5,1,OnTime,100,100,125,42.8,54.6,96,1,100,120,135,57,62.7,97,1,,,,,,,,,,,,,,,
Connectivity system for Khargone TPP (2x660 MW) - Khargone TPP - Khandwa pool 400 kV D/C (Quad) line,6,Stringing/Cabling,67,96.1,Line,400kV,"Madhya Pradesh, Khargone",185,EPC,24,285,01-01-2024,100,90,88,28.5,29.2,Approved,0,100,150,175,42.8,58.2,1,Complete,100,70,72,71.3,76.5,1,OnTime,100,100,125,42.8,54.6,96,1,100,120,135,57,62.7,97,1,100,80,82,28.5,30.1,98,Flat,,,,,,,,
Connectivity system for Khargone TPP (2x660 MW) - Khargone TPP - Khandwa pool 400 kV D/C (Quad) line,7,Testing & Commissioning,68,97.3,Line,400kV,"Madhya Pradesh, Khargone",185,EPC,24,285,01-01-2024,100,90,88,28.5,29.2,Approved,0,100,150,175,42.8,58.2,1,Complete,100,70,72,71.3,76.5,1,OnTime,100,100,125,42.8,54.6,96,1,100,120,135,57,62.7,97,1,100,80,82,28.5,30.1,98,Flat,100,45,46,14.3,15.2,Successful,23-12-2025,
"Creation of new 400 kV GIS in Gurgaon area and Palwal as a part of ISTS - 2x500 MVA, 400/220 kV GIS at Sohna Road (Gurgaon)",1,Planning/Engineering,-5,3,Substation,400kV,"Haryana, Gurgaon",1000,EPC,24,350,01-01-2024,100,90,85,35,38,Approved,0,,,,,,,,,,,,,,,,,,,,,,,,,,,,,,,,,,,,,,,,,,,
"Creation of new 400 kV GIS in Gurgaon area and Palwal as a part of ISTS - 2x500 MVA, 400/220 kV GIS at Sohna Road (Gurgaon)",2,Approvals & ROW,10,20.5,Substation,400kV,"Haryana, Gurgaon",1000,EPC,24,350,01-01-2024,100,90,85,35,38,Approved,0,100,150,165,52.5,70,0,Complete,,,,,,,,,,,,,,,,,,,,,,,,,,,,,,,,,,,,
"Creation of new 400 kV GIS in Gurgaon area and Palwal as a part of ISTS - 2x500 MVA, 400/220 kV GIS at Sohna Road (Gurgaon)",3,Procurement/Supply,12,28,Substation,400kV,"Haryana, Gurgaon",1000,EPC,24,350,01-01-2024,100,90,85,35,38,Approved,0,100,150,165,52.5,70,0,Complete,100,60,62,87.5,95,1,OnTime,,,,,,,,,,,,,,,,,,,,,,,,,,,,,
"Creation of new 400 kV GIS in Gurgaon area and Palwal as a part of ISTS - 2x500 MVA, 400/220 kV GIS at Sohna Road (Gurgaon)",4,Site Preparation/Civil,17,33.5,Substation,400kV,"Haryana, Gurgaon",1000,EPC,24,350,01-01-2024,100,90,85,35,38,Approved,0,100,150,165,52.5,70,0,Complete,100,60,62,87.5,95,1,OnTime,100,90,95,52.5,58,98,1,,,,,,,,,,,,,,,,,,,,,,
"Creation of new 400 kV GIS in Gurgaon area and Palwal as a part of ISTS - 2x500 MVA, 400/220 kV GIS at Sohna Road (Gurgaon)",5,Erection/Construction,25,39.5,Substation,400kV,"Haryana, Gurgaon",1000,EPC,24,350,01-01-2024,100,90,85,35,38,Approved,0,100,150,165,52.5,70,0,Complete,100,60,62,87.5,95,1,OnTime,100,90,95,52.5,58,98,1,100,120,128,70,76,100,1,,,,,,,,,,,,,,,
"Creation of new 400 kV GIS in Gurgaon area and Palwal as a part of ISTS - 2x500 MVA, 400/220 kV GIS at Sohna Road (Gurgaon)",6,Stringing/Cabling,22,40.5,Substation,400kV,"Haryana, Gurgaon",1000,EPC,24,350,01-01-2024,100,90,85,35,38,Approved,0,100,150,165,52.5,70,0,Complete,100,60,62,87.5,95,1,OnTime,100,90,95,52.5,58,98,1,100,120,128,70,76,100,1,100,75,72,35,36,100,Flat,,,,,,,,
"Creation of new 400 kV GIS in Gurgaon area and Palwal as a part of ISTS - 2x500 MVA, 400/220 kV GIS at Sohna Road (Gurgaon)",7,Testing & Commissioning,19,41,Substation,400kV,"Haryana, Gurgaon",1000,EPC,24,350,01-01-2024,100,90,85,35,38,Approved,0,100,150,165,52.5,70,0,Complete,100,60,62,87.5,95,1,OnTime,100,90,95,52.5,58,98,1,100,120,128,70,76,100,1,100,75,72,35,36,100,Flat,100,45,42,17.5,18,Successful,15-12-2024,
Creation of new 400 kV GIS in Gurgaon area and Palwal as a part of ISTS - LILO of Gurgaon - Manesar 400 kV D/C (Q) line at Sohna Road,1,Planning/Engineering,-5,1.5,Line,400kV,"Haryana, Gurgaon",25,EPC,24,180,01-01-2024,100,90,85,18,19.5,Approved,0,,,,,,,,,,,,,,,,,,,,,,,,,,,,,,,,,,,,,,,,,,,
Creation of new 400 kV GIS in Gurgaon area and Palwal as a part of ISTS - LILO of Gurgaon - Manesar 400 kV D/C (Q) line at Sohna Road,2,Approvals & ROW,10,9.5,Line,400kV,"Haryana, Gurgaon",25,EPC,24,180,01-01-2024,100,90,85,18,19.5,Approved,0,100,150,165,27,35,0,Complete,,,,,,,,,,,,,,,,,,,,,,,,,,,,,,,,,,,,
Creation of new 400 kV GIS in Gurgaon area and Palwal as a part of ISTS - LILO of Gurgaon - Manesar 400 kV D/C (Q) line at Sohna Road,3,Procurement/Supply,12,12.5,Line,400kV,"Haryana, Gurgaon",25,EPC,24,180,01-01-2024,100,90,85,18,19.5,Approved,0,100,150,165,27,35,0,Complete,100,60,62,45,48,1,OnTime,,,,,,,,,,,,,,,,,,,,,,,,,,,,,
Creation of new 400 kV GIS in Gurgaon area and Palwal as a part of ISTS - LILO of Gurgaon - Manesar 400 kV D/C (Q) line at Sohna Road,4,Site Preparation/Civil,17,14.5,Line,400kV,"Haryana, Gurgaon",25,EPC,24,180,01-01-2024,100,90,85,18,19.5,Approved,0,100,150,165,27,35,0,Complete,100,60,62,45,48,1,OnTime,100,90,95,27,29,98,1,,,,,,,,,,,,,,,,,,,,,,
Creation of new 400 kV GIS in Gurgaon area and Palwal as a part of ISTS - LILO of Gurgaon - Manesar 400 kV D/C (Q) line at Sohna Road,5,Erection/Construction,25,16.5,Line,400kV,"Haryana, Gurgaon",25,EPC,24,180,01-01-2024,100,90,85,18,19.5,Approved,0,100,150,165,27,35,0,Complete,100,60,62,45,48,1,OnTime,100,90,95,27,29,98,1,100,120,128,36,38,96,1,,,,,,,,,,,,,,,
Creation of new 400 kV GIS in Gurgaon area and Palwal as a part of ISTS - LILO of Gurgaon - Manesar 400 kV D/C (Q) line at Sohna Road,6,Stringing/Cabling,26,17,Line,400kV,"Haryana, Gurgaon",25,EPC,24,180,01-01-2024,100,90,85,18,19.5,Approved,0,100,150,165,27,35,0,Complete,100,60,62,45,48,1,OnTime,100,90,95,27,29,98,1,100,120,128,36,38,96,1,100,75,76,18,18.5,98,Flat,,,,,,,,
Creation of new 400 kV GIS in Gurgaon area and Palwal as a part of ISTS - LILO of Gurgaon - Manesar 400 kV D/C (Q) line at Sohna Road,7,Testing & Commissioning,25,17.7,Line,400kV,"Haryana, Gurgaon",25,EPC,24,180,01-01-2024,100,90,85,18,19.5,Approved,0,100,150,165,27,35,0,Complete,100,60,62,45,48,1,OnTime,100,90,95,27,29,98,1,100,120,128,36,38,96,1,100,75,76,18,18.5,98,Flat,100,45,44,9,9.2,Successful,15-12-2024,
Creation of new 400 kV GIS in Gurgaon area and Palwal as a part of ISTS - Neemrana (PG) - Dhanonda 400 kV D/C HTLS line,1,Planning/Engineering,-5,1.7,Line,400kV,"Haryana, Gurgaon",185,EPC,24,285,01-01-2024,100,90,85,28.5,30.2,Approved,0,,,,,,,,,,,,,,,,,,,,,,,,,,,,,,,,,,,,,,,,,,,
Creation of new 400 kV GIS in Gurgaon area and Palwal as a part of ISTS - Neemrana (PG) - Dhanonda 400 kV D/C HTLS line,2,Approvals & ROW,10,14.3,Line,400kV,"Haryana, Gurgaon",185,EPC,24,285,01-01-2024,100,90,85,28.5,30.2,Approved,0,100,150,165,42.8,55.6,0,Complete,,,,,,,,,,,,,,,,,,,,,,,,,,,,,,,,,,,,
Creation of new 400 kV GIS in Gurgaon area and Palwal as a part of ISTS - Neemrana (PG) - Dhanonda 400 kV D/C HTLS line,3,Procurement/Supply,12,19.1,Line,400kV,"Haryana, Gurgaon",185,EPC,24,285,01-01-2024,100,90,85,28.5,30.2,Approved,0,100,150,165,42.8,55.6,0,Complete,100,60,62,71.3,75.8,1,OnTime,,,,,,,,,,,,,,,,,,,,,,,,,,,,,
Creation of new 400 kV GIS in Gurgaon area and Palwal as a part of ISTS - Neemrana (PG) - Dhanonda 400 kV D/C HTLS line,4,Site Preparation/Civil,17,22.9,Line,400kV,"Haryana, Gurgaon",185,EPC,24,285,01-01-2024,100,90,85,28.5,30.2,Approved,0,100,150,165,42.8,55.6,0,Complete,100,60,62,71.3,75.8,1,OnTime,100,90,95,42.8,46.1,98,1,,,,,,,,,,,,,,,,,,,,,,
Creation of new 400 kV GIS in Gurgaon area and Palwal as a part of ISTS - Neemrana (PG) - Dhanonda 400 kV D/C HTLS line,5,Erection/Construction,25,26.2,Line,400kV,"Haryana, Gurgaon",185,EPC,24,285,01-01-2024,100,90,85,28.5,30.2,Approved,0,100,150,165,42.8,55.6,0,Complete,100,60,62,71.3,75.8,1,OnTime,100,90,95,42.8,46.1,98,1,100,120,128,57,60.3,96,1,,,,,,,,,,,,,,,
Creation of new 400 kV GIS in Gurgaon area and Palwal as a part of ISTS - Neemrana (PG) - Dhanonda 400 kV D/C HTLS line,6,Stringing/Cabling,26,27.1,Line,400kV,"Haryana, Gurgaon",185,EPC,24,285,01-01-2024,100,90,85,28.5,30.2,Approved,0,100,150,165,42.8,55.6,0,Complete,100,60,62,71.3,75.8,1,OnTime,100,90,95,42.8,46.1,98,1,100,120,128,57,60.3,96,1,100,75,76,28.5,29.4,98,Flat,,,,,,,,
Creation of new 400 kV GIS in Gurgaon area and Palwal as a part of ISTS - Neemrana (PG) - Dhanonda 400 kV D/C HTLS line,7,Testing & Commissioning,26,27.5,Line,400kV,"Haryana, Gurgaon",185,EPC,24,285,01-01-2024,100,90,85,28.5,30.2,Approved,0,100,150,165,42.8,55.6,0,Complete,100,60,62,71.3,75.8,1,OnTime,100,90,95,42.8,46.1,98,1,100,120,128,57,60.3,96,1,100,75,76,28.5,29.4,98,Flat,100,45,44,14.3,14.7,Successful,15-12-2024,
Eastern Region Strengthening Scheme-XXI - LILO of Kishanganj - Patna 400KV D/c (Quad Moose) line of PGCIL at Saharsa (New),1,Planning/Engineering,-5,0.7,Line,400kV,"Bihar, Saharsa",45,TBCB,24,285,01-01-2023,100,90,85,28.5,29.2,Approved,0,,,,,,,,,,,,,,,,,,,,,,,,,,,,,,,,,,,,,,,,,,,
Eastern Region Strengthening Scheme-XXI - LILO of Kishanganj - Patna 400KV D/c (Quad Moose) line of PGCIL at Saharsa (New),2,Approvals & ROW,25,37.7,Line,400kV,"Bihar, Saharsa",45,TBCB,24,285,01-01-2023,100,90,85,28.5,29.2,Approved,0,100,150,180,42.8,60,1,Complete,,,,,,,,,,,,,,,,,,,,,,,,,,,,,,,,,,,,
Eastern Region Strengthening Scheme-XXI - LILO of Kishanganj - Patna 400KV D/c (Quad Moose) line of PGCIL at Saharsa (New),3,Procurement/Supply,27,40.8,Line,400kV,"Bihar, Saharsa",45,TBCB,24,285,01-01-2023,100,90,85,28.5,29.2,Approved,0,100,150,180,42.8,60,1,Complete,100,60,62,71.3,74.5,1,OnTime,,,,,,,,,,,,,,,,,,,,,,,,,,,,,
Eastern Region Strengthening Scheme-XXI - LILO of Kishanganj - Patna 400KV D/c (Quad Moose) line of PGCIL at Saharsa (New),4,Site Preparation/Civil,42,49.9,Line,400kV,"Bihar, Saharsa",45,TBCB,24,285,01-01-2023,100,90,85,28.5,29.2,Approved,0,100,150,180,42.8,60,1,Complete,100,60,62,71.3,74.5,1,OnTime,100,90,105,42.8,51.4,98,1,,,,,,,,,,,,,,,,,,,,,,
Eastern Region Strengthening Scheme-XXI - LILO of Kishanganj - Patna 400KV D/c (Quad Moose) line of PGCIL at Saharsa (New),5,Erection/Construction,52,54.5,Line,400kV,"Bihar, Saharsa",45,TBCB,24,285,01-01-2023,100,90,85,28.5,29.2,Approved,0,100,150,180,42.8,60,1,Complete,100,60,62,71.3,74.5,1,OnTime,100,90,105,42.8,51.4,98,1,100,120,130,57,61.6,97,1,,,,,,,,,,,,,,,
Eastern Region Strengthening Scheme-XXI - LILO of Kishanganj - Patna 400KV D/c (Quad Moose) line of PGCIL at Saharsa (New),6,Stringing/Cabling,53,56.1,Line,400kV,"Bihar, Saharsa",45,TBCB,24,285,01-01-2023,100,90,85,28.5,29.2,Approved,0,100,150,180,42.8,60,1,Complete,100,60,62,71.3,74.5,1,OnTime,100,90,105,42.8,51.4,98,1,100,120,130,57,61.6,97,1,100,75,76,28.5,29.8,99,Flat,,,,,,,,
Eastern Region Strengthening Scheme-XXI - LILO of Kishanganj - Patna 400KV D/c (Quad Moose) line of PGCIL at Saharsa (New),7,Testing & Commissioning,52,56.8,Line,400kV,"Bihar, Saharsa",45,TBCB,24,285,01-01-2023,100,90,85,28.5,29.2,Approved,0,100,150,180,42.8,60,1,Complete,100,60,62,71.3,74.5,1,OnTime,100,90,105,42.8,51.4,98,1,100,120,130,57,61.6,97,1,100,75,76,28.5,29.8,99,Flat,100,45,44,14.3,14.7,Successful,15-07-2025,
Eastern Region Strengthening Scheme-XXI - LILO of both circuits of Nabinagar-II - Gaya 400KV D/c (Quad Moose) line of PGCIL at Chandauti (New),1,Planning/Engineering,-5,1.7,Line,400kV,"Bihar, Gaya",25,EPC,24,185,01-01-2024,100,90,85,18.5,20.2,Approved,0,,,,,,,,,,,,,,,,,,,,,,,,,,,,,,,,,,,,,,,,,,,
Eastern Region Strengthening Scheme-XXI - LILO of both circuits of Nabinagar-II - Gaya 400KV D/c (Quad Moose) line of PGCIL at Chandauti (New),2,Approvals & ROW,40,36,Line,400kV,"Bihar, Gaya",25,EPC,24,185,01-01-2024,100,90,85,18.5,20.2,Approved,0,100,150,195,27.8,42.3,1,Complete,,,,,,,,,,,,,,,,,,,,,,,,,,,,,,,,,,,,
Eastern Region Strengthening Scheme-XXI - LILO of both circuits of Nabinagar-II - Gaya 400KV D/c (Quad Moose) line of PGCIL at Chandauti (New),3,Procurement/Supply,42,38.1,Line,400kV,"Bihar, Gaya",25,EPC,24,185,01-01-2024,100,90,85,18.5,20.2,Approved,0,100,150,195,27.8,42.3,1,Complete,100,70,72,46.3,48.1,1,OnTime,,,,,,,,,,,,,,,,,,,,,,,,,,,,,
Eastern Region Strengthening Scheme-XXI - LILO of both circuits of Nabinagar-II - Gaya 400KV D/c (Quad Moose) line of PGCIL at Chandauti (New),4,Site Preparation/Civil,57,45.6,Line,400kV,"Bihar, Gaya",25,EPC,24,185,01-01-2024,100,90,85,18.5,20.2,Approved,0,100,150,195,27.8,42.3,1,Complete,100,70,72,46.3,48.1,1,OnTime,100,80,95,27.8,34.5,98,1,,,,,,,,,,,,,,,,,,,,,,
Eastern Region Strengthening Scheme-XXI - LILO of both circuits of Nabinagar-II - Gaya 400KV D/c (Quad Moose) line of PGCIL at Chandauti (New),5,Erection/Construction,72,48.8,Line,400kV,"Bihar, Gaya",25,EPC,24,185,01-01-2024,100,90,85,18.5,20.2,Approved,0,100,150,195,27.8,42.3,1,Complete,100,70,72,46.3,48.1,1,OnTime,100,80,95,27.8,34.5,98,1,100,120,135,37,40.2,97,1,,,,,,,,,,,,,,,
Eastern Region Strengthening Scheme-XXI - LILO of both circuits of Nabinagar-II - Gaya 400KV D/c (Quad Moose) line of PGCIL at Chandauti (New),6,Stringing/Cabling,75,49.4,Line,400kV,"Bihar, Gaya",25,EPC,24,185,01-01-2024,100,90,85,18.5,20.2,Approved,0,100,150,195,27.8,42.3,1,Complete,100,70,72,46.3,48.1,1,OnTime,100,80,95,27.8,34.5,98,1,100,120,135,37,40.2,97,1,100,75,78,18.5,19.1,99,Flat,,,,,,,,
Eastern Region Strengthening Scheme-XXI - LILO of both circuits of Nabinagar-II - Gaya 400KV D/c (Quad Moose) line of PGCIL at Chandauti (New),7,Testing & Commissioning,76,49.8,Line,400kV,"Bihar, Gaya",25,EPC,24,185,01-01-2024,100,90,85,18.5,20.2,Approved,0,100,150,195,27.8,42.3,1,Complete,100,70,72,46.3,48.1,1,OnTime,100,80,95,27.8,34.5,98,1,100,120,135,37,40.2,97,1,100,75,78,18.5,19.1,99,Flat,100,45,46,9.3,9.7,Successful,15-10-2024,
Eastern Region System Strengthening Scheme-VI(ERSS- VI) - Muzaffarpur (PG) - Darbhanga 400 kV D/c line with triple snowbird conductor,1,Planning/Engineering,-5,-0.9,Line,400kV,"Bihar, Muzaffarpur",180,EPC,24,285,01-01-2024,100,90,85,28.5,27.6,Approved,0,,,,,,,,,,,,,,,,,,,,,,,,,,,,,,,,,,,,,,,,,,,
Eastern Region System Strengthening Scheme-VI(ERSS- VI) - Muzaffarpur (PG) - Darbhanga 400 kV D/c line with triple snowbird conductor,2,Approvals & ROW,25,16.5,Line,400kV,"Bihar, Muzaffarpur",180,EPC,24,285,01-01-2024,100,90,85,28.5,27.6,Approved,0,100,150,180,42.8,60.3,1,Complete,,,,,,,,,,,,,,,,,,,,,,,,,,,,,,,,,,,,
Eastern Region System Strengthening Scheme-VI(ERSS- VI) - Muzaffarpur (PG) - Darbhanga 400 kV D/c line with triple snowbird conductor,3,Procurement/Supply,27,21,Line,400kV,"Bihar, Muzaffarpur",180,EPC,24,285,01-01-2024,100,90,85,28.5,27.6,Approved,0,100,150,180,42.8,60.3,1,Complete,100,70,72,71.3,75.8,1,OnTime,,,,,,,,,,,,,,,,,,,,,,,,,,,,,
Eastern Region System Strengthening Scheme-VI(ERSS- VI) - Muzaffarpur (PG) - Darbhanga 400 kV D/c line with triple snowbird conductor,4,Site Preparation/Civil,42,30,Line,400kV,"Bihar, Muzaffarpur",180,EPC,24,285,01-01-2024,100,90,85,28.5,27.6,Approved,0,100,150,180,42.8,60.3,1,Complete,100,70,72,71.3,75.8,1,OnTime,100,100,115,42.8,51.4,96,1,,,,,,,,,,,,,,,,,,,,,,
Eastern Region System Strengthening Scheme-VI(ERSS- VI) - Muzaffarpur (PG) - Darbhanga 400 kV D/c line with triple snowbird conductor,5,Erection/Construction,52,35.1,Line,400kV,"Bihar, Muzaffarpur",180,EPC,24,285,01-01-2024,100,90,85,28.5,27.6,Approved,0,100,150,180,42.8,60.3,1,Complete,100,70,72,71.3,75.8,1,OnTime,100,100,115,42.8,51.4,96,1,100,120,130,57,61.6,97,1,,,,,,,,,,,,,,,
Eastern Region System Strengthening Scheme-VI(ERSS- VI) - Muzaffarpur (PG) - Darbhanga 400 kV D/c line with triple snowbird conductor,6,Stringing/Cabling,54,36.3,Line,400kV,"Bihar, Muzaffarpur",180,EPC,24,285,01-01-2024,100,90,85,28.5,27.6,Approved,0,100,150,180,42.8,60.3,1,Complete,100,70,72,71.3,75.8,1,OnTime,100,100,115,42.8,51.4,96,1,100,120,130,57,61.6,97,1,100,80,82,28.5,29.7,98,Flat,,,,,,,,
Eastern Region System Strengthening Scheme-VI(ERSS- VI) - Muzaffarpur (PG) - Darbhanga 400 kV D/c line with triple snowbird conductor,7,Testing & Commissioning,55,37,Line,400kV,"Bihar, Muzaffarpur",180,EPC,24,285,01-01-2024,100,90,85,28.5,27.6,Approved,0,100,150,180,42.8,60.3,1,Complete,100,70,72,71.3,75.8,1,OnTime,100,100,115,42.8,51.4,96,1,100,120,130,57,61.6,97,1,100,80,82,28.5,29.7,98,Flat,100,45,46,14.3,14.9,Successful,15-12-2025,
Eastern Region System Strengthening Scheme-VII - Purulia PSP (WB) - Ranchi (PG) 400 kV D/C line,1,Planning/Engineering,-3,1.7,Line,400kV,"West Bengal, Purulia",245,EPC,28,285,01-01-2024,100,85,82,28.5,30.2,Approved,0,,,,,,,,,,,,,,,,,,,,,,,,,,,,,,,,,,,,,,,,,,,
Eastern Region System Strengthening Scheme-VII - Purulia PSP (WB) - Ranchi (PG) 400 kV D/C line,2,Approvals & ROW,34,37.9,Line,400kV,"West Bengal, Purulia",245,EPC,28,285,01-01-2024,100,85,82,28.5,30.2,Approved,0,100,155,192,42.8,58.4,1,Complete,,,,,,,,,,,,,,,,,,,,,,,,,,,,,,,,,,,,
Eastern Region System Strengthening Scheme-VII - Purulia PSP (WB) - Ranchi (PG) 400 kV D/C line,3,Procurement/Supply,36,44.2,Line,400kV,"West Bengal, Purulia",245,EPC,28,285,01-01-2024,100,85,82,28.5,30.2,Approved,0,100,155,192,42.8,58.4,1,Complete,100,68,70,71.3,76.8,1,OnTime,,,,,,,,,,,,,,,,,,,,,,,,,,,,,
Eastern Region System Strengthening Scheme-VII - Purulia PSP (WB) - Ranchi (PG) 400 kV D/C line,4,Site Preparation/Civil,53,53.6,Line,400kV,"West Bengal, Purulia",245,EPC,28,285,01-01-2024,100,85,82,28.5,30.2,Approved,0,100,155,192,42.8,58.4,1,Complete,100,68,70,71.3,76.8,1,OnTime,100,95,112,42.8,51.4,96,1,,,,,,,,,,,,,,,,,,,,,,
Eastern Region System Strengthening Scheme-VII - Purulia PSP (WB) - Ranchi (PG) 400 kV D/C line,5,Erection/Construction,66,59.3,Line,400kV,"West Bengal, Purulia",245,EPC,28,285,01-01-2024,100,85,82,28.5,30.2,Approved,0,100,155,192,42.8,58.4,1,Complete,100,68,70,71.3,76.8,1,OnTime,100,95,112,42.8,51.4,96,1,100,125,138,57,62.7,97,1,,,,,,,,,,,,,,,
Eastern Region System Strengthening Scheme-VII - Purulia PSP (WB) - Ranchi (PG) 400 kV D/C line,6,Stringing/Cabling,67,60,Line,400kV,"West Bengal, Purulia",245,EPC,28,285,01-01-2024,100,85,82,28.5,30.2,Approved,0,100,155,192,42.8,58.4,1,Complete,100,68,70,71.3,76.8,1,OnTime,100,95,112,42.8,51.4,96,1,100,125,138,57,62.7,97,1,100,78,79,28.5,29.1,98,Hilly,,,,,,,,
Eastern Region System Strengthening Scheme-VII - Purulia PSP (WB) - Ranchi (PG) 400 kV D/C line,7,Testing & Commissioning,66,61.1,Line,400kV,"West Bengal, Purulia",245,EPC,28,285,01-01-2024,100,85,82,28.5,30.2,Approved,0,100,155,192,42.8,58.4,1,Complete,100,68,70,71.3,76.8,1,OnTime,100,95,112,42.8,51.4,96,1,100,125,138,57,62.7,97,1,100,78,79,28.5,29.1,98,Hilly,100,42,41,14.3,14.8,Successful,15-10-2025,
"NR System strengthening Scheme-NRSS-XXXI (Part-A) - 2x315 MVA, 400/220 kV GIS at Kala amb with 40% series compensation on 400 kV Karcham Wangtoo - Kala Amb D/C line at Kala Amb end",1,Planning/Engineering,-5,3,Substation,400kV,"Himachal Pradesh, Sirmour",630,EPC,24,420,01-01-2023,100,90,85,42,45,Approved,0,,,,,,,,,,,,,,,,,,,,,,,,,,,,,,,,,,,,,,,,,,,
"NR System strengthening Scheme-NRSS-XXXI (Part-A) - 2x315 MVA, 400/220 kV GIS at Kala amb with 40% series compensation on 400 kV Karcham Wangtoo - Kala Amb D/C line at Kala Amb end",2,Approvals & ROW,55,95,Substation,400kV,"Himachal Pradesh, Sirmour",630,EPC,24,420,01-01-2023,100,90,85,42,45,Approved,0,100,150,210,63,95,1,Complete,,,,,,,,,,,,,,,,,,,,,,,,,,,,,,,,,,,,
"NR System strengthening Scheme-NRSS-XXXI (Part-A) - 2x315 MVA, 400/220 kV GIS at Kala amb with 40% series compensation on 400 kV Karcham Wangtoo - Kala Amb D/C line at Kala Amb end",3,Procurement/Supply,60,102,Substation,400kV,"Himachal Pradesh, Sirmour",630,EPC,24,420,01-01-2023,100,90,85,42,45,Approved,0,100,150,210,63,95,1,Complete,100,60,65,105,112,1,OnTime,,,,,,,,,,,,,,,,,,,,,,,,,,,,,
"NR System strengthening Scheme-NRSS-XXXI (Part-A) - 2x315 MVA, 400/220 kV GIS at Kala amb with 40% series compensation on 400 kV Karcham Wangtoo - Kala Amb D/C line at Kala Amb end",4,Site Preparation/Civil,90,117,Substation,400kV,"Himachal Pradesh, Sirmour",630,EPC,24,420,01-01-2023,100,90,85,42,45,Approved,0,100,150,210,63,95,1,Complete,100,60,65,105,112,1,OnTime,100,90,120,63,78,98,1,,,,,,,,,,,,,,,,,,,,,,
"NR System strengthening Scheme-NRSS-XXXI (Part-A) - 2x315 MVA, 400/220 kV GIS at Kala amb with 40% series compensation on 400 kV Karcham Wangtoo - Kala Amb D/C line at Kala Amb end",5,Erection/Construction,105,125,Substation,400kV,"Himachal Pradesh, Sirmour",630,EPC,24,420,01-01-2023,100,90,85,42,45,Approved,0,100,150,210,63,95,1,Complete,100,60,65,105,112,1,OnTime,100,90,120,63,78,98,1,100,120,135,84,92,95,1,,,,,,,,,,,,,,,
"NR System strengthening Scheme-NRSS-XXXI (Part-A) - 2x315 MVA, 400/220 kV GIS at Kala amb with 40% series compensation on 400 kV Karcham Wangtoo - Kala Amb D/C line at Kala Amb end",6,Stringing/Cabling,108,127,Substation,400kV,"Himachal Pradesh, Sirmour",630,EPC,24,420,01-01-2023,100,90,85,42,45,Approved,0,100,150,210,63,95,1,Complete,100,60,65,105,112,1,OnTime,100,90,120,63,78,98,1,100,120,135,84,92,95,1,100,75,78,42,44,98,Hilly,,,,,,,,
"NR System strengthening Scheme-NRSS-XXXI (Part-A) - 2x315 MVA, 400/220 kV GIS at Kala amb with 40% series compensation on 400 kV Karcham Wangtoo - Kala Amb D/C line at Kala Amb end",7,Testing & Commissioning,110,128,Substation,400kV,"Himachal Pradesh, Sirmour",630,EPC,24,420,01-01-2023,100,90,85,42,45,Approved,0,100,150,210,63,95,1,Complete,100,60,65,105,112,1,OnTime,100,90,120,63,78,98,1,100,120,135,84,92,95,1,100,75,78,42,44,98,Hilly,100,45,47,21,22,Successful,15-12-2024,
Northern Region System Strengthening Scheme(NRSS) - XXXI (Part-B) - Kurukshetra - Malerkotla 400 kV D/C line,1,Planning/Engineering,-2,0.7,Line,400kV,"Haryana, Kurukshetra",180,EPC,24,285,01-01-2024,100,90,88,28.5,29.2,Approved,0,,,,,,,,,,,,,,,,,,,,,,,,,,,,,,,,,,,,,,,,,,,
Northern Region System Strengthening Scheme(NRSS) - XXXI (Part-B) - Kurukshetra - Malerkotla 400 kV D/C line,2,Approvals & ROW,13,13.8,Line,400kV,"Haryana, Kurukshetra",180,EPC,24,285,01-01-2024,100,90,88,28.5,29.2,Approved,0,100,150,165,42.8,55.6,0,Complete,,,,,,,,,,,,,,,,,,,,,,,,,,,,,,,,,,,,
Northern Region System Strengthening Scheme(NRSS) - XXXI (Part-B) - Kurukshetra - Malerkotla 400 kV D/C line,3,Procurement/Supply,15,16.4,Line,400kV,"Haryana, Kurukshetra",180,EPC,24,285,01-01-2024,100,90,88,28.5,29.2,Approved,0,100,150,165,42.8,55.6,0,Complete,100,70,72,71.3,74.1,1,OnTime,,,,,,,,,,,,,,,,,,,,,,,,,,,,,
Northern Region System Strengthening Scheme(NRSS) - XXXI (Part-B) - Kurukshetra - Malerkotla 400 kV D/C line,4,Site Preparation/Civil,20,20.4,Line,400kV,"Haryana, Kurukshetra",180,EPC,24,285,01-01-2024,100,90,88,28.5,29.2,Approved,0,100,150,165,42.8,55.6,0,Complete,100,70,72,71.3,74.1,1,OnTime,100,90,95,42.8,46.2,98,1,,,,,,,,,,,,,,,,,,,,,,
Northern Region System Strengthening Scheme(NRSS) - XXXI (Part-B) - Kurukshetra - Malerkotla 400 kV D/C line,5,Erection/Construction,28,23.7,Line,400kV,"Haryana, Kurukshetra",180,EPC,24,285,01-01-2024,100,90,88,28.5,29.2,Approved,0,100,150,165,42.8,55.6,0,Complete,100,70,72,71.3,74.1,1,OnTime,100,90,95,42.8,46.2,98,1,100,120,128,57,60.3,96,1,,,,,,,,,,,,,,,
Northern Region System Strengthening Scheme(NRSS) - XXXI (Part-B) - Kurukshetra - Malerkotla 400 kV D/C line,6,Stringing/Cabling,30,25,Line,400kV,"Haryana, Kurukshetra",180,EPC,24,285,01-01-2024,100,90,88,28.5,29.2,Approved,0,100,150,165,42.8,55.6,0,Complete,100,70,72,71.3,74.1,1,OnTime,100,90,95,42.8,46.2,98,1,100,120,128,57,60.3,96,1,100,80,82,28.5,29.8,98,Flat,,,,,,,,
Northern Region System Strengthening Scheme(NRSS) - XXXI (Part-B) - Kurukshetra - Malerkotla 400 kV D/C line,7,Testing & Commissioning,31,25.9,Line,400kV,"Haryana, Kurukshetra",180,EPC,24,285,01-01-2024,100,90,88,28.5,29.2,Approved,0,100,150,165,42.8,55.6,0,Complete,100,70,72,71.3,74.1,1,OnTime,100,90,95,42.8,46.2,98,1,100,120,128,57,60.3,96,1,100,80,82,28.5,29.8,98,Flat,100,45,46,14.3,14.8,Successful,15-12-2025,
Part ATS for RAPP U-7&8 in Rajasthan - RAPP - Shujalpur 400kV D/C line,1,Planning/Engineering,-3,1.7,Line,400kV,"Rajasthan, Chittorgarh",245,EPC,28,285,01-01-2024,100,85,82,28.5,30.2,Approved,0,,,,,,,,,,,,,,,,,,,,,,,,,,,,,,,,,,,,,,,,,,,
Part ATS for RAPP U-7&8 in Rajasthan - RAPP - Shujalpur 400kV D/C line,2,Approvals & ROW,14,88.1,Line,400kV,"Rajasthan, Chittorgarh",245,EPC,28,285,01-01-2024,100,85,82,28.5,30.2,Approved,0,100,155,172,42.8,58.4,1,Complete,,,,,,,,,,,,,,,,,,,,,,,,,,,,,,,,,,,,
Part ATS for RAPP U-7&8 in Rajasthan - RAPP - Shujalpur 400kV D/C line,3,Procurement/Supply,16,94.9,Line,400kV,"Rajasthan, Chittorgarh",245,EPC,28,285,01-01-2024,100,85,82,28.5,30.2,Approved,0,100,155,172,42.8,58.4,1,Complete,100,68,70,71.3,76.8,1,OnTime,,,,,,,,,,,,,,,,,,,,,,,,,,,,,
Part ATS for RAPP U-7&8 in Rajasthan - RAPP - Shujalpur 400kV D/C line,4,Site Preparation/Civil,33,104.7,Line,400kV,"Rajasthan, Chittorgarh",245,EPC,28,285,01-01-2024,100,85,82,28.5,30.2,Approved,0,100,155,172,42.8,58.4,1,Complete,100,68,70,71.3,76.8,1,OnTime,100,95,112,42.8,52.6,96,1,,,,,,,,,,,,,,,,,,,,,,
Part ATS for RAPP U-7&8 in Rajasthan - RAPP - Shujalpur 400kV D/C line,5,Erection/Construction,46,109.9,Line,400kV,"Rajasthan, Chittorgarh",245,EPC,28,285,01-01-2024,100,85,82,28.5,30.2,Approved,0,100,155,172,42.8,58.4,1,Complete,100,68,70,71.3,76.8,1,OnTime,100,95,112,42.8,52.6,96,1,100,125,138,57,62.3,97,1,,,,,,,,,,,,,,,
Part ATS for RAPP U-7&8 in Rajasthan - RAPP - Shujalpur 400kV D/C line,6,Stringing/Cabling,47,110.5,Line,400kV,"Rajasthan, Chittorgarh",245,EPC,28,285,01-01-2024,100,85,82,28.5,30.2,Approved,0,100,155,172,42.8,58.4,1,Complete,100,68,70,71.3,76.8,1,OnTime,100,95,112,42.8,52.6,96,1,100,125,138,57,62.3,97,1,100,78,79,28.5,29.1,98,Flat,,,,,,,,
Part ATS for RAPP U-7&8 in Rajasthan - RAPP - Shujalpur 400kV D/C line,7,Testing & Commissioning,46,111,Line,400kV,"Rajasthan, Chittorgarh",245,EPC,28,285,01-01-2024,100,85,82,28.5,30.2,Approved,0,100,155,172,42.8,58.4,1,Complete,100,68,70,71.3,76.8,1,OnTime,100,95,112,42.8,52.6,96,1,100,125,138,57,62.3,97,1,100,78,79,28.5,29.1,98,Flat,100,42,41,14.3,14.8,Successful,11-10-2024,
Strengthening of Transmission System beyond Vemagiri - Srikakulam - Garividi 400 kV (Quad Moose) D/C Line,1,Planning/Engineering,-2,1.7,Line,400kV,"Andhra Pradesh, Srikakulam",245,EPC,24,285,01-01-2024,100,90,88,28.5,30.2,Approved,0,,,,,,,,,,,,,,,,,,,,,,,,,,,,,,,,,,,,,,,,,,,
Strengthening of Transmission System beyond Vemagiri - Srikakulam - Garividi 400 kV (Quad Moose) D/C Line,2,Approvals & ROW,33,45.6,Line,400kV,"Andhra Pradesh, Srikakulam",245,EPC,24,285,01-01-2024,100,90,88,28.5,30.2,Approved,0,100,150,185,42.8,62.1,1,Complete,,,,,,,,,,,,,,,,,,,,,,,,,,,,,,,,,,,,
Strengthening of Transmission System beyond Vemagiri - Srikakulam - Garividi 400 kV (Quad Moose) D/C Line,3,Procurement/Supply,35,52.9,Line,400kV,"Andhra Pradesh, Srikakulam",245,EPC,24,285,01-01-2024,100,90,88,28.5,30.2,Approved,0,100,150,185,42.8,62.1,1,Complete,100,70,72,71.3,76.8,1,OnTime,,,,,,,,,,,,,,,,,,,,,,,,,,,,,
Strengthening of Transmission System beyond Vemagiri - Srikakulam - Garividi 400 kV (Quad Moose) D/C Line,4,Site Preparation/Civil,60,70.1,Line,400kV,"Andhra Pradesh, Srikakulam",245,EPC,24,285,01-01-2024,100,90,88,28.5,30.2,Approved,0,100,150,185,42.8,62.1,1,Complete,100,70,72,71.3,76.8,1,OnTime,100,100,125,42.8,55.6,96,1,,,,,,,,,,,,,,,,,,,,,,
Strengthening of Transmission System beyond Vemagiri - Srikakulam - Garividi 400 kV (Quad Moose) D/C Line,5,Erection/Construction,75,76.8,Line,400kV,"Andhra Pradesh, Srikakulam",245,EPC,24,285,01-01-2024,100,90,88,28.5,30.2,Approved,0,100,150,185,42.8,62.1,1,Complete,100,70,72,71.3,76.8,1,OnTime,100,100,125,42.8,55.6,96,1,100,120,135,57,62.7,97,1,,,,,,,,,,,,,,,
Strengthening of Transmission System beyond Vemagiri - Srikakulam - Garividi 400 kV (Quad Moose) D/C Line,6,Stringing/Cabling,77,78.1,Line,400kV,"Andhra Pradesh, Srikakulam",245,EPC,24,285,01-01-2024,100,90,88,28.5,30.2,Approved,0,100,150,185,42.8,62.1,1,Complete,100,70,72,71.3,76.8,1,OnTime,100,100,125,42.8,55.6,96,1,100,120,135,57,62.7,97,1,100,80,82,28.5,29.8,98,Flat,,,,,,,,
Strengthening of Transmission System beyond Vemagiri - Srikakulam - Garividi 400 kV (Quad Moose) D/C Line,7,Testing & Commissioning,78,79,Line,400kV,"Andhra Pradesh, Srikakulam",245,EPC,24,285,01-01-2024,100,90,88,28.5,30.2,Approved,0,100,150,185,42.8,62.1,1,Complete,100,70,72,71.3,76.8,1,OnTime,100,100,125,42.8,55.6,96,1,100,120,135,57,62.7,97,1,100,80,82,28.5,29.8,98,Flat,100,45,46,14.3,15.1,Successful,17-10-2024,
Transmission System associated with Gadarwara STPS (2x800 MW) of NTPC (Part-A) - Dismantle the LILO and extend Line upto Jabalpur S/S,1,Planning/Engineering,-2,1.7,Line,765kV,"Madhya Pradesh, Narsinghpur",145,EPC,24,285,01-01-2023,100,90,88,28.5,30.2,Approved,0,,,,,,,,,,,,,,,,,,,,,,,,,,,,,,,,,,,,,,,,,,,
Transmission System associated with Gadarwara STPS (2x800 MW) of NTPC (Part-A) - Dismantle the LILO and extend Line upto Jabalpur S/S,2,Approvals & ROW,33,45.6,Line,765kV,"Madhya Pradesh, Narsinghpur",145,EPC,24,285,01-01-2023,100,90,88,28.5,30.2,Approved,0,100,150,185,42.8,62.1,1,Complete,,,,,,,,,,,,,,,,,,,,,,,,,,,,,,,,,,,,
Transmission System associated with Gadarwara STPS (2x800 MW) of NTPC (Part-A) - Dismantle the LILO and extend Line upto Jabalpur S/S,3,Procurement/Supply,40,52.5,Line,765kV,"Madhya Pradesh, Narsinghpur",145,EPC,24,285,01-01-2023,100,90,88,28.5,30.2,Approved,0,100,150,185,42.8,62.1,1,Complete,100,75,82,71.3,78.4,1,Delayed,,,,,,,,,,,,,,,,,,,,,,,,,,,,,
Transmission System associated with Gadarwara STPS (2x800 MW) of NTPC (Part-A) - Dismantle the LILO and extend Line upto Jabalpur S/S,4,Site Preparation/Civil,65,70.7,Line,765kV,"Madhya Pradesh, Narsinghpur",145,EPC,24,285,01-01-2023,100,90,88,28.5,30.2,Approved,0,100,150,185,42.8,62.1,1,Complete,100,75,82,71.3,78.4,1,Delayed,100,100,125,42.8,55.6,96,1,,,,,,,,,,,,,,,,,,,,,,
Transmission System associated with Gadarwara STPS (2x800 MW) of NTPC (Part-A) - Dismantle the LILO and extend Line upto Jabalpur S/S,5,Erection/Construction,83,78.4,Line,765kV,"Madhya Pradesh, Narsinghpur",145,EPC,24,285,01-01-2023,100,90,88,28.5,30.2,Approved,0,100,150,185,42.8,62.1,1,Complete,100,75,82,71.3,78.4,1,Delayed,100,100,125,42.8,55.6,96,1,100,120,138,57,64.7,97,1,,,,,,,,,,,,,,,
Transmission System associated with Gadarwara STPS (2x800 MW) of NTPC (Part-A) - Dismantle the LILO and extend Line upto Jabalpur S/S,6,Stringing/Cabling,88,81.3,Line,765kV,"Madhya Pradesh, Narsinghpur",145,EPC,24,285,01-01-2023,100,90,88,28.5,30.2,Approved,0,100,150,185,42.8,62.1,1,Complete,100,75,82,71.3,78.4,1,Delayed,100,100,125,42.8,55.6,96,1,100,120,138,57,64.7,97,1,100,80,85,28.5,31.2,98,Flat,,,,,,,,
Transmission System associated with Gadarwara STPS (2x800 MW) of NTPC (Part-A) - Dismantle the LILO and extend Line upto Jabalpur S/S,7,Testing & Commissioning,91,83,Line,765kV,"Madhya Pradesh, Narsinghpur",145,EPC,24,285,01-01-2023,100,90,88,28.5,30.2,Approved,0,100,150,185,42.8,62.1,1,Complete,100,75,82,71.3,78.4,1,Delayed,100,100,125,42.8,55.6,96,1,100,120,138,57,64.7,97,1,100,80,85,28.5,31.2,98,Flat,100,45,48,14.3,15.9,Successful,15-12-2024,
Transmission System associated with Gadarwara STPS (2x800 MW) of NTPC (Part-A) - Gadarwara STPS- Warora P.S. (New) 765kV D/C line,1,Planning/Engineering,-5,3,Line,765kV,"Maharashtra, Chandrapur",320,EPC,30,420,01-01-2024,100,90,85,42,45,Approved,0,,,,,,,,,,,,,,,,,,,,,,,,,,,,,,,,,,,,,,,,,,,
Transmission System associated with Gadarwara STPS (2x800 MW) of NTPC (Part-A) - Gadarwara STPS- Warora P.S. (New) 765kV D/C line,2,Approvals & ROW,40,96,Line,765kV,"Maharashtra, Chandrapur",320,EPC,30,420,01-01-2024,100,90,85,42,45,Approved,0,100,150,195,63,95,1,Complete,,,,,,,,,,,,,,,,,,,,,,,,,,,,,,,,,,,,
Transmission System associated with Gadarwara STPS (2x800 MW) of NTPC (Part-A) - Gadarwara STPS- Warora P.S. (New) 765kV D/C line,3,Procurement/Supply,48,109,Line,765kV,"Maharashtra, Chandrapur",320,EPC,30,420,01-01-2024,100,90,85,42,45,Approved,0,100,150,195,63,95,1,Complete,100,70,78,105,118,1,Delayed,,,,,,,,,,,,,,,,,,,,,,,,,,,,,
Transmission System associated with Gadarwara STPS (2x800 MW) of NTPC (Part-A) - Gadarwara STPS- Warora P.S. (New) 765kV D/C line,4,Site Preparation/Civil,83,131,Line,765kV,"Maharashtra, Chandrapur",320,EPC,30,420,01-01-2024,100,90,85,42,45,Approved,0,100,150,195,63,95,1,Complete,100,70,78,105,118,1,Delayed,100,100,135,63,85,96,1,,,,,,,,,,,,,,,,,,,,,,
Transmission System associated with Gadarwara STPS (2x800 MW) of NTPC (Part-A) - Gadarwara STPS- Warora P.S. (New) 765kV D/C line,5,Erection/Construction,105,145,Line,765kV,"Maharashtra, Chandrapur",320,EPC,30,420,01-01-2024,100,90,85,42,45,Approved,0,100,150,195,63,95,1,Complete,100,70,78,105,118,1,Delayed,100,100,135,63,85,96,1,100,120,142,84,98,97,1,,,,,,,,,,,,,,,
Transmission System associated with Gadarwara STPS (2x800 MW) of NTPC (Part-A) - Gadarwara STPS- Warora P.S. (New) 765kV D/C line,6,Stringing/Cabling,113,151,Line,765kV,"Maharashtra, Chandrapur",320,EPC,30,420,01-01-2024,100,90,85,42,45,Approved,0,100,150,195,63,95,1,Complete,100,70,78,105,118,1,Delayed,100,100,135,63,85,96,1,100,120,142,84,98,97,1,100,80,88,42,48,98,Forest,,,,,,,,
Transmission System associated with Gadarwara STPS (2x800 MW) of NTPC (Part-A) - Gadarwara STPS- Warora P.S. (New) 765kV D/C line,7,Testing & Commissioning,118,153,Line,765kV,"Maharashtra, Chandrapur",320,EPC,30,420,01-01-2024,100,90,85,42,45,Approved,0,100,150,195,63,95,1,Complete,100,70,78,105,118,1,Delayed,100,100,135,63,85,96,1,100,120,142,84,98,97,1,100,80,88,42,48,98,Forest,100,45,50,21,23,Successful,15-07-2025,
Transmission System associated with Gadarwara STPS (2x800 MW) of NTPC (Part-B) - Parli (New) - Parli (PG) 400 kV D/C (Q) line,1,Planning/Engineering,-2,1.7,Line,400kV,"Maharashtra, Beed",85,EPC,24,285,01-01-2024,100,90,88,28.5,30.2,Approved,0,,,,,,,,,,,,,,,,,,,,,,,,,,,,,,,,,,,,,,,,,,,
Transmission System associated with Gadarwara STPS (2x800 MW) of NTPC (Part-B) - Parli (New) - Parli (PG) 400 kV D/C (Q) line,2,Approvals & ROW,13,66.8,Line,400kV,"Maharashtra, Beed",85,EPC,24,285,01-01-2024,100,90,88,28.5,30.2,Approved,0,100,150,165,42.8,55.6,1,Complete,,,,,,,,,,,,,,,,,,,,,,,,,,,,,,,,,,,,
Transmission System associated with Gadarwara STPS (2x800 MW) of NTPC (Part-B) - Parli (New) - Parli (PG) 400 kV D/C (Q) line,3,Procurement/Supply,15,71.8,Line,400kV,"Maharashtra, Beed",85,EPC,24,285,01-01-2024,100,90,88,28.5,30.2,Approved,0,100,150,165,42.8,55.6,1,Complete,100,60,62,71.3,76.5,1,OnTime,,,,,,,,,,,,,,,,,,,,,,,,,,,,,
Transmission System associated with Gadarwara STPS (2x800 MW) of NTPC (Part-B) - Parli (New) - Parli (PG) 400 kV D/C (Q) line,4,Site Preparation/Civil,30,80.4,Line,400kV,"Maharashtra, Beed",85,EPC,24,285,01-01-2024,100,90,88,28.5,30.2,Approved,0,100,150,165,42.8,55.6,1,Complete,100,60,62,71.3,76.5,1,OnTime,100,90,105,42.8,51.4,96,1,,,,,,,,,,,,,,,,,,,,,,
Transmission System associated with Gadarwara STPS (2x800 MW) of NTPC (Part-B) - Parli (New) - Parli (PG) 400 kV D/C (Q) line,5,Erection/Construction,38,86.1,Line,400kV,"Maharashtra, Beed",85,EPC,24,285,01-01-2024,100,90,88,28.5,30.2,Approved,0,100,150,165,42.8,55.6,1,Complete,100,60,62,71.3,76.5,1,OnTime,100,90,105,42.8,51.4,96,1,100,120,128,57,62.7,97,1,,,,,,,,,,,,,,,
Transmission System associated with Gadarwara STPS (2x800 MW) of NTPC (Part-B) - Parli (New) - Parli (PG) 400 kV D/C (Q) line,6,Stringing/Cabling,39,87.4,Line,400kV,"Maharashtra, Beed",85,EPC,24,285,01-01-2024,100,90,88,28.5,30.2,Approved,0,100,150,165,42.8,55.6,1,Complete,100,60,62,71.3,76.5,1,OnTime,100,90,105,42.8,51.4,96,1,100,120,128,57,62.7,97,1,100,75,76,28.5,29.8,98,Flat,,,,,,,,
Transmission System associated with Gadarwara STPS (2x800 MW) of NTPC (Part-B) - Parli (New) - Parli (PG) 400 kV D/C (Q) line,7,Testing & Commissioning,40,88.2,Line,400kV,"Maharashtra, Beed",85,EPC,24,285,01-01-2024,100,90,88,28.5,30.2,Approved,0,100,150,165,42.8,55.6,1,Complete,100,60,62,71.3,76.5,1,OnTime,100,90,105,42.8,51.4,96,1,100,120,128,57,62.7,97,1,100,75,76,28.5,29.8,98,Flat,100,45,46,14.3,15.1,Successful,15-12-2024,
Transmission system associated with IPPs of Nagapattinam / Cuddalore Area- Package A - Nagapattinam Pooling Station-Salem 765 kV D/C line,1,Planning/Engineering,-2,0.7,Line,765kV,"Tamil Nadu, Nagapattinam",285,TBCB,28,285,01-01-2023,100,90,88,28.5,29.2,Approved,0,,,,,,,,,,,,,,,,,,,,,,,,,,,,,,,,,,,,,,,,,,,
Transmission system associated with IPPs of Nagapattinam / Cuddalore Area- Package A - Nagapattinam Pooling Station-Salem 765 kV D/C line,2,Approvals & ROW,13,11.5,Line,765kV,"Tamil Nadu, Nagapattinam",285,TBCB,28,285,01-01-2023,100,90,88,28.5,29.2,Approved,0,100,150,165,42.75,52.3,1,Complete,,,,,,,,,,,,,,,,,,,,,,,,,,,,,,,,,,,,
Transmission system associated with IPPs of Nagapattinam / Cuddalore Area- Package A - Nagapattinam Pooling Station-Salem 765 kV D/C line,3,Procurement/Supply,15,14,Line,765kV,"Tamil Nadu, Nagapattinam",285,TBCB,28,285,01-01-2023,100,90,88,28.5,29.2,Approved,0,100,150,165,42.75,52.3,1,Complete,100,70,72,71.25,73.8,1,Delayed,,,,,,,,,,,,,,,,,,,,,,,,,,,,,
Transmission system associated with IPPs of Nagapattinam / Cuddalore Area- Package A - Nagapattinam Pooling Station-Salem 765 kV D/C line,4,Site Preparation/Civil,30,22.5,Line,765kV,"Tamil Nadu, Nagapattinam",285,TBCB,28,285,01-01-2023,100,90,88,28.5,29.2,Approved,0,100,150,165,42.75,52.3,1,Complete,100,70,72,71.25,73.8,1,Delayed,100,90,105,42.75,50.2,96,1,,,,,,,,,,,,,,,,,,,,,,
Transmission system associated with IPPs of Nagapattinam / Cuddalore Area- Package A - Nagapattinam Pooling Station-Salem 765 kV D/C line,5,Erection/Construction,42,25.6,Line,765kV,"Tamil Nadu, Nagapattinam",285,TBCB,28,285,01-01-2023,100,90,88,28.5,29.2,Approved,0,100,150,165,42.75,52.3,1,Complete,100,70,72,71.25,73.8,1,Delayed,100,90,105,42.75,50.2,96,1,100,120,132,57,60.1,94,1,,,,,,,,,,,,,,,
Transmission system associated with IPPs of Nagapattinam / Cuddalore Area- Package A - Nagapattinam Pooling Station-Salem 765 kV D/C line,6,Stringing/Cabling,44,26.6,Line,765kV,"Tamil Nadu, Nagapattinam",285,TBCB,28,285,01-01-2023,100,90,88,28.5,29.2,Approved,0,100,150,165,42.75,52.3,1,Complete,100,70,72,71.25,73.8,1,Delayed,100,90,105,42.75,50.2,96,1,100,120,132,57,60.1,94,1,100,80,82,28.5,29.5,97,Flat,,,,,,,,
Transmission system associated with IPPs of Nagapattinam / Cuddalore Area- Package A - Nagapattinam Pooling Station-Salem 765 kV D/C line,7,Testing & Commissioning,45,27.1,Line,765kV,"Tamil Nadu, Nagapattinam",285,TBCB,28,285,01-01-2023,100,90,88,28.5,29.2,Approved,0,100,150,165,42.75,52.3,1,Complete,100,70,72,71.25,73.8,1,Delayed,100,90,105,42.75,50.2,96,1,100,120,132,57,60.1,94,1,100,80,82,28.5,29.5,97,Flat,100,45,46,14.25,14.8,Successful,15-12-2023,
